_model	model.x	model.y	LEMMAPATH	LEMMAREL	foc_boundaries	foc_context_words	foc_foc_pos	foc_foc_win	foc_minimum_features	foc_ppmi	soc_length	soc_length_num	soc_soc_pos	soc_soc_win	tokens	type	stress	foc_base	base
haten.BOWbound10lex.PPMIweight.LENGTH5000.SOCPOSnav	-1.3240698740968586	0.08728342341048716	NA	NA	bound	310	lex	10_10	1	weight	5000	5000	nav	4_4	210	haten	NA	NA	BOW
haten.BOWbound10lex.PPMIweight.LENGTH5000.SOCPOSall	-1.3186096001895438	-0.778460324163909	NA	NA	bound	310	lex	10_10	1	weight	5000	5000	all	4_4	210	haten	NA	NA	BOW
haten.BOWbound10lex.PPMIweight.LENGTHFOC.SOCPOSnav	-1.2724057270391316	0.6655614434878342	NA	NA	bound	310	lex	10_10	1	weight	FOC	234	nav	4_4	210	haten	NA	NA	BOW
haten.BOWbound10lex.PPMIweight.LENGTHFOC.SOCPOSall	-1.2414776048825311	0.614818710167118	NA	NA	bound	310	lex	10_10	1	weight	FOC	310	all	4_4	210	haten	NA	NA	BOW
haten.BOWbound10lex.PPMIselection.LENGTH5000.SOCPOSnav	-1.4325895574479028	-0.08017042584156675	NA	NA	bound	310	lex	10_10	1	selection	5000	5000	nav	4_4	210	haten	NA	NA	BOW
haten.BOWbound10lex.PPMIselection.LENGTH5000.SOCPOSall	-1.4121529377340318	-0.8165790317846903	NA	NA	bound	310	lex	10_10	1	selection	5000	5000	all	4_4	210	haten	NA	NA	BOW
haten.BOWbound10lex.PPMIselection.LENGTHFOC.SOCPOSnav	-1.2986442437292585	0.45291507244747775	NA	NA	bound	310	lex	10_10	1	selection	FOC	234	nav	4_4	210	haten	NA	NA	BOW
haten.BOWbound10lex.PPMIselection.LENGTHFOC.SOCPOSall	-1.2933135035936965	0.42025455398760064	NA	NA	bound	310	lex	10_10	1	selection	FOC	310	all	4_4	210	haten	NA	NA	BOW
haten.BOWbound10lex.PPMIno.LENGTH5000.SOCPOSnav	-1.5318377043127738	-0.05744646212963746	NA	NA	bound	600	lex	10_10	1	no	5000	5000	nav	4_4	216	haten	NA	NA	BOW
haten.BOWbound10lex.PPMIno.LENGTH5000.SOCPOSall	-1.5163760035193412	-1.0901114129485778	NA	NA	bound	600	lex	10_10	1	no	5000	5000	all	4_4	216	haten	NA	NA	BOW
haten.BOWbound10lex.PPMIno.LENGTHFOC.SOCPOSnav	-1.2151465367110836	0.7413532954129609	NA	NA	bound	600	lex	10_10	1	no	FOC	458	nav	4_4	216	haten	NA	NA	BOW
haten.BOWbound10lex.PPMIno.LENGTHFOC.SOCPOSall	-1.1922367192198917	0.7564833600505326	NA	NA	bound	600	lex	10_10	1	no	FOC	600	all	4_4	216	haten	NA	NA	BOW
haten.BOWbound10all.PPMIweight.LENGTH5000.SOCPOSnav	0.6919699450944813	0.620149700877897	NA	NA	bound	451	all	10_10	1	weight	5000	5000	nav	4_4	228	haten	NA	NA	BOW
haten.BOWbound10all.PPMIweight.LENGTH5000.SOCPOSall	0.21189739569878563	-0.8693088009081752	NA	NA	bound	451	all	10_10	1	weight	5000	5000	all	4_4	228	haten	NA	NA	BOW
haten.BOWbound10all.PPMIweight.LENGTHFOC.SOCPOSnav	0.6380667877115739	0.8764379772428765	NA	NA	bound	451	all	10_10	1	weight	FOC	234	nav	4_4	228	haten	NA	NA	BOW
haten.BOWbound10all.PPMIweight.LENGTHFOC.SOCPOSall	0.6967956494047352	0.8193950716133492	NA	NA	bound	451	all	10_10	1	weight	FOC	451	all	4_4	228	haten	NA	NA	BOW
haten.BOWbound10all.PPMIselection.LENGTH5000.SOCPOSnav	0.25618164959606987	-0.2625211889624299	NA	NA	bound	451	all	10_10	1	selection	5000	5000	nav	4_4	228	haten	NA	NA	BOW
haten.BOWbound10all.PPMIselection.LENGTH5000.SOCPOSall	-0.33583279013700973	-1.4176846302493546	NA	NA	bound	451	all	10_10	1	selection	5000	5000	all	4_4	228	haten	NA	NA	BOW
haten.BOWbound10all.PPMIselection.LENGTHFOC.SOCPOSnav	0.2877364637411504	0.6221518862680003	NA	NA	bound	451	all	10_10	1	selection	FOC	234	nav	4_4	228	haten	NA	NA	BOW
haten.BOWbound10all.PPMIselection.LENGTHFOC.SOCPOSall	0.33287579236121917	0.566453202556852	NA	NA	bound	451	all	10_10	1	selection	FOC	451	all	4_4	228	haten	NA	NA	BOW
haten.BOWbound10all.PPMIno.LENGTH5000.SOCPOSnav	-0.04960687108114328	-1.0473708302858298	NA	NA	bound	841	all	10_10	1	no	5000	5000	nav	4_4	229	haten	NA	NA	BOW
haten.BOWbound10all.PPMIno.LENGTH5000.SOCPOSall	-0.6881662893159783	-2.102417812381627	NA	NA	bound	841	all	10_10	1	no	5000	5000	all	4_4	229	haten	NA	NA	BOW
haten.BOWbound10all.PPMIno.LENGTHFOC.SOCPOSnav	0.02573399642431553	1.0223190716855353	NA	NA	bound	841	all	10_10	1	no	FOC	458	nav	4_4	229	haten	NA	NA	BOW
haten.BOWbound10all.PPMIno.LENGTHFOC.SOCPOSall	0.046651618328495625	0.9902425635204799	NA	NA	bound	841	all	10_10	1	no	FOC	841	all	4_4	229	haten	NA	NA	BOW
haten.BOWbound5lex.PPMIweight.LENGTH5000.SOCPOSnav	-0.8285864592520181	0.010727861614675904	NA	NA	bound	245	lex	5_5	1	weight	5000	5000	nav	4_4	197	haten	NA	NA	BOW
haten.BOWbound5lex.PPMIweight.LENGTH5000.SOCPOSall	-0.8344235321883088	-0.6866128969139426	NA	NA	bound	245	lex	5_5	1	weight	5000	5000	all	4_4	197	haten	NA	NA	BOW
haten.BOWbound5lex.PPMIweight.LENGTHFOC.SOCPOSnav	-0.834014234217675	0.5159550139614547	NA	NA	bound	245	lex	5_5	1	weight	FOC	180	nav	4_4	197	haten	NA	NA	BOW
haten.BOWbound5lex.PPMIweight.LENGTHFOC.SOCPOSall	-0.7997034223896271	0.44846943375659504	NA	NA	bound	245	lex	5_5	1	weight	FOC	245	all	4_4	197	haten	NA	NA	BOW
haten.BOWbound5lex.PPMIselection.LENGTH5000.SOCPOSnav	-0.9138556144787606	-0.10235314980582307	NA	NA	bound	245	lex	5_5	1	selection	5000	5000	nav	4_4	197	haten	NA	NA	BOW
haten.BOWbound5lex.PPMIselection.LENGTH5000.SOCPOSall	-0.9161479284268383	-0.6906484847846259	NA	NA	bound	245	lex	5_5	1	selection	5000	5000	all	4_4	197	haten	NA	NA	BOW
haten.BOWbound5lex.PPMIselection.LENGTHFOC.SOCPOSnav	-0.8342373174039501	0.3484658471552186	NA	NA	bound	245	lex	5_5	1	selection	FOC	180	nav	4_4	197	haten	NA	NA	BOW
haten.BOWbound5lex.PPMIselection.LENGTHFOC.SOCPOSall	-0.8194641417012873	0.29503043218008906	NA	NA	bound	245	lex	5_5	1	selection	FOC	245	all	4_4	197	haten	NA	NA	BOW
haten.BOWbound5lex.PPMIno.LENGTH5000.SOCPOSnav	-1.2164679977530148	-0.09167485501621715	NA	NA	bound	374	lex	5_5	1	no	5000	5000	nav	4_4	211	haten	NA	NA	BOW
haten.BOWbound5lex.PPMIno.LENGTH5000.SOCPOSall	-1.1896524819464855	-0.8609167016466195	NA	NA	bound	374	lex	5_5	1	no	5000	5000	all	4_4	211	haten	NA	NA	BOW
haten.BOWbound5lex.PPMIno.LENGTHFOC.SOCPOSnav	-1.0285133263560047	0.44964402342926857	NA	NA	bound	374	lex	5_5	1	no	FOC	282	nav	4_4	211	haten	NA	NA	BOW
haten.BOWbound5lex.PPMIno.LENGTHFOC.SOCPOSall	-1.022373383667337	0.419910901557608	NA	NA	bound	374	lex	5_5	1	no	FOC	374	all	4_4	211	haten	NA	NA	BOW
haten.BOWbound5all.PPMIweight.LENGTH5000.SOCPOSnav	0.8836587570233416	0.48624864734602	NA	NA	bound	368	all	5_5	1	weight	5000	5000	nav	4_4	228	haten	NA	NA	BOW
haten.BOWbound5all.PPMIweight.LENGTH5000.SOCPOSall	0.4510940707557548	-0.7356401553245986	NA	NA	bound	368	all	5_5	1	weight	5000	5000	all	4_4	228	haten	NA	NA	BOW
haten.BOWbound5all.PPMIweight.LENGTHFOC.SOCPOSnav	0.7856442740238965	0.8175876077601831	NA	NA	bound	368	all	5_5	1	weight	FOC	180	nav	4_4	228	haten	NA	NA	BOW
haten.BOWbound5all.PPMIweight.LENGTHFOC.SOCPOSall	0.8408629850996177	0.7419467409007995	NA	NA	bound	368	all	5_5	1	weight	FOC	368	all	4_4	228	haten	NA	NA	BOW
haten.BOWbound5all.PPMIselection.LENGTH5000.SOCPOSnav	0.49380482371231016	-0.20889024123181968	NA	NA	bound	368	all	5_5	1	selection	5000	5000	nav	4_4	228	haten	NA	NA	BOW
haten.BOWbound5all.PPMIselection.LENGTH5000.SOCPOSall	-0.009850967288144965	-1.2243820542099286	NA	NA	bound	368	all	5_5	1	selection	5000	5000	all	4_4	228	haten	NA	NA	BOW
haten.BOWbound5all.PPMIselection.LENGTHFOC.SOCPOSnav	0.48892584349929297	0.40033713301597973	NA	NA	bound	368	all	5_5	1	selection	FOC	180	nav	4_4	228	haten	NA	NA	BOW
haten.BOWbound5all.PPMIselection.LENGTHFOC.SOCPOSall	0.5155006007261814	0.32858621346848155	NA	NA	bound	368	all	5_5	1	selection	FOC	368	all	4_4	228	haten	NA	NA	BOW
haten.BOWbound5all.PPMIno.LENGTH5000.SOCPOSnav	0.4051180983945383	-0.46731136173082155	NA	NA	bound	548	all	5_5	1	no	5000	5000	nav	4_4	229	haten	NA	NA	BOW
haten.BOWbound5all.PPMIno.LENGTH5000.SOCPOSall	-0.21026441788422967	-1.6631859326178944	NA	NA	bound	548	all	5_5	1	no	5000	5000	all	4_4	229	haten	NA	NA	BOW
haten.BOWbound5all.PPMIno.LENGTHFOC.SOCPOSnav	0.39810200314675487	0.3775293218935386	NA	NA	bound	548	all	5_5	1	no	FOC	282	nav	4_4	229	haten	NA	NA	BOW
haten.BOWbound5all.PPMIno.LENGTHFOC.SOCPOSall	0.4190639509167411	0.2856815532056619	NA	NA	bound	548	all	5_5	1	no	FOC	548	all	4_4	229	haten	NA	NA	BOW
haten.BOWbound3lex.PPMIweight.LENGTH5000.SOCPOSnav	-0.4854112893950816	-0.0823399859493504	NA	NA	bound	188	lex	3_3	1	weight	5000	5000	nav	4_4	172	haten	NA	NA	BOW
haten.BOWbound3lex.PPMIweight.LENGTH5000.SOCPOSall	-0.42797033586847405	-0.5658265357203918	NA	NA	bound	188	lex	3_3	1	weight	5000	5000	all	4_4	172	haten	NA	NA	BOW
haten.BOWbound3lex.PPMIweight.LENGTHFOC.SOCPOSnav	-0.44253045977594707	0.1606807799325186	NA	NA	bound	188	lex	3_3	1	weight	FOC	142	nav	4_4	172	haten	NA	NA	BOW
haten.BOWbound3lex.PPMIweight.LENGTHFOC.SOCPOSall	-0.4265166162483503	0.13821687315654266	NA	NA	bound	188	lex	3_3	1	weight	FOC	188	all	4_4	172	haten	NA	NA	BOW
haten.BOWbound3lex.PPMIselection.LENGTH5000.SOCPOSnav	-0.559333020839386	-0.12974644787456188	NA	NA	bound	188	lex	3_3	1	selection	5000	5000	nav	4_4	172	haten	NA	NA	BOW
haten.BOWbound3lex.PPMIselection.LENGTH5000.SOCPOSall	-0.5180047942635628	-0.553734673365393	NA	NA	bound	188	lex	3_3	1	selection	5000	5000	all	4_4	172	haten	NA	NA	BOW
haten.BOWbound3lex.PPMIselection.LENGTHFOC.SOCPOSnav	-0.47932173751136903	0.11279601963452314	NA	NA	bound	188	lex	3_3	1	selection	FOC	142	nav	4_4	172	haten	NA	NA	BOW
haten.BOWbound3lex.PPMIselection.LENGTHFOC.SOCPOSall	-0.4608836419898282	0.08833216142203137	NA	NA	bound	188	lex	3_3	1	selection	FOC	188	all	4_4	172	haten	NA	NA	BOW
haten.BOWbound3lex.PPMIno.LENGTH5000.SOCPOSnav	-1.039693705076048	-0.16201075772727078	NA	NA	bound	254	lex	3_3	1	no	5000	5000	nav	4_4	196	haten	NA	NA	BOW
haten.BOWbound3lex.PPMIno.LENGTH5000.SOCPOSall	-0.9591202894473567	-0.8375203738046619	NA	NA	bound	254	lex	3_3	1	no	5000	5000	all	4_4	196	haten	NA	NA	BOW
haten.BOWbound3lex.PPMIno.LENGTHFOC.SOCPOSnav	-0.8800839824505046	0.24725567807366913	NA	NA	bound	254	lex	3_3	1	no	FOC	195	nav	4_4	196	haten	NA	NA	BOW
haten.BOWbound3lex.PPMIno.LENGTHFOC.SOCPOSall	-0.8522483518830438	0.2278226855048657	NA	NA	bound	254	lex	3_3	1	no	FOC	254	all	4_4	196	haten	NA	NA	BOW
haten.BOWbound3all.PPMIweight.LENGTH5000.SOCPOSnav	1.505334584331402	0.17810740671911326	NA	NA	bound	288	all	3_3	1	weight	5000	5000	nav	4_4	227	haten	NA	NA	BOW
haten.BOWbound3all.PPMIweight.LENGTH5000.SOCPOSall	1.2565049948341456	-0.707500474004367	NA	NA	bound	288	all	3_3	1	weight	5000	5000	all	4_4	227	haten	NA	NA	BOW
haten.BOWbound3all.PPMIweight.LENGTHFOC.SOCPOSnav	1.217933724014977	0.7703362073949479	NA	NA	bound	288	all	3_3	1	weight	FOC	142	nav	4_4	227	haten	NA	NA	BOW
haten.BOWbound3all.PPMIweight.LENGTHFOC.SOCPOSall	1.2893139587576568	0.6851529055906787	NA	NA	bound	288	all	3_3	1	weight	FOC	288	all	4_4	227	haten	NA	NA	BOW
haten.BOWbound3all.PPMIselection.LENGTH5000.SOCPOSnav	0.9885802091764361	-0.284458702021437	NA	NA	bound	288	all	3_3	1	selection	5000	5000	nav	4_4	227	haten	NA	NA	BOW
haten.BOWbound3all.PPMIselection.LENGTH5000.SOCPOSall	0.5562804015059106	-1.207790183548646	NA	NA	bound	288	all	3_3	1	selection	5000	5000	all	4_4	227	haten	NA	NA	BOW
haten.BOWbound3all.PPMIselection.LENGTHFOC.SOCPOSnav	0.9204956693434789	0.2891699930421507	NA	NA	bound	288	all	3_3	1	selection	FOC	142	nav	4_4	227	haten	NA	NA	BOW
haten.BOWbound3all.PPMIselection.LENGTHFOC.SOCPOSall	0.946853742752157	0.22840628379004796	NA	NA	bound	288	all	3_3	1	selection	FOC	288	all	4_4	227	haten	NA	NA	BOW
haten.BOWbound3all.PPMIno.LENGTH5000.SOCPOSnav	0.8539380909050095	-0.42900308496239314	NA	NA	bound	384	all	3_3	1	no	5000	5000	nav	4_4	229	haten	NA	NA	BOW
haten.BOWbound3all.PPMIno.LENGTH5000.SOCPOSall	0.3632544543662899	-1.5899902207093795	NA	NA	bound	384	all	3_3	1	no	5000	5000	all	4_4	229	haten	NA	NA	BOW
haten.BOWbound3all.PPMIno.LENGTHFOC.SOCPOSnav	0.8443274665141273	0.2871889758132858	NA	NA	bound	384	all	3_3	1	no	FOC	195	nav	4_4	229	haten	NA	NA	BOW
haten.BOWbound3all.PPMIno.LENGTHFOC.SOCPOSall	0.8657027504580627	0.1983263762466181	NA	NA	bound	384	all	3_3	1	no	FOC	384	all	4_4	229	haten	NA	NA	BOW
haten.BOWnobound10lex.PPMIweight.LENGTH5000.SOCPOSnav	-2.027985426648893	0.5230380444544842	NA	NA	nobound	435	lex	10_10	1	weight	5000	5000	nav	4_4	225	haten	NA	NA	BOW
haten.BOWnobound10lex.PPMIweight.LENGTH5000.SOCPOSall	-2.1508911597380487	-0.5257964234068727	NA	NA	nobound	435	lex	10_10	1	weight	5000	5000	all	4_4	225	haten	NA	NA	BOW
haten.BOWnobound10lex.PPMIweight.LENGTHFOC.SOCPOSnav	-1.8574729660111968	1.084073668507083	NA	NA	nobound	435	lex	10_10	1	weight	FOC	325	nav	4_4	225	haten	NA	NA	BOW
haten.BOWnobound10lex.PPMIweight.LENGTHFOC.SOCPOSall	-1.8223627340303326	1.0710335751612028	NA	NA	nobound	435	lex	10_10	1	weight	FOC	435	all	4_4	225	haten	NA	NA	BOW
haten.BOWnobound10lex.PPMIselection.LENGTH5000.SOCPOSnav	-2.0806597037032466	0.4156981050928893	NA	NA	nobound	435	lex	10_10	1	selection	5000	5000	nav	4_4	225	haten	NA	NA	BOW
haten.BOWnobound10lex.PPMIselection.LENGTH5000.SOCPOSall	-2.231869371828699	-0.5090656780847389	NA	NA	nobound	435	lex	10_10	1	selection	5000	5000	all	4_4	225	haten	NA	NA	BOW
haten.BOWnobound10lex.PPMIselection.LENGTHFOC.SOCPOSnav	-1.878956901070262	0.9590077789723622	NA	NA	nobound	435	lex	10_10	1	selection	FOC	325	nav	4_4	225	haten	NA	NA	BOW
haten.BOWnobound10lex.PPMIselection.LENGTHFOC.SOCPOSall	-1.8495706626110968	0.9404068276998696	NA	NA	nobound	435	lex	10_10	1	selection	FOC	435	all	4_4	225	haten	NA	NA	BOW
haten.BOWnobound10lex.PPMIno.LENGTH5000.SOCPOSnav	-2.142869293445573	0.8222422957572515	NA	NA	nobound	950	lex	10_10	1	no	5000	5000	nav	4_4	228	haten	NA	NA	BOW
haten.BOWnobound10lex.PPMIno.LENGTH5000.SOCPOSall	-2.458118239680083	-0.7043651722142666	NA	NA	nobound	950	lex	10_10	1	no	5000	5000	all	4_4	228	haten	NA	NA	BOW
haten.BOWnobound10lex.PPMIno.LENGTHFOC.SOCPOSnav	-1.7650939798062029	1.3391416327863979	NA	NA	nobound	950	lex	10_10	1	no	FOC	717	nav	4_4	228	haten	NA	NA	BOW
haten.BOWnobound10lex.PPMIno.LENGTHFOC.SOCPOSall	-1.7072094714937143	1.3715137383329168	NA	NA	nobound	950	lex	10_10	1	no	FOC	950	all	4_4	228	haten	NA	NA	BOW
haten.BOWnobound10all.PPMIweight.LENGTH5000.SOCPOSnav	0.5192659364937169	1.2074175500306168	NA	NA	nobound	618	all	10_10	1	weight	5000	5000	nav	4_4	229	haten	NA	NA	BOW
haten.BOWnobound10all.PPMIweight.LENGTH5000.SOCPOSall	-0.48808192048368954	-1.1526288675325833	NA	NA	nobound	618	all	10_10	1	weight	5000	5000	all	4_4	229	haten	NA	NA	BOW
haten.BOWnobound10all.PPMIweight.LENGTHFOC.SOCPOSnav	0.4066809194040078	1.38246409464098	NA	NA	nobound	618	all	10_10	1	weight	FOC	325	nav	4_4	229	haten	NA	NA	BOW
haten.BOWnobound10all.PPMIweight.LENGTHFOC.SOCPOSall	0.5098006556613263	1.3159794924122403	NA	NA	nobound	618	all	10_10	1	weight	FOC	618	all	4_4	229	haten	NA	NA	BOW
haten.BOWnobound10all.PPMIselection.LENGTH5000.SOCPOSnav	-0.10028555909946862	1.2531122738436256	NA	NA	nobound	618	all	10_10	1	selection	5000	5000	nav	4_4	229	haten	NA	NA	BOW
haten.BOWnobound10all.PPMIselection.LENGTH5000.SOCPOSall	-0.9631412730834873	-1.5121464192690877	NA	NA	nobound	618	all	10_10	1	selection	5000	5000	all	4_4	229	haten	NA	NA	BOW
haten.BOWnobound10all.PPMIselection.LENGTHFOC.SOCPOSnav	-6.622836822416735e-4	1.3504972895436973	NA	NA	nobound	618	all	10_10	1	selection	FOC	325	nav	4_4	229	haten	NA	NA	BOW
haten.BOWnobound10all.PPMIselection.LENGTHFOC.SOCPOSall	0.1059221336023543	1.2901461493701818	NA	NA	nobound	618	all	10_10	1	selection	FOC	618	all	4_4	229	haten	NA	NA	BOW
haten.BOWnobound10all.PPMIno.LENGTH5000.SOCPOSnav	-0.31642619116099807	1.6316651137429152	NA	NA	nobound	1305	all	10_10	1	no	5000	5000	nav	4_4	229	haten	NA	NA	BOW
haten.BOWnobound10all.PPMIno.LENGTH5000.SOCPOSall	-1.1282991137116678	-2.223362952537721	NA	NA	nobound	1305	all	10_10	1	no	5000	5000	all	4_4	229	haten	NA	NA	BOW
haten.BOWnobound10all.PPMIno.LENGTHFOC.SOCPOSnav	-0.17800582632821454	1.5808518127539695	NA	NA	nobound	1305	all	10_10	1	no	FOC	717	nav	4_4	229	haten	NA	NA	BOW
haten.BOWnobound10all.PPMIno.LENGTHFOC.SOCPOSall	-0.1458887723333176	1.5746047817221789	NA	NA	nobound	1305	all	10_10	1	no	FOC	1305	all	4_4	229	haten	NA	NA	BOW
haten.BOWnobound5lex.PPMIweight.LENGTH5000.SOCPOSnav	-1.4220015692999801	0.15257270748791127	NA	NA	nobound	304	lex	5_5	1	weight	5000	5000	nav	4_4	214	haten	NA	NA	BOW
haten.BOWnobound5lex.PPMIweight.LENGTH5000.SOCPOSall	-1.5211619031698835	-0.8111399099385026	NA	NA	nobound	304	lex	5_5	1	weight	5000	5000	all	4_4	214	haten	NA	NA	BOW
haten.BOWnobound5lex.PPMIweight.LENGTHFOC.SOCPOSnav	-1.4164346478940397	0.7925531120167563	NA	NA	nobound	304	lex	5_5	1	weight	FOC	219	nav	4_4	214	haten	NA	NA	BOW
haten.BOWnobound5lex.PPMIweight.LENGTHFOC.SOCPOSall	-1.3734406854677645	0.7117864896727892	NA	NA	nobound	304	lex	5_5	1	weight	FOC	304	all	4_4	214	haten	NA	NA	BOW
haten.BOWnobound5lex.PPMIselection.LENGTH5000.SOCPOSnav	-1.5386597206862156	0.03316805719211578	NA	NA	nobound	304	lex	5_5	1	selection	5000	5000	nav	4_4	214	haten	NA	NA	BOW
haten.BOWnobound5lex.PPMIselection.LENGTH5000.SOCPOSall	-1.627572088639958	-0.7963515107939327	NA	NA	nobound	304	lex	5_5	1	selection	5000	5000	all	4_4	214	haten	NA	NA	BOW
haten.BOWnobound5lex.PPMIselection.LENGTHFOC.SOCPOSnav	-1.4448743969587656	0.5816663049606965	NA	NA	nobound	304	lex	5_5	1	selection	FOC	219	nav	4_4	214	haten	NA	NA	BOW
haten.BOWnobound5lex.PPMIselection.LENGTHFOC.SOCPOSall	-1.4218279309710722	0.5237516397626302	NA	NA	nobound	304	lex	5_5	1	selection	FOC	304	all	4_4	214	haten	NA	NA	BOW
haten.BOWnobound5lex.PPMIno.LENGTH5000.SOCPOSnav	-2.078736699675914	0.16701607324345827	NA	NA	nobound	485	lex	5_5	1	no	5000	5000	nav	4_4	226	haten	NA	NA	BOW
haten.BOWnobound5lex.PPMIno.LENGTH5000.SOCPOSall	-1.9746659131972477	-0.8885317699866446	NA	NA	nobound	485	lex	5_5	1	no	5000	5000	all	4_4	226	haten	NA	NA	BOW
haten.BOWnobound5lex.PPMIno.LENGTHFOC.SOCPOSnav	-1.8081528038460006	0.7257547059749703	NA	NA	nobound	485	lex	5_5	1	no	FOC	363	nav	4_4	226	haten	NA	NA	BOW
haten.BOWnobound5lex.PPMIno.LENGTHFOC.SOCPOSall	-1.7882838580011127	0.7192803590879133	NA	NA	nobound	485	lex	5_5	1	no	FOC	485	all	4_4	226	haten	NA	NA	BOW
haten.BOWnobound5all.PPMIweight.LENGTH5000.SOCPOSnav	0.7366209675011209	0.7459646138769782	NA	NA	nobound	446	all	5_5	1	weight	5000	5000	nav	4_4	229	haten	NA	NA	BOW
haten.BOWnobound5all.PPMIweight.LENGTH5000.SOCPOSall	0.1641259148249534	-0.8461362206269151	NA	NA	nobound	446	all	5_5	1	weight	5000	5000	all	4_4	229	haten	NA	NA	BOW
haten.BOWnobound5all.PPMIweight.LENGTHFOC.SOCPOSnav	0.6347313408858851	1.0473236423379266	NA	NA	nobound	446	all	5_5	1	weight	FOC	219	nav	4_4	229	haten	NA	NA	BOW
haten.BOWnobound5all.PPMIweight.LENGTHFOC.SOCPOSall	0.7287248430738604	0.9848506062205961	NA	NA	nobound	446	all	5_5	1	weight	FOC	446	all	4_4	229	haten	NA	NA	BOW
haten.BOWnobound5all.PPMIselection.LENGTH5000.SOCPOSnav	0.26963643392689524	-0.13898542283906132	NA	NA	nobound	446	all	5_5	1	selection	5000	5000	nav	4_4	229	haten	NA	NA	BOW
haten.BOWnobound5all.PPMIselection.LENGTH5000.SOCPOSall	-0.3839123513011048	-1.35583070704705	NA	NA	nobound	446	all	5_5	1	selection	5000	5000	all	4_4	229	haten	NA	NA	BOW
haten.BOWnobound5all.PPMIselection.LENGTHFOC.SOCPOSnav	0.27222355105287344	0.7653616720750268	NA	NA	nobound	446	all	5_5	1	selection	FOC	219	nav	4_4	229	haten	NA	NA	BOW
haten.BOWnobound5all.PPMIselection.LENGTHFOC.SOCPOSall	0.3596762995730213	0.7316687744580057	NA	NA	nobound	446	all	5_5	1	selection	FOC	446	all	4_4	229	haten	NA	NA	BOW
haten.BOWnobound5all.PPMIno.LENGTH5000.SOCPOSnav	0.11576197599393442	-0.5891522250564026	NA	NA	nobound	698	all	5_5	1	no	5000	5000	nav	4_4	229	haten	NA	NA	BOW
haten.BOWnobound5all.PPMIno.LENGTH5000.SOCPOSall	-0.5343222312503979	-1.8251436439166162	NA	NA	nobound	698	all	5_5	1	no	5000	5000	all	4_4	229	haten	NA	NA	BOW
haten.BOWnobound5all.PPMIno.LENGTHFOC.SOCPOSnav	0.16194520931844764	1.0274571210902261	NA	NA	nobound	698	all	5_5	1	no	FOC	363	nav	4_4	229	haten	NA	NA	BOW
haten.BOWnobound5all.PPMIno.LENGTHFOC.SOCPOSall	0.20476326113939028	0.9299571088191749	NA	NA	nobound	698	all	5_5	1	no	FOC	698	all	4_4	229	haten	NA	NA	BOW
haten.BOWnobound3lex.PPMIweight.LENGTH5000.SOCPOSnav	-0.6047059469342548	-0.0804134743423769	NA	NA	nobound	206	lex	3_3	1	weight	5000	5000	nav	4_4	179	haten	NA	NA	BOW
haten.BOWnobound3lex.PPMIweight.LENGTH5000.SOCPOSall	-0.5616050495586665	-0.6297147010680035	NA	NA	nobound	206	lex	3_3	1	weight	5000	5000	all	4_4	179	haten	NA	NA	BOW
haten.BOWnobound3lex.PPMIweight.LENGTHFOC.SOCPOSnav	-0.5455707033555881	0.2241789256491497	NA	NA	nobound	206	lex	3_3	1	weight	FOC	154	nav	4_4	179	haten	NA	NA	BOW
haten.BOWnobound3lex.PPMIweight.LENGTHFOC.SOCPOSall	-0.536325285732872	0.1997097575838183	NA	NA	nobound	206	lex	3_3	1	weight	FOC	206	all	4_4	179	haten	NA	NA	BOW
haten.BOWnobound3lex.PPMIselection.LENGTH5000.SOCPOSnav	-0.680205807583354	-0.12135252518622656	NA	NA	nobound	206	lex	3_3	1	selection	5000	5000	nav	4_4	179	haten	NA	NA	BOW
haten.BOWnobound3lex.PPMIselection.LENGTH5000.SOCPOSall	-0.658280918333862	-0.6063760316788896	NA	NA	nobound	206	lex	3_3	1	selection	5000	5000	all	4_4	179	haten	NA	NA	BOW
haten.BOWnobound3lex.PPMIselection.LENGTHFOC.SOCPOSnav	-0.5730955857184907	0.16839606345564773	NA	NA	nobound	206	lex	3_3	1	selection	FOC	154	nav	4_4	179	haten	NA	NA	BOW
haten.BOWnobound3lex.PPMIselection.LENGTHFOC.SOCPOSall	-0.5610466227295197	0.14255720802424096	NA	NA	nobound	206	lex	3_3	1	selection	FOC	206	all	4_4	179	haten	NA	NA	BOW
haten.BOWnobound3lex.PPMIno.LENGTH5000.SOCPOSnav	-1.3527897003288705	-0.16964981480594352	NA	NA	nobound	281	lex	3_3	1	no	5000	5000	nav	4_4	203	haten	NA	NA	BOW
haten.BOWnobound3lex.PPMIno.LENGTH5000.SOCPOSall	-1.1777798482940633	-0.9568273117412579	NA	NA	nobound	281	lex	3_3	1	no	5000	5000	all	4_4	203	haten	NA	NA	BOW
haten.BOWnobound3lex.PPMIno.LENGTHFOC.SOCPOSnav	-1.0690187165187197	0.33543143197402836	NA	NA	nobound	281	lex	3_3	1	no	FOC	215	nav	4_4	203	haten	NA	NA	BOW
haten.BOWnobound3lex.PPMIno.LENGTHFOC.SOCPOSall	-1.050907329254397	0.3124043347301329	NA	NA	nobound	281	lex	3_3	1	no	FOC	281	all	4_4	203	haten	NA	NA	BOW
haten.BOWnobound3all.PPMIweight.LENGTH5000.SOCPOSnav	1.4983367278060804	0.2098370909462479	NA	NA	nobound	313	all	3_3	1	weight	5000	5000	nav	4_4	228	haten	NA	NA	BOW
haten.BOWnobound3all.PPMIweight.LENGTH5000.SOCPOSall	1.2025440686121636	-0.7460610031654754	NA	NA	nobound	313	all	3_3	1	weight	5000	5000	all	4_4	228	haten	NA	NA	BOW
haten.BOWnobound3all.PPMIweight.LENGTHFOC.SOCPOSnav	1.199258542390513	0.8221786943606072	NA	NA	nobound	313	all	3_3	1	weight	FOC	154	nav	4_4	228	haten	NA	NA	BOW
haten.BOWnobound3all.PPMIweight.LENGTHFOC.SOCPOSall	1.2553856273774109	0.7448459947305937	NA	NA	nobound	313	all	3_3	1	weight	FOC	313	all	4_4	228	haten	NA	NA	BOW
haten.BOWnobound3all.PPMIselection.LENGTH5000.SOCPOSnav	0.9452136295922009	-0.2860607925205335	NA	NA	nobound	313	all	3_3	1	selection	5000	5000	nav	4_4	228	haten	NA	NA	BOW
haten.BOWnobound3all.PPMIselection.LENGTH5000.SOCPOSall	0.4894912891988324	-1.235785907152649	NA	NA	nobound	313	all	3_3	1	selection	5000	5000	all	4_4	228	haten	NA	NA	BOW
haten.BOWnobound3all.PPMIselection.LENGTHFOC.SOCPOSnav	0.8486306175714992	0.39715477974842434	NA	NA	nobound	313	all	3_3	1	selection	FOC	154	nav	4_4	228	haten	NA	NA	BOW
haten.BOWnobound3all.PPMIselection.LENGTHFOC.SOCPOSall	0.9243982736511573	0.3309059752144423	NA	NA	nobound	313	all	3_3	1	selection	FOC	313	all	4_4	228	haten	NA	NA	BOW
haten.BOWnobound3all.PPMIno.LENGTH5000.SOCPOSnav	0.8580663864494484	-0.5045473360754446	NA	NA	nobound	429	all	3_3	1	no	5000	5000	nav	4_4	229	haten	NA	NA	BOW
haten.BOWnobound3all.PPMIno.LENGTH5000.SOCPOSall	0.28859047929704945	-1.6928898803034227	NA	NA	nobound	429	all	3_3	1	no	5000	5000	all	4_4	229	haten	NA	NA	BOW
haten.BOWnobound3all.PPMIno.LENGTHFOC.SOCPOSnav	0.8111968053755323	0.45210485515587506	NA	NA	nobound	429	all	3_3	1	no	FOC	215	nav	4_4	229	haten	NA	NA	BOW
haten.BOWnobound3all.PPMIno.LENGTHFOC.SOCPOSall	0.8743198936312486	0.33821825505036573	NA	NA	nobound	429	all	3_3	1	no	FOC	429	all	4_4	229	haten	NA	NA	BOW
haten.LEMMAPATHselection2.PPMIweight.LENGTH5000.SOCPOSnav	1.4511649604886905	0.002482960088438093	"_model
haten.LEMMAPATHselection2    selection2
haten.LEMMAPATHselection2    selection2
Name: LEMMAPATH, dtype: object"	"_model
haten.LEMMAPATHselection2    NaN
haten.LEMMAPATHselection2    NaN
Name: LEMMAREL, dtype: object"	"_model
haten.LEMMAPATHselection2    bound
haten.LEMMAPATHselection2    bound
Name: foc_boundaries, dtype: object"	298	"_model
haten.LEMMAPATHselection2    NaN
haten.LEMMAPATHselection2    NaN
Name: foc_foc_pos, dtype: object"	"_model
haten.LEMMAPATHselection2    NaN
haten.LEMMAPATHselection2    NaN
Name: foc_foc_win, dtype: object"	1	weight	5000	5000	nav	4_4	224	"_model
haten.LEMMAPATHselection2    haten
haten.LEMMAPATHselection2    haten
Name: type, dtype: object"	NA	NA	"_model
haten.LEMMAPATHselection2    dependency
haten.LEMMAPATHselection2    dependency
Name: base, dtype: object"
haten.LEMMAPATHselection2.PPMIweight.LENGTH5000.SOCPOSall	1.1748524955874222	-0.7967595380490015	"_model
haten.LEMMAPATHselection2    selection2
haten.LEMMAPATHselection2    selection2
Name: LEMMAPATH, dtype: object"	"_model
haten.LEMMAPATHselection2    NaN
haten.LEMMAPATHselection2    NaN
Name: LEMMAREL, dtype: object"	"_model
haten.LEMMAPATHselection2    bound
haten.LEMMAPATHselection2    bound
Name: foc_boundaries, dtype: object"	298	"_model
haten.LEMMAPATHselection2    NaN
haten.LEMMAPATHselection2    NaN
Name: foc_foc_pos, dtype: object"	"_model
haten.LEMMAPATHselection2    NaN
haten.LEMMAPATHselection2    NaN
Name: foc_foc_win, dtype: object"	1	weight	5000	5000	all	4_4	224	"_model
haten.LEMMAPATHselection2    haten
haten.LEMMAPATHselection2    haten
Name: type, dtype: object"	NA	NA	"_model
haten.LEMMAPATHselection2    dependency
haten.LEMMAPATHselection2    dependency
Name: base, dtype: object"
haten.LEMMAPATHselection2.PPMIweight.LENGTHFOC.SOCPOSnav	1.2103698938858742	0.6916095887657641	"_model
haten.LEMMAPATHselection2    selection2
haten.LEMMAPATHselection2    selection2
Name: LEMMAPATH, dtype: object"	"_model
haten.LEMMAPATHselection2    NaN
haten.LEMMAPATHselection2    NaN
Name: LEMMAREL, dtype: object"	"_model
haten.LEMMAPATHselection2    bound
haten.LEMMAPATHselection2    bound
Name: foc_boundaries, dtype: object"	298	"_model
haten.LEMMAPATHselection2    NaN
haten.LEMMAPATHselection2    NaN
Name: foc_foc_pos, dtype: object"	"_model
haten.LEMMAPATHselection2    NaN
haten.LEMMAPATHselection2    NaN
Name: foc_foc_win, dtype: object"	1	weight	FOC	148	nav	4_4	224	"_model
haten.LEMMAPATHselection2    haten
haten.LEMMAPATHselection2    haten
Name: type, dtype: object"	NA	NA	"_model
haten.LEMMAPATHselection2    dependency
haten.LEMMAPATHselection2    dependency
Name: base, dtype: object"
haten.LEMMAPATHselection2.PPMIweight.LENGTHFOC.SOCPOSall	1.226316257873345	0.5849253775115958	"_model
haten.LEMMAPATHselection2    selection2
haten.LEMMAPATHselection2    selection2
Name: LEMMAPATH, dtype: object"	"_model
haten.LEMMAPATHselection2    NaN
haten.LEMMAPATHselection2    NaN
Name: LEMMAREL, dtype: object"	"_model
haten.LEMMAPATHselection2    bound
haten.LEMMAPATHselection2    bound
Name: foc_boundaries, dtype: object"	298	"_model
haten.LEMMAPATHselection2    NaN
haten.LEMMAPATHselection2    NaN
Name: foc_foc_pos, dtype: object"	"_model
haten.LEMMAPATHselection2    NaN
haten.LEMMAPATHselection2    NaN
Name: foc_foc_win, dtype: object"	1	weight	FOC	298	all	4_4	224	"_model
haten.LEMMAPATHselection2    haten
haten.LEMMAPATHselection2    haten
Name: type, dtype: object"	NA	NA	"_model
haten.LEMMAPATHselection2    dependency
haten.LEMMAPATHselection2    dependency
Name: base, dtype: object"
haten.LEMMAPATHselection2.PPMIselection.LENGTH5000.SOCPOSnav	0.9862335791309266	-0.41755435943805547	"_model
haten.LEMMAPATHselection2    selection2
haten.LEMMAPATHselection2    selection2
Name: LEMMAPATH, dtype: object"	"_model
haten.LEMMAPATHselection2    NaN
haten.LEMMAPATHselection2    NaN
Name: LEMMAREL, dtype: object"	"_model
haten.LEMMAPATHselection2    bound
haten.LEMMAPATHselection2    bound
Name: foc_boundaries, dtype: object"	298	"_model
haten.LEMMAPATHselection2    NaN
haten.LEMMAPATHselection2    NaN
Name: foc_foc_pos, dtype: object"	"_model
haten.LEMMAPATHselection2    NaN
haten.LEMMAPATHselection2    NaN
Name: foc_foc_win, dtype: object"	1	selection	5000	5000	nav	4_4	224	"_model
haten.LEMMAPATHselection2    haten
haten.LEMMAPATHselection2    haten
Name: type, dtype: object"	NA	NA	"_model
haten.LEMMAPATHselection2    dependency
haten.LEMMAPATHselection2    dependency
Name: base, dtype: object"
haten.LEMMAPATHselection2.PPMIselection.LENGTH5000.SOCPOSall	0.6625179415501283	-1.382371068900932	"_model
haten.LEMMAPATHselection2    selection2
haten.LEMMAPATHselection2    selection2
Name: LEMMAPATH, dtype: object"	"_model
haten.LEMMAPATHselection2    NaN
haten.LEMMAPATHselection2    NaN
Name: LEMMAREL, dtype: object"	"_model
haten.LEMMAPATHselection2    bound
haten.LEMMAPATHselection2    bound
Name: foc_boundaries, dtype: object"	298	"_model
haten.LEMMAPATHselection2    NaN
haten.LEMMAPATHselection2    NaN
Name: foc_foc_pos, dtype: object"	"_model
haten.LEMMAPATHselection2    NaN
haten.LEMMAPATHselection2    NaN
Name: foc_foc_win, dtype: object"	1	selection	5000	5000	all	4_4	224	"_model
haten.LEMMAPATHselection2    haten
haten.LEMMAPATHselection2    haten
Name: type, dtype: object"	NA	NA	"_model
haten.LEMMAPATHselection2    dependency
haten.LEMMAPATHselection2    dependency
Name: base, dtype: object"
haten.LEMMAPATHselection2.PPMIselection.LENGTHFOC.SOCPOSnav	0.9574757594114861	0.17700110026804822	"_model
haten.LEMMAPATHselection2    selection2
haten.LEMMAPATHselection2    selection2
Name: LEMMAPATH, dtype: object"	"_model
haten.LEMMAPATHselection2    NaN
haten.LEMMAPATHselection2    NaN
Name: LEMMAREL, dtype: object"	"_model
haten.LEMMAPATHselection2    bound
haten.LEMMAPATHselection2    bound
Name: foc_boundaries, dtype: object"	298	"_model
haten.LEMMAPATHselection2    NaN
haten.LEMMAPATHselection2    NaN
Name: foc_foc_pos, dtype: object"	"_model
haten.LEMMAPATHselection2    NaN
haten.LEMMAPATHselection2    NaN
Name: foc_foc_win, dtype: object"	1	selection	FOC	148	nav	4_4	224	"_model
haten.LEMMAPATHselection2    haten
haten.LEMMAPATHselection2    haten
Name: type, dtype: object"	NA	NA	"_model
haten.LEMMAPATHselection2    dependency
haten.LEMMAPATHselection2    dependency
Name: base, dtype: object"
haten.LEMMAPATHselection2.PPMIselection.LENGTHFOC.SOCPOSall	0.9557211727087851	0.11945978059403195	"_model
haten.LEMMAPATHselection2    selection2
haten.LEMMAPATHselection2    selection2
Name: LEMMAPATH, dtype: object"	"_model
haten.LEMMAPATHselection2    NaN
haten.LEMMAPATHselection2    NaN
Name: LEMMAREL, dtype: object"	"_model
haten.LEMMAPATHselection2    bound
haten.LEMMAPATHselection2    bound
Name: foc_boundaries, dtype: object"	298	"_model
haten.LEMMAPATHselection2    NaN
haten.LEMMAPATHselection2    NaN
Name: foc_foc_pos, dtype: object"	"_model
haten.LEMMAPATHselection2    NaN
haten.LEMMAPATHselection2    NaN
Name: foc_foc_win, dtype: object"	1	selection	FOC	298	all	4_4	224	"_model
haten.LEMMAPATHselection2    haten
haten.LEMMAPATHselection2    haten
Name: type, dtype: object"	NA	NA	"_model
haten.LEMMAPATHselection2    dependency
haten.LEMMAPATHselection2    dependency
Name: base, dtype: object"
haten.LEMMAPATHselection2.PPMIno.LENGTH5000.SOCPOSnav	0.9423177054587661	-0.736828418590636	"_model
haten.LEMMAPATHselection2    selection2
haten.LEMMAPATHselection2    selection2
Name: LEMMAPATH, dtype: object"	"_model
haten.LEMMAPATHselection2    NaN
haten.LEMMAPATHselection2    NaN
Name: LEMMAREL, dtype: object"	"_model
haten.LEMMAPATHselection2    bound
haten.LEMMAPATHselection2    bound
Name: foc_boundaries, dtype: object"	451	"_model
haten.LEMMAPATHselection2    NaN
haten.LEMMAPATHselection2    NaN
Name: foc_foc_pos, dtype: object"	"_model
haten.LEMMAPATHselection2    NaN
haten.LEMMAPATHselection2    NaN
Name: foc_foc_win, dtype: object"	1	no	5000	5000	nav	4_4	226	"_model
haten.LEMMAPATHselection2    haten
haten.LEMMAPATHselection2    haten
Name: type, dtype: object"	NA	NA	"_model
haten.LEMMAPATHselection2    dependency
haten.LEMMAPATHselection2    dependency
Name: base, dtype: object"
haten.LEMMAPATHselection2.PPMIno.LENGTH5000.SOCPOSall	0.49654384696522774	-1.8655576962751221	"_model
haten.LEMMAPATHselection2    selection2
haten.LEMMAPATHselection2    selection2
Name: LEMMAPATH, dtype: object"	"_model
haten.LEMMAPATHselection2    NaN
haten.LEMMAPATHselection2    NaN
Name: LEMMAREL, dtype: object"	"_model
haten.LEMMAPATHselection2    bound
haten.LEMMAPATHselection2    bound
Name: foc_boundaries, dtype: object"	451	"_model
haten.LEMMAPATHselection2    NaN
haten.LEMMAPATHselection2    NaN
Name: foc_foc_pos, dtype: object"	"_model
haten.LEMMAPATHselection2    NaN
haten.LEMMAPATHselection2    NaN
Name: foc_foc_win, dtype: object"	1	no	5000	5000	all	4_4	226	"_model
haten.LEMMAPATHselection2    haten
haten.LEMMAPATHselection2    haten
Name: type, dtype: object"	NA	NA	"_model
haten.LEMMAPATHselection2    dependency
haten.LEMMAPATHselection2    dependency
Name: base, dtype: object"
haten.LEMMAPATHselection2.PPMIno.LENGTHFOC.SOCPOSnav	0.919906970705625	0.007090593729473129	"_model
haten.LEMMAPATHselection2    selection2
haten.LEMMAPATHselection2    selection2
Name: LEMMAPATH, dtype: object"	"_model
haten.LEMMAPATHselection2    NaN
haten.LEMMAPATHselection2    NaN
Name: LEMMAREL, dtype: object"	"_model
haten.LEMMAPATHselection2    bound
haten.LEMMAPATHselection2    bound
Name: foc_boundaries, dtype: object"	451	"_model
haten.LEMMAPATHselection2    NaN
haten.LEMMAPATHselection2    NaN
Name: foc_foc_pos, dtype: object"	"_model
haten.LEMMAPATHselection2    NaN
haten.LEMMAPATHselection2    NaN
Name: foc_foc_win, dtype: object"	1	no	FOC	230	nav	4_4	226	"_model
haten.LEMMAPATHselection2    haten
haten.LEMMAPATHselection2    haten
Name: type, dtype: object"	NA	NA	"_model
haten.LEMMAPATHselection2    dependency
haten.LEMMAPATHselection2    dependency
Name: base, dtype: object"
haten.LEMMAPATHselection2.PPMIno.LENGTHFOC.SOCPOSall	0.9846404639058058	-0.06637330454861824	"_model
haten.LEMMAPATHselection2    selection2
haten.LEMMAPATHselection2    selection2
Name: LEMMAPATH, dtype: object"	"_model
haten.LEMMAPATHselection2    NaN
haten.LEMMAPATHselection2    NaN
Name: LEMMAREL, dtype: object"	"_model
haten.LEMMAPATHselection2    bound
haten.LEMMAPATHselection2    bound
Name: foc_boundaries, dtype: object"	451	"_model
haten.LEMMAPATHselection2    NaN
haten.LEMMAPATHselection2    NaN
Name: foc_foc_pos, dtype: object"	"_model
haten.LEMMAPATHselection2    NaN
haten.LEMMAPATHselection2    NaN
Name: foc_foc_win, dtype: object"	1	no	FOC	451	all	4_4	226	"_model
haten.LEMMAPATHselection2    haten
haten.LEMMAPATHselection2    haten
Name: type, dtype: object"	NA	NA	"_model
haten.LEMMAPATHselection2    dependency
haten.LEMMAPATHselection2    dependency
Name: base, dtype: object"
haten.LEMMAPATHselection3.PPMIweight.LENGTH5000.SOCPOSnav	1.1011629277864967	0.002384566590741915	"_model
haten.LEMMAPATHselection3    selection3
haten.LEMMAPATHselection3    selection3
Name: LEMMAPATH, dtype: object"	"_model
haten.LEMMAPATHselection3    NaN
haten.LEMMAPATHselection3    NaN
Name: LEMMAREL, dtype: object"	"_model
haten.LEMMAPATHselection3    bound
haten.LEMMAPATHselection3    bound
Name: foc_boundaries, dtype: object"	372	"_model
haten.LEMMAPATHselection3    NaN
haten.LEMMAPATHselection3    NaN
Name: foc_foc_pos, dtype: object"	"_model
haten.LEMMAPATHselection3    NaN
haten.LEMMAPATHselection3    NaN
Name: foc_foc_win, dtype: object"	1	weight	5000	5000	nav	4_4	225	"_model
haten.LEMMAPATHselection3    haten
haten.LEMMAPATHselection3    haten
Name: type, dtype: object"	NA	NA	"_model
haten.LEMMAPATHselection3    dependency
haten.LEMMAPATHselection3    dependency
Name: base, dtype: object"
haten.LEMMAPATHselection3.PPMIweight.LENGTH5000.SOCPOSall	0.6776905047541805	-0.9073673697340164	"_model
haten.LEMMAPATHselection3    selection3
haten.LEMMAPATHselection3    selection3
Name: LEMMAPATH, dtype: object"	"_model
haten.LEMMAPATHselection3    NaN
haten.LEMMAPATHselection3    NaN
Name: LEMMAREL, dtype: object"	"_model
haten.LEMMAPATHselection3    bound
haten.LEMMAPATHselection3    bound
Name: foc_boundaries, dtype: object"	372	"_model
haten.LEMMAPATHselection3    NaN
haten.LEMMAPATHselection3    NaN
Name: foc_foc_pos, dtype: object"	"_model
haten.LEMMAPATHselection3    NaN
haten.LEMMAPATHselection3    NaN
Name: foc_foc_win, dtype: object"	1	weight	5000	5000	all	4_4	225	"_model
haten.LEMMAPATHselection3    haten
haten.LEMMAPATHselection3    haten
Name: type, dtype: object"	NA	NA	"_model
haten.LEMMAPATHselection3    dependency
haten.LEMMAPATHselection3    dependency
Name: base, dtype: object"
haten.LEMMAPATHselection3.PPMIweight.LENGTHFOC.SOCPOSnav	0.9328245645171851	0.7536317596844249	"_model
haten.LEMMAPATHselection3    selection3
haten.LEMMAPATHselection3    selection3
Name: LEMMAPATH, dtype: object"	"_model
haten.LEMMAPATHselection3    NaN
haten.LEMMAPATHselection3    NaN
Name: LEMMAREL, dtype: object"	"_model
haten.LEMMAPATHselection3    bound
haten.LEMMAPATHselection3    bound
Name: foc_boundaries, dtype: object"	372	"_model
haten.LEMMAPATHselection3    NaN
haten.LEMMAPATHselection3    NaN
Name: foc_foc_pos, dtype: object"	"_model
haten.LEMMAPATHselection3    NaN
haten.LEMMAPATHselection3    NaN
Name: foc_foc_win, dtype: object"	1	weight	FOC	195	nav	4_4	225	"_model
haten.LEMMAPATHselection3    haten
haten.LEMMAPATHselection3    haten
Name: type, dtype: object"	NA	NA	"_model
haten.LEMMAPATHselection3    dependency
haten.LEMMAPATHselection3    dependency
Name: base, dtype: object"
haten.LEMMAPATHselection3.PPMIweight.LENGTHFOC.SOCPOSall	0.9761871073677041	0.6823442413831821	"_model
haten.LEMMAPATHselection3    selection3
haten.LEMMAPATHselection3    selection3
Name: LEMMAPATH, dtype: object"	"_model
haten.LEMMAPATHselection3    NaN
haten.LEMMAPATHselection3    NaN
Name: LEMMAREL, dtype: object"	"_model
haten.LEMMAPATHselection3    bound
haten.LEMMAPATHselection3    bound
Name: foc_boundaries, dtype: object"	372	"_model
haten.LEMMAPATHselection3    NaN
haten.LEMMAPATHselection3    NaN
Name: foc_foc_pos, dtype: object"	"_model
haten.LEMMAPATHselection3    NaN
haten.LEMMAPATHselection3    NaN
Name: foc_foc_win, dtype: object"	1	weight	FOC	372	all	4_4	225	"_model
haten.LEMMAPATHselection3    haten
haten.LEMMAPATHselection3    haten
Name: type, dtype: object"	NA	NA	"_model
haten.LEMMAPATHselection3    dependency
haten.LEMMAPATHselection3    dependency
Name: base, dtype: object"
haten.LEMMAPATHselection3.PPMIselection.LENGTH5000.SOCPOSnav	0.5998449475588334	-0.4691696630504327	"_model
haten.LEMMAPATHselection3    selection3
haten.LEMMAPATHselection3    selection3
Name: LEMMAPATH, dtype: object"	"_model
haten.LEMMAPATHselection3    NaN
haten.LEMMAPATHselection3    NaN
Name: LEMMAREL, dtype: object"	"_model
haten.LEMMAPATHselection3    bound
haten.LEMMAPATHselection3    bound
Name: foc_boundaries, dtype: object"	372	"_model
haten.LEMMAPATHselection3    NaN
haten.LEMMAPATHselection3    NaN
Name: foc_foc_pos, dtype: object"	"_model
haten.LEMMAPATHselection3    NaN
haten.LEMMAPATHselection3    NaN
Name: foc_foc_win, dtype: object"	1	selection	5000	5000	nav	4_4	225	"_model
haten.LEMMAPATHselection3    haten
haten.LEMMAPATHselection3    haten
Name: type, dtype: object"	NA	NA	"_model
haten.LEMMAPATHselection3    dependency
haten.LEMMAPATHselection3    dependency
Name: base, dtype: object"
haten.LEMMAPATHselection3.PPMIselection.LENGTH5000.SOCPOSall	0.150822382423626	-1.468525395787158	"_model
haten.LEMMAPATHselection3    selection3
haten.LEMMAPATHselection3    selection3
Name: LEMMAPATH, dtype: object"	"_model
haten.LEMMAPATHselection3    NaN
haten.LEMMAPATHselection3    NaN
Name: LEMMAREL, dtype: object"	"_model
haten.LEMMAPATHselection3    bound
haten.LEMMAPATHselection3    bound
Name: foc_boundaries, dtype: object"	372	"_model
haten.LEMMAPATHselection3    NaN
haten.LEMMAPATHselection3    NaN
Name: foc_foc_pos, dtype: object"	"_model
haten.LEMMAPATHselection3    NaN
haten.LEMMAPATHselection3    NaN
Name: foc_foc_win, dtype: object"	1	selection	5000	5000	all	4_4	225	"_model
haten.LEMMAPATHselection3    haten
haten.LEMMAPATHselection3    haten
Name: type, dtype: object"	NA	NA	"_model
haten.LEMMAPATHselection3    dependency
haten.LEMMAPATHselection3    dependency
Name: base, dtype: object"
haten.LEMMAPATHselection3.PPMIselection.LENGTHFOC.SOCPOSnav	0.6032167268655426	0.30453146617101146	"_model
haten.LEMMAPATHselection3    selection3
haten.LEMMAPATHselection3    selection3
Name: LEMMAPATH, dtype: object"	"_model
haten.LEMMAPATHselection3    NaN
haten.LEMMAPATHselection3    NaN
Name: LEMMAREL, dtype: object"	"_model
haten.LEMMAPATHselection3    bound
haten.LEMMAPATHselection3    bound
Name: foc_boundaries, dtype: object"	372	"_model
haten.LEMMAPATHselection3    NaN
haten.LEMMAPATHselection3    NaN
Name: foc_foc_pos, dtype: object"	"_model
haten.LEMMAPATHselection3    NaN
haten.LEMMAPATHselection3    NaN
Name: foc_foc_win, dtype: object"	1	selection	FOC	195	nav	4_4	225	"_model
haten.LEMMAPATHselection3    haten
haten.LEMMAPATHselection3    haten
Name: type, dtype: object"	NA	NA	"_model
haten.LEMMAPATHselection3    dependency
haten.LEMMAPATHselection3    dependency
Name: base, dtype: object"
haten.LEMMAPATHselection3.PPMIselection.LENGTHFOC.SOCPOSall	0.6589278877103726	0.20170485565409071	"_model
haten.LEMMAPATHselection3    selection3
haten.LEMMAPATHselection3    selection3
Name: LEMMAPATH, dtype: object"	"_model
haten.LEMMAPATHselection3    NaN
haten.LEMMAPATHselection3    NaN
Name: LEMMAREL, dtype: object"	"_model
haten.LEMMAPATHselection3    bound
haten.LEMMAPATHselection3    bound
Name: foc_boundaries, dtype: object"	372	"_model
haten.LEMMAPATHselection3    NaN
haten.LEMMAPATHselection3    NaN
Name: foc_foc_pos, dtype: object"	"_model
haten.LEMMAPATHselection3    NaN
haten.LEMMAPATHselection3    NaN
Name: foc_foc_win, dtype: object"	1	selection	FOC	372	all	4_4	225	"_model
haten.LEMMAPATHselection3    haten
haten.LEMMAPATHselection3    haten
Name: type, dtype: object"	NA	NA	"_model
haten.LEMMAPATHselection3    dependency
haten.LEMMAPATHselection3    dependency
Name: base, dtype: object"
haten.LEMMAPATHselection3.PPMIno.LENGTH5000.SOCPOSnav	0.6872024921063307	-1.0726396120046724	"_model
haten.LEMMAPATHselection3    selection3
haten.LEMMAPATHselection3    selection3
Name: LEMMAPATH, dtype: object"	"_model
haten.LEMMAPATHselection3    NaN
haten.LEMMAPATHselection3    NaN
Name: LEMMAREL, dtype: object"	"_model
haten.LEMMAPATHselection3    bound
haten.LEMMAPATHselection3    bound
Name: foc_boundaries, dtype: object"	654	"_model
haten.LEMMAPATHselection3    NaN
haten.LEMMAPATHselection3    NaN
Name: foc_foc_pos, dtype: object"	"_model
haten.LEMMAPATHselection3    NaN
haten.LEMMAPATHselection3    NaN
Name: foc_foc_win, dtype: object"	1	no	5000	5000	nav	4_4	226	"_model
haten.LEMMAPATHselection3    haten
haten.LEMMAPATHselection3    haten
Name: type, dtype: object"	NA	NA	"_model
haten.LEMMAPATHselection3    dependency
haten.LEMMAPATHselection3    dependency
Name: base, dtype: object"
haten.LEMMAPATHselection3.PPMIno.LENGTH5000.SOCPOSall	-0.015481548410068846	-2.1983704535316595	"_model
haten.LEMMAPATHselection3    selection3
haten.LEMMAPATHselection3    selection3
Name: LEMMAPATH, dtype: object"	"_model
haten.LEMMAPATHselection3    NaN
haten.LEMMAPATHselection3    NaN
Name: LEMMAREL, dtype: object"	"_model
haten.LEMMAPATHselection3    bound
haten.LEMMAPATHselection3    bound
Name: foc_boundaries, dtype: object"	654	"_model
haten.LEMMAPATHselection3    NaN
haten.LEMMAPATHselection3    NaN
Name: foc_foc_pos, dtype: object"	"_model
haten.LEMMAPATHselection3    NaN
haten.LEMMAPATHselection3    NaN
Name: foc_foc_win, dtype: object"	1	no	5000	5000	all	4_4	226	"_model
haten.LEMMAPATHselection3    haten
haten.LEMMAPATHselection3    haten
Name: type, dtype: object"	NA	NA	"_model
haten.LEMMAPATHselection3    dependency
haten.LEMMAPATHselection3    dependency
Name: base, dtype: object"
haten.LEMMAPATHselection3.PPMIno.LENGTHFOC.SOCPOSnav	0.6752215568645189	-0.09855394447510586	"_model
haten.LEMMAPATHselection3    selection3
haten.LEMMAPATHselection3    selection3
Name: LEMMAPATH, dtype: object"	"_model
haten.LEMMAPATHselection3    NaN
haten.LEMMAPATHselection3    NaN
Name: LEMMAREL, dtype: object"	"_model
haten.LEMMAPATHselection3    bound
haten.LEMMAPATHselection3    bound
Name: foc_boundaries, dtype: object"	654	"_model
haten.LEMMAPATHselection3    NaN
haten.LEMMAPATHselection3    NaN
Name: foc_foc_pos, dtype: object"	"_model
haten.LEMMAPATHselection3    NaN
haten.LEMMAPATHselection3    NaN
Name: foc_foc_win, dtype: object"	1	no	FOC	362	nav	4_4	226	"_model
haten.LEMMAPATHselection3    haten
haten.LEMMAPATHselection3    haten
Name: type, dtype: object"	NA	NA	"_model
haten.LEMMAPATHselection3    dependency
haten.LEMMAPATHselection3    dependency
Name: base, dtype: object"
haten.LEMMAPATHselection3.PPMIno.LENGTHFOC.SOCPOSall	0.7383862170175267	-0.21517402986302195	"_model
haten.LEMMAPATHselection3    selection3
haten.LEMMAPATHselection3    selection3
Name: LEMMAPATH, dtype: object"	"_model
haten.LEMMAPATHselection3    NaN
haten.LEMMAPATHselection3    NaN
Name: LEMMAREL, dtype: object"	"_model
haten.LEMMAPATHselection3    bound
haten.LEMMAPATHselection3    bound
Name: foc_boundaries, dtype: object"	654	"_model
haten.LEMMAPATHselection3    NaN
haten.LEMMAPATHselection3    NaN
Name: foc_foc_pos, dtype: object"	"_model
haten.LEMMAPATHselection3    NaN
haten.LEMMAPATHselection3    NaN
Name: foc_foc_win, dtype: object"	1	no	FOC	654	all	4_4	226	"_model
haten.LEMMAPATHselection3    haten
haten.LEMMAPATHselection3    haten
Name: type, dtype: object"	NA	NA	"_model
haten.LEMMAPATHselection3    dependency
haten.LEMMAPATHselection3    dependency
Name: base, dtype: object"
haten.LEMMAPATHweight.PPMIselection.LENGTH5000.SOCPOSnav	0.5998449475588334	-0.4691696630504327	"_model
haten.LEMMAPATHweight    weight
haten.LEMMAPATHweight    weight
Name: LEMMAPATH, dtype: object"	"_model
haten.LEMMAPATHweight    NaN
haten.LEMMAPATHweight    NaN
Name: LEMMAREL, dtype: object"	"_model
haten.LEMMAPATHweight    bound
haten.LEMMAPATHweight    bound
Name: foc_boundaries, dtype: object"	372	"_model
haten.LEMMAPATHweight    NaN
haten.LEMMAPATHweight    NaN
Name: foc_foc_pos, dtype: object"	"_model
haten.LEMMAPATHweight    NaN
haten.LEMMAPATHweight    NaN
Name: foc_foc_win, dtype: object"	1	selection	5000	5000	nav	4_4	225	"_model
haten.LEMMAPATHweight    haten
haten.LEMMAPATHweight    haten
Name: type, dtype: object"	NA	NA	"_model
haten.LEMMAPATHweight    dependency
haten.LEMMAPATHweight    dependency
Name: base, dtype: object"
haten.LEMMAPATHweight.PPMIselection.LENGTH5000.SOCPOSall	0.15082238242362592	-1.4685253957871591	"_model
haten.LEMMAPATHweight    weight
haten.LEMMAPATHweight    weight
Name: LEMMAPATH, dtype: object"	"_model
haten.LEMMAPATHweight    NaN
haten.LEMMAPATHweight    NaN
Name: LEMMAREL, dtype: object"	"_model
haten.LEMMAPATHweight    bound
haten.LEMMAPATHweight    bound
Name: foc_boundaries, dtype: object"	372	"_model
haten.LEMMAPATHweight    NaN
haten.LEMMAPATHweight    NaN
Name: foc_foc_pos, dtype: object"	"_model
haten.LEMMAPATHweight    NaN
haten.LEMMAPATHweight    NaN
Name: foc_foc_win, dtype: object"	1	selection	5000	5000	all	4_4	225	"_model
haten.LEMMAPATHweight    haten
haten.LEMMAPATHweight    haten
Name: type, dtype: object"	NA	NA	"_model
haten.LEMMAPATHweight    dependency
haten.LEMMAPATHweight    dependency
Name: base, dtype: object"
haten.LEMMAPATHweight.PPMIselection.LENGTHFOC.SOCPOSnav	0.6032167268655424	0.3045314661710119	"_model
haten.LEMMAPATHweight    weight
haten.LEMMAPATHweight    weight
Name: LEMMAPATH, dtype: object"	"_model
haten.LEMMAPATHweight    NaN
haten.LEMMAPATHweight    NaN
Name: LEMMAREL, dtype: object"	"_model
haten.LEMMAPATHweight    bound
haten.LEMMAPATHweight    bound
Name: foc_boundaries, dtype: object"	372	"_model
haten.LEMMAPATHweight    NaN
haten.LEMMAPATHweight    NaN
Name: foc_foc_pos, dtype: object"	"_model
haten.LEMMAPATHweight    NaN
haten.LEMMAPATHweight    NaN
Name: foc_foc_win, dtype: object"	1	selection	FOC	195	nav	4_4	225	"_model
haten.LEMMAPATHweight    haten
haten.LEMMAPATHweight    haten
Name: type, dtype: object"	NA	NA	"_model
haten.LEMMAPATHweight    dependency
haten.LEMMAPATHweight    dependency
Name: base, dtype: object"
haten.LEMMAPATHweight.PPMIselection.LENGTHFOC.SOCPOSall	0.6589278877103726	0.20170485565409071	"_model
haten.LEMMAPATHweight    weight
haten.LEMMAPATHweight    weight
Name: LEMMAPATH, dtype: object"	"_model
haten.LEMMAPATHweight    NaN
haten.LEMMAPATHweight    NaN
Name: LEMMAREL, dtype: object"	"_model
haten.LEMMAPATHweight    bound
haten.LEMMAPATHweight    bound
Name: foc_boundaries, dtype: object"	372	"_model
haten.LEMMAPATHweight    NaN
haten.LEMMAPATHweight    NaN
Name: foc_foc_pos, dtype: object"	"_model
haten.LEMMAPATHweight    NaN
haten.LEMMAPATHweight    NaN
Name: foc_foc_win, dtype: object"	1	selection	FOC	372	all	4_4	225	"_model
haten.LEMMAPATHweight    haten
haten.LEMMAPATHweight    haten
Name: type, dtype: object"	NA	NA	"_model
haten.LEMMAPATHweight    dependency
haten.LEMMAPATHweight    dependency
Name: base, dtype: object"
haten.LEMMAPATHweight.PPMIno.LENGTH5000.SOCPOSnav	0.9610382455213698	-0.654364203797382	"_model
haten.LEMMAPATHweight    weight
haten.LEMMAPATHweight    weight
Name: LEMMAPATH, dtype: object"	"_model
haten.LEMMAPATHweight    NaN
haten.LEMMAPATHweight    NaN
Name: LEMMAREL, dtype: object"	"_model
haten.LEMMAPATHweight    bound
haten.LEMMAPATHweight    bound
Name: foc_boundaries, dtype: object"	654	"_model
haten.LEMMAPATHweight    NaN
haten.LEMMAPATHweight    NaN
Name: foc_foc_pos, dtype: object"	"_model
haten.LEMMAPATHweight    NaN
haten.LEMMAPATHweight    NaN
Name: foc_foc_win, dtype: object"	1	no	5000	5000	nav	4_4	226	"_model
haten.LEMMAPATHweight    haten
haten.LEMMAPATHweight    haten
Name: type, dtype: object"	NA	NA	"_model
haten.LEMMAPATHweight    dependency
haten.LEMMAPATHweight    dependency
Name: base, dtype: object"
haten.LEMMAPATHweight.PPMIno.LENGTH5000.SOCPOSall	0.5015403248869224	-1.8274588446729394	"_model
haten.LEMMAPATHweight    weight
haten.LEMMAPATHweight    weight
Name: LEMMAPATH, dtype: object"	"_model
haten.LEMMAPATHweight    NaN
haten.LEMMAPATHweight    NaN
Name: LEMMAREL, dtype: object"	"_model
haten.LEMMAPATHweight    bound
haten.LEMMAPATHweight    bound
Name: foc_boundaries, dtype: object"	654	"_model
haten.LEMMAPATHweight    NaN
haten.LEMMAPATHweight    NaN
Name: foc_foc_pos, dtype: object"	"_model
haten.LEMMAPATHweight    NaN
haten.LEMMAPATHweight    NaN
Name: foc_foc_win, dtype: object"	1	no	5000	5000	all	4_4	226	"_model
haten.LEMMAPATHweight    haten
haten.LEMMAPATHweight    haten
Name: type, dtype: object"	NA	NA	"_model
haten.LEMMAPATHweight    dependency
haten.LEMMAPATHweight    dependency
Name: base, dtype: object"
haten.LEMMAPATHweight.PPMIno.LENGTHFOC.SOCPOSnav	0.9514541708157996	-0.05249616718629008	"_model
haten.LEMMAPATHweight    weight
haten.LEMMAPATHweight    weight
Name: LEMMAPATH, dtype: object"	"_model
haten.LEMMAPATHweight    NaN
haten.LEMMAPATHweight    NaN
Name: LEMMAREL, dtype: object"	"_model
haten.LEMMAPATHweight    bound
haten.LEMMAPATHweight    bound
Name: foc_boundaries, dtype: object"	654	"_model
haten.LEMMAPATHweight    NaN
haten.LEMMAPATHweight    NaN
Name: foc_foc_pos, dtype: object"	"_model
haten.LEMMAPATHweight    NaN
haten.LEMMAPATHweight    NaN
Name: foc_foc_win, dtype: object"	1	no	FOC	362	nav	4_4	226	"_model
haten.LEMMAPATHweight    haten
haten.LEMMAPATHweight    haten
Name: type, dtype: object"	NA	NA	"_model
haten.LEMMAPATHweight    dependency
haten.LEMMAPATHweight    dependency
Name: base, dtype: object"
haten.LEMMAPATHweight.PPMIno.LENGTHFOC.SOCPOSall	1.0006458624687227	-0.10513236168594932	"_model
haten.LEMMAPATHweight    weight
haten.LEMMAPATHweight    weight
Name: LEMMAPATH, dtype: object"	"_model
haten.LEMMAPATHweight    NaN
haten.LEMMAPATHweight    NaN
Name: LEMMAREL, dtype: object"	"_model
haten.LEMMAPATHweight    bound
haten.LEMMAPATHweight    bound
Name: foc_boundaries, dtype: object"	654	"_model
haten.LEMMAPATHweight    NaN
haten.LEMMAPATHweight    NaN
Name: foc_foc_pos, dtype: object"	"_model
haten.LEMMAPATHweight    NaN
haten.LEMMAPATHweight    NaN
Name: foc_foc_win, dtype: object"	1	no	FOC	654	all	4_4	226	"_model
haten.LEMMAPATHweight    haten
haten.LEMMAPATHweight    haten
Name: type, dtype: object"	NA	NA	"_model
haten.LEMMAPATHweight    dependency
haten.LEMMAPATHweight    dependency
Name: base, dtype: object"
haten.LEMMAREL1.PPMIweight.LENGTH5000.SOCPOSnav	1.4885170560264567	0.14543393905400556	NA	group1	bound	182	NA	NA	1	weight	5000	5000	nav	4_4	210	haten	NA	NA	dependency
haten.LEMMAREL1.PPMIweight.LENGTH5000.SOCPOSall	1.325617291131111	-0.5184148210664119	NA	group1	bound	182	NA	NA	1	weight	5000	5000	all	4_4	210	haten	NA	NA	dependency
haten.LEMMAREL1.PPMIweight.LENGTHFOC.SOCPOSnav	1.3563859584461615	0.6333090773371124	NA	group1	bound	182	NA	NA	1	weight	FOC	83	nav	4_4	210	haten	NA	NA	dependency
haten.LEMMAREL1.PPMIweight.LENGTHFOC.SOCPOSall	1.3721673177919709	0.4806388356937454	NA	group1	bound	182	NA	NA	1	weight	FOC	182	all	4_4	210	haten	NA	NA	dependency
haten.LEMMAREL1.PPMIselection.LENGTH5000.SOCPOSnav	1.2409607341215918	-0.04595827387709658	NA	group1	bound	182	NA	NA	1	selection	5000	5000	nav	4_4	210	haten	NA	NA	dependency
haten.LEMMAREL1.PPMIselection.LENGTH5000.SOCPOSall	1.0196864535967243	-0.8523012772372859	NA	group1	bound	182	NA	NA	1	selection	5000	5000	all	4_4	210	haten	NA	NA	dependency
haten.LEMMAREL1.PPMIselection.LENGTHFOC.SOCPOSnav	1.1635663415247857	0.44714127630888556	NA	group1	bound	182	NA	NA	1	selection	FOC	83	nav	4_4	210	haten	NA	NA	dependency
haten.LEMMAREL1.PPMIselection.LENGTHFOC.SOCPOSall	1.1574142152696714	0.3130689894986095	NA	group1	bound	182	NA	NA	1	selection	FOC	182	all	4_4	210	haten	NA	NA	dependency
haten.LEMMAREL1.PPMIno.LENGTH5000.SOCPOSnav	1.3413216328039124	-0.09660747679024997	NA	group1	bound	234	NA	NA	1	no	5000	5000	nav	4_4	218	haten	NA	NA	dependency
haten.LEMMAREL1.PPMIno.LENGTH5000.SOCPOSall	1.190058978063868	-1.1474166208308934	NA	group1	bound	234	NA	NA	1	no	5000	5000	all	4_4	218	haten	NA	NA	dependency
haten.LEMMAREL1.PPMIno.LENGTHFOC.SOCPOSnav	1.3363042102411988	0.443320693216201	NA	group1	bound	234	NA	NA	1	no	FOC	105	nav	4_4	218	haten	NA	NA	dependency
haten.LEMMAREL1.PPMIno.LENGTHFOC.SOCPOSall	1.3333080952034664	0.30929532158172945	NA	group1	bound	234	NA	NA	1	no	FOC	234	all	4_4	218	haten	NA	NA	dependency
haten.LEMMAREL2.PPMIweight.LENGTH5000.SOCPOSnav	1.638758105169835	0.22328478822266648	NA	group2	bound	218	NA	NA	1	weight	5000	5000	nav	4_4	223	haten	NA	NA	dependency
haten.LEMMAREL2.PPMIweight.LENGTH5000.SOCPOSall	1.4835739533083077	-0.5885864405836071	NA	group2	bound	218	NA	NA	1	weight	5000	5000	all	4_4	223	haten	NA	NA	dependency
haten.LEMMAREL2.PPMIweight.LENGTHFOC.SOCPOSnav	1.5240027086128378	0.70906654424818	NA	group2	bound	218	NA	NA	1	weight	FOC	105	nav	4_4	223	haten	NA	NA	dependency
haten.LEMMAREL2.PPMIweight.LENGTHFOC.SOCPOSall	1.508262616610556	0.5725242602731704	NA	group2	bound	218	NA	NA	1	weight	FOC	218	all	4_4	223	haten	NA	NA	dependency
haten.LEMMAREL2.PPMIselection.LENGTH5000.SOCPOSnav	1.2734908862883385	-0.1381534737465151	NA	group2	bound	218	NA	NA	1	selection	5000	5000	nav	4_4	223	haten	NA	NA	dependency
haten.LEMMAREL2.PPMIselection.LENGTH5000.SOCPOSall	1.0138867970193983	-1.048680646878758	NA	group2	bound	218	NA	NA	1	selection	5000	5000	all	4_4	223	haten	NA	NA	dependency
haten.LEMMAREL2.PPMIselection.LENGTHFOC.SOCPOSnav	1.3226342982992383	0.49997931687692937	NA	group2	bound	218	NA	NA	1	selection	FOC	105	nav	4_4	223	haten	NA	NA	dependency
haten.LEMMAREL2.PPMIselection.LENGTHFOC.SOCPOSall	1.225496179212311	0.32688499457820175	NA	group2	bound	218	NA	NA	1	selection	FOC	218	all	4_4	223	haten	NA	NA	dependency
haten.LEMMAREL2.PPMIno.LENGTH5000.SOCPOSnav	1.194795635728308	-0.23188134962752674	NA	group2	bound	298	NA	NA	1	no	5000	5000	nav	4_4	224	haten	NA	NA	dependency
haten.LEMMAREL2.PPMIno.LENGTH5000.SOCPOSall	1.009717879304534	-1.266117609801893	NA	group2	bound	298	NA	NA	1	no	5000	5000	all	4_4	224	haten	NA	NA	dependency
haten.LEMMAREL2.PPMIno.LENGTHFOC.SOCPOSnav	1.2911190631357332	0.35745281948917434	NA	group2	bound	298	NA	NA	1	no	FOC	149	nav	4_4	224	haten	NA	NA	dependency
haten.LEMMAREL2.PPMIno.LENGTHFOC.SOCPOSall	1.254248271945687	0.198946916119683	NA	group2	bound	298	NA	NA	1	no	FOC	298	all	4_4	224	haten	NA	NA	dependency
