_model	model.x	model.y	LEMMAPATH	LEMMAREL	base	foc_boundaries	foc_context_words	foc_foc_pos	foc_foc_win	foc_minimum_features	foc_ppmi	soc_length	soc_length_num	soc_soc_pos	soc_soc_win	tokens	type	foc_base
heffen.BOWbound10lex.PPMIweight.LENGTH5000.SOCPOSnav	-0.015537767489287712	-0.23639989442147322	NA	NA	BOW	bound	366	lex	10_10	1	weight	5000	5000	nav	4_4	217	heffen	BOW
heffen.BOWbound10lex.PPMIweight.LENGTH5000.SOCPOSall	0.10493637407453084	-0.6771457686707497	NA	NA	BOW	bound	366	lex	10_10	1	weight	5000	5000	all	4_4	217	heffen	BOW
heffen.BOWbound10lex.PPMIweight.LENGTHFOC.SOCPOSnav	-0.03115749963791035	-0.2157593198122198	NA	NA	BOW	bound	366	lex	10_10	1	weight	FOC	253	nav	4_4	217	heffen	BOW
heffen.BOWbound10lex.PPMIweight.LENGTHFOC.SOCPOSall	-0.021474498080264796	-0.23245835270806875	NA	NA	BOW	bound	366	lex	10_10	1	weight	FOC	366	all	4_4	217	heffen	BOW
heffen.BOWbound10lex.PPMIselection.LENGTH5000.SOCPOSnav	-0.15396701153833786	-0.40755296902448024	NA	NA	BOW	bound	366	lex	10_10	1	selection	5000	5000	nav	4_4	217	heffen	BOW
heffen.BOWbound10lex.PPMIselection.LENGTH5000.SOCPOSall	-0.05176142209151386	-0.8725993190752521	NA	NA	BOW	bound	366	lex	10_10	1	selection	5000	5000	all	4_4	217	heffen	BOW
heffen.BOWbound10lex.PPMIselection.LENGTHFOC.SOCPOSnav	-0.0846444551689433	-0.2489844405823039	NA	NA	BOW	bound	366	lex	10_10	1	selection	FOC	253	nav	4_4	217	heffen	BOW
heffen.BOWbound10lex.PPMIselection.LENGTHFOC.SOCPOSall	-0.07898500333371104	-0.263077765752026	NA	NA	BOW	bound	366	lex	10_10	1	selection	FOC	366	all	4_4	217	heffen	BOW
heffen.BOWbound10lex.PPMIno.LENGTH5000.SOCPOSnav	-0.5050961387322763	-0.5069796348502006	NA	NA	BOW	bound	718	lex	10_10	1	no	5000	5000	nav	4_4	218	heffen	BOW
heffen.BOWbound10lex.PPMIno.LENGTH5000.SOCPOSall	-0.6376067468739366	-1.2509565250889456	NA	NA	BOW	bound	718	lex	10_10	1	no	5000	5000	all	4_4	218	heffen	BOW
heffen.BOWbound10lex.PPMIno.LENGTHFOC.SOCPOSnav	-0.36061074773907664	-0.38212670166597756	NA	NA	BOW	bound	718	lex	10_10	1	no	FOC	502	nav	4_4	218	heffen	BOW
heffen.BOWbound10lex.PPMIno.LENGTHFOC.SOCPOSall	-0.3549252064062235	-0.38901932400883976	NA	NA	BOW	bound	718	lex	10_10	1	no	FOC	718	all	4_4	218	heffen	BOW
heffen.BOWbound10all.PPMIweight.LENGTH5000.SOCPOSnav	-0.10722687532322947	-0.12087293861994204	NA	NA	BOW	bound	475	all	10_10	1	weight	5000	5000	nav	4_4	218	heffen	BOW
heffen.BOWbound10all.PPMIweight.LENGTH5000.SOCPOSall	-0.018598268893626146	-0.6718004704416907	NA	NA	BOW	bound	475	all	10_10	1	weight	5000	5000	all	4_4	218	heffen	BOW
heffen.BOWbound10all.PPMIweight.LENGTHFOC.SOCPOSnav	-0.07534355553046558	-0.13483331687415298	NA	NA	BOW	bound	475	all	10_10	1	weight	FOC	253	nav	4_4	218	heffen	BOW
heffen.BOWbound10all.PPMIweight.LENGTHFOC.SOCPOSall	-0.07763321010244555	-0.1425615790724621	NA	NA	BOW	bound	475	all	10_10	1	weight	FOC	475	all	4_4	218	heffen	BOW
heffen.BOWbound10all.PPMIselection.LENGTH5000.SOCPOSnav	-0.6752929819010566	0.12369881468849776	NA	NA	BOW	bound	475	all	10_10	1	selection	5000	5000	nav	4_4	218	heffen	BOW
heffen.BOWbound10all.PPMIselection.LENGTH5000.SOCPOSall	-0.7886794308029589	-0.2730088487772206	NA	NA	BOW	bound	475	all	10_10	1	selection	5000	5000	all	4_4	218	heffen	BOW
heffen.BOWbound10all.PPMIselection.LENGTHFOC.SOCPOSnav	-0.2600932461422669	-0.05514382212046642	NA	NA	BOW	bound	475	all	10_10	1	selection	FOC	253	nav	4_4	218	heffen	BOW
heffen.BOWbound10all.PPMIselection.LENGTHFOC.SOCPOSall	-0.2754956808189767	-0.05388662800973196	NA	NA	BOW	bound	475	all	10_10	1	selection	FOC	475	all	4_4	218	heffen	BOW
heffen.BOWbound10all.PPMIno.LENGTH5000.SOCPOSnav	-1.095236224659133	0.14117953390452917	NA	NA	BOW	bound	960	all	10_10	1	no	5000	5000	nav	4_4	218	heffen	BOW
heffen.BOWbound10all.PPMIno.LENGTH5000.SOCPOSall	-1.7171280396432977	0.10490099773379682	NA	NA	BOW	bound	960	all	10_10	1	no	5000	5000	all	4_4	218	heffen	BOW
heffen.BOWbound10all.PPMIno.LENGTHFOC.SOCPOSnav	-0.6967468998475431	-0.07939439587761558	NA	NA	BOW	bound	960	all	10_10	1	no	FOC	502	nav	4_4	218	heffen	BOW
heffen.BOWbound10all.PPMIno.LENGTHFOC.SOCPOSall	-0.7549027445127614	-0.07784125031751646	NA	NA	BOW	bound	960	all	10_10	1	no	FOC	960	all	4_4	218	heffen	BOW
heffen.BOWbound5lex.PPMIweight.LENGTH5000.SOCPOSnav	0.1810800029580546	-0.23903359970980775	NA	NA	BOW	bound	279	lex	5_5	1	weight	5000	5000	nav	4_4	216	heffen	BOW
heffen.BOWbound5lex.PPMIweight.LENGTH5000.SOCPOSall	0.38323633058218765	-0.610480178693044	NA	NA	BOW	bound	279	lex	5_5	1	weight	5000	5000	all	4_4	216	heffen	BOW
heffen.BOWbound5lex.PPMIweight.LENGTHFOC.SOCPOSnav	0.13799635246397732	-0.2112390526953383	NA	NA	BOW	bound	279	lex	5_5	1	weight	FOC	194	nav	4_4	216	heffen	BOW
heffen.BOWbound5lex.PPMIweight.LENGTHFOC.SOCPOSall	0.14530505707261557	-0.21774900493933552	NA	NA	BOW	bound	279	lex	5_5	1	weight	FOC	279	all	4_4	216	heffen	BOW
heffen.BOWbound5lex.PPMIselection.LENGTH5000.SOCPOSnav	0.19922063731289277	-0.3667335468360851	NA	NA	BOW	bound	279	lex	5_5	1	selection	5000	5000	nav	4_4	216	heffen	BOW
heffen.BOWbound5lex.PPMIselection.LENGTH5000.SOCPOSall	0.40765532781465036	-0.7290751049668518	NA	NA	BOW	bound	279	lex	5_5	1	selection	5000	5000	all	4_4	216	heffen	BOW
heffen.BOWbound5lex.PPMIselection.LENGTHFOC.SOCPOSnav	0.12574859835790733	-0.22635676054615644	NA	NA	BOW	bound	279	lex	5_5	1	selection	FOC	194	nav	4_4	216	heffen	BOW
heffen.BOWbound5lex.PPMIselection.LENGTHFOC.SOCPOSall	0.12463761237129409	-0.23499610734943208	NA	NA	BOW	bound	279	lex	5_5	1	selection	FOC	279	all	4_4	216	heffen	BOW
heffen.BOWbound5lex.PPMIno.LENGTH5000.SOCPOSnav	0.09937775033150949	-0.49060802801182435	NA	NA	BOW	bound	433	lex	5_5	1	no	5000	5000	nav	4_4	218	heffen	BOW
heffen.BOWbound5lex.PPMIno.LENGTH5000.SOCPOSall	0.3379367085425634	-0.966136556093718	NA	NA	BOW	bound	433	lex	5_5	1	no	5000	5000	all	4_4	218	heffen	BOW
heffen.BOWbound5lex.PPMIno.LENGTHFOC.SOCPOSnav	0.08232649513319353	-0.3195315285275235	NA	NA	BOW	bound	433	lex	5_5	1	no	FOC	315	nav	4_4	218	heffen	BOW
heffen.BOWbound5lex.PPMIno.LENGTHFOC.SOCPOSall	0.07022949946440946	-0.30587549538889985	NA	NA	BOW	bound	433	lex	5_5	1	no	FOC	433	all	4_4	218	heffen	BOW
heffen.BOWbound5all.PPMIweight.LENGTH5000.SOCPOSnav	0.09883849774295048	-0.09024631814222459	NA	NA	BOW	bound	361	all	5_5	1	weight	5000	5000	nav	4_4	217	heffen	BOW
heffen.BOWbound5all.PPMIweight.LENGTH5000.SOCPOSall	0.37545310395702197	-0.5879141265510789	NA	NA	BOW	bound	361	all	5_5	1	weight	5000	5000	all	4_4	217	heffen	BOW
heffen.BOWbound5all.PPMIweight.LENGTHFOC.SOCPOSnav	0.09397501593334998	-0.12101171958356229	NA	NA	BOW	bound	361	all	5_5	1	weight	FOC	194	nav	4_4	217	heffen	BOW
heffen.BOWbound5all.PPMIweight.LENGTHFOC.SOCPOSall	0.08039933964885802	-0.12498076224298005	NA	NA	BOW	bound	361	all	5_5	1	weight	FOC	361	all	4_4	217	heffen	BOW
heffen.BOWbound5all.PPMIselection.LENGTH5000.SOCPOSnav	-0.438927149564337	0.1364729685800751	NA	NA	BOW	bound	361	all	5_5	1	selection	5000	5000	nav	4_4	217	heffen	BOW
heffen.BOWbound5all.PPMIselection.LENGTH5000.SOCPOSall	0.44502536113477076	0.5073033908606412	NA	NA	BOW	bound	361	all	5_5	1	selection	5000	5000	all	4_4	217	heffen	BOW
heffen.BOWbound5all.PPMIselection.LENGTHFOC.SOCPOSnav	-0.026582143333459686	-0.03488160994337551	NA	NA	BOW	bound	361	all	5_5	1	selection	FOC	194	nav	4_4	217	heffen	BOW
heffen.BOWbound5all.PPMIselection.LENGTHFOC.SOCPOSall	-0.044878247377284776	-0.028932234044777575	NA	NA	BOW	bound	361	all	5_5	1	selection	FOC	361	all	4_4	217	heffen	BOW
heffen.BOWbound5all.PPMIno.LENGTH5000.SOCPOSnav	-0.7060122030413618	0.2233903985686572	NA	NA	BOW	bound	580	all	5_5	1	no	5000	5000	nav	4_4	218	heffen	BOW
heffen.BOWbound5all.PPMIno.LENGTH5000.SOCPOSall	-1.1295761302673295	0.41345404653274	NA	NA	BOW	bound	580	all	5_5	1	no	5000	5000	all	4_4	218	heffen	BOW
heffen.BOWbound5all.PPMIno.LENGTHFOC.SOCPOSnav	-0.27852028629742753	0.0036739305432918327	NA	NA	BOW	bound	580	all	5_5	1	no	FOC	315	nav	4_4	218	heffen	BOW
heffen.BOWbound5all.PPMIno.LENGTHFOC.SOCPOSall	-0.3011549125686088	0.01636421282808176	NA	NA	BOW	bound	580	all	5_5	1	no	FOC	580	all	4_4	218	heffen	BOW
heffen.BOWbound3lex.PPMIweight.LENGTH5000.SOCPOSnav	0.48246275951998424	-0.09796242386605324	NA	NA	BOW	bound	202	lex	3_3	1	weight	5000	5000	nav	4_4	204	heffen	BOW
heffen.BOWbound3lex.PPMIweight.LENGTH5000.SOCPOSall	0.8431877615807551	-0.29370383545015827	NA	NA	BOW	bound	202	lex	3_3	1	weight	5000	5000	all	4_4	204	heffen	BOW
heffen.BOWbound3lex.PPMIweight.LENGTHFOC.SOCPOSnav	0.39384668633791164	-0.07131703416438527	NA	NA	BOW	bound	202	lex	3_3	1	weight	FOC	136	nav	4_4	204	heffen	BOW
heffen.BOWbound3lex.PPMIweight.LENGTHFOC.SOCPOSall	0.3826814887583281	-0.08029659272467925	NA	NA	BOW	bound	202	lex	3_3	1	weight	FOC	202	all	4_4	204	heffen	BOW
heffen.BOWbound3lex.PPMIselection.LENGTH5000.SOCPOSnav	0.537528730836694	-0.12916347058887517	NA	NA	BOW	bound	202	lex	3_3	1	selection	5000	5000	nav	4_4	204	heffen	BOW
heffen.BOWbound3lex.PPMIselection.LENGTH5000.SOCPOSall	0.8759510532268211	-0.31068299790728315	NA	NA	BOW	bound	202	lex	3_3	1	selection	5000	5000	all	4_4	204	heffen	BOW
heffen.BOWbound3lex.PPMIselection.LENGTHFOC.SOCPOSnav	0.3947030777333647	-0.08234156892120206	NA	NA	BOW	bound	202	lex	3_3	1	selection	FOC	136	nav	4_4	204	heffen	BOW
heffen.BOWbound3lex.PPMIselection.LENGTHFOC.SOCPOSall	0.36972505139941986	-0.08108889635792743	NA	NA	BOW	bound	202	lex	3_3	1	selection	FOC	202	all	4_4	204	heffen	BOW
heffen.BOWbound3lex.PPMIno.LENGTH5000.SOCPOSnav	0.7716136003499334	-0.21583659011787087	NA	NA	BOW	bound	280	lex	3_3	1	no	5000	5000	nav	4_4	213	heffen	BOW
heffen.BOWbound3lex.PPMIno.LENGTH5000.SOCPOSall	1.1682216185360064	-0.35965086751282876	NA	NA	BOW	bound	280	lex	3_3	1	no	5000	5000	all	4_4	213	heffen	BOW
heffen.BOWbound3lex.PPMIno.LENGTHFOC.SOCPOSnav	0.6005728714997206	-0.1570326084192142	NA	NA	BOW	bound	280	lex	3_3	1	no	FOC	195	nav	4_4	213	heffen	BOW
heffen.BOWbound3lex.PPMIno.LENGTHFOC.SOCPOSall	0.5821246903279635	-0.15406758380213986	NA	NA	BOW	bound	280	lex	3_3	1	no	FOC	280	all	4_4	213	heffen	BOW
heffen.BOWbound3all.PPMIweight.LENGTH5000.SOCPOSnav	0.6534333580425228	0.06380363454935091	NA	NA	BOW	bound	261	all	3_3	1	weight	5000	5000	nav	4_4	216	heffen	BOW
heffen.BOWbound3all.PPMIweight.LENGTH5000.SOCPOSall	1.0690073559818074	-0.018747371534280206	NA	NA	BOW	bound	261	all	3_3	1	weight	5000	5000	all	4_4	216	heffen	BOW
heffen.BOWbound3all.PPMIweight.LENGTHFOC.SOCPOSnav	0.5538140571306327	0.02703267951045152	NA	NA	BOW	bound	261	all	3_3	1	weight	FOC	136	nav	4_4	216	heffen	BOW
heffen.BOWbound3all.PPMIweight.LENGTHFOC.SOCPOSall	0.5198784142326782	0.0136847183976967	NA	NA	BOW	bound	261	all	3_3	1	weight	FOC	261	all	4_4	216	heffen	BOW
heffen.BOWbound3all.PPMIselection.LENGTH5000.SOCPOSnav	0.7370195681381176	0.4507651980819905	NA	NA	BOW	bound	261	all	3_3	1	selection	5000	5000	nav	4_4	216	heffen	BOW
heffen.BOWbound3all.PPMIselection.LENGTH5000.SOCPOSall	1.032630537759338	0.3001961432164109	NA	NA	BOW	bound	261	all	3_3	1	selection	5000	5000	all	4_4	216	heffen	BOW
heffen.BOWbound3all.PPMIselection.LENGTHFOC.SOCPOSnav	0.5141483623824916	0.14809127743656067	NA	NA	BOW	bound	261	all	3_3	1	selection	FOC	136	nav	4_4	216	heffen	BOW
heffen.BOWbound3all.PPMIselection.LENGTHFOC.SOCPOSall	0.46028464743698966	0.13596378732846243	NA	NA	BOW	bound	261	all	3_3	1	selection	FOC	261	all	4_4	216	heffen	BOW
heffen.BOWbound3all.PPMIno.LENGTH5000.SOCPOSnav	0.7599610637508806	0.6247831065217739	NA	NA	BOW	bound	372	all	3_3	1	no	5000	5000	nav	4_4	217	heffen	BOW
heffen.BOWbound3all.PPMIno.LENGTH5000.SOCPOSall	1.1711999995346325	0.5969584965263851	NA	NA	BOW	bound	372	all	3_3	1	no	5000	5000	all	4_4	217	heffen	BOW
heffen.BOWbound3all.PPMIno.LENGTHFOC.SOCPOSnav	0.539518817168389	0.24447674069844352	NA	NA	BOW	bound	372	all	3_3	1	no	FOC	195	nav	4_4	217	heffen	BOW
heffen.BOWbound3all.PPMIno.LENGTHFOC.SOCPOSall	0.5071339277332563	0.23949109067184712	NA	NA	BOW	bound	372	all	3_3	1	no	FOC	372	all	4_4	217	heffen	BOW
heffen.BOWnobound10lex.PPMIweight.LENGTH5000.SOCPOSnav	-0.09342507969318904	-0.36639088061540154	NA	NA	BOW	nobound	454	lex	10_10	1	weight	5000	5000	nav	4_4	218	heffen	BOW
heffen.BOWnobound10lex.PPMIweight.LENGTH5000.SOCPOSall	-0.05170182768097543	-0.8241541262143827	NA	NA	BOW	nobound	454	lex	10_10	1	weight	5000	5000	all	4_4	218	heffen	BOW
heffen.BOWnobound10lex.PPMIweight.LENGTHFOC.SOCPOSnav	-0.10907883907115437	-0.3394270230460243	NA	NA	BOW	nobound	454	lex	10_10	1	weight	FOC	314	nav	4_4	218	heffen	BOW
heffen.BOWnobound10lex.PPMIweight.LENGTHFOC.SOCPOSall	-0.09393442827776177	-0.35229819518991323	NA	NA	BOW	nobound	454	lex	10_10	1	weight	FOC	454	all	4_4	218	heffen	BOW
heffen.BOWnobound10lex.PPMIselection.LENGTH5000.SOCPOSnav	-0.280456672340476	-0.583877412476998	NA	NA	BOW	nobound	454	lex	10_10	1	selection	5000	5000	nav	4_4	218	heffen	BOW
heffen.BOWnobound10lex.PPMIselection.LENGTH5000.SOCPOSall	-0.2312426197182805	-1.0968259624676953	NA	NA	BOW	nobound	454	lex	10_10	1	selection	5000	5000	all	4_4	218	heffen	BOW
heffen.BOWnobound10lex.PPMIselection.LENGTHFOC.SOCPOSnav	-0.21658051665954928	-0.4199799941494401	NA	NA	BOW	nobound	454	lex	10_10	1	selection	FOC	314	nav	4_4	218	heffen	BOW
heffen.BOWnobound10lex.PPMIselection.LENGTHFOC.SOCPOSall	-0.2082500936628174	-0.4323061479907863	NA	NA	BOW	nobound	454	lex	10_10	1	selection	FOC	454	all	4_4	218	heffen	BOW
heffen.BOWnobound10lex.PPMIno.LENGTH5000.SOCPOSnav	-0.6084560656720841	-0.8570872745853039	NA	NA	BOW	nobound	991	lex	10_10	1	no	5000	5000	nav	4_4	218	heffen	BOW
heffen.BOWnobound10lex.PPMIno.LENGTH5000.SOCPOSall	-0.9308503361495636	-1.6341752778948353	NA	NA	BOW	nobound	991	lex	10_10	1	no	5000	5000	all	4_4	218	heffen	BOW
heffen.BOWnobound10lex.PPMIno.LENGTHFOC.SOCPOSnav	-0.5420377204757085	-0.6931226623621113	NA	NA	BOW	nobound	991	lex	10_10	1	no	FOC	702	nav	4_4	218	heffen	BOW
heffen.BOWnobound10lex.PPMIno.LENGTHFOC.SOCPOSall	-0.5278357146456978	-0.6972003692011981	NA	NA	BOW	nobound	991	lex	10_10	1	no	FOC	991	all	4_4	218	heffen	BOW
heffen.BOWnobound10all.PPMIweight.LENGTH5000.SOCPOSnav	-0.2021811715196156	-0.2638936952831373	NA	NA	BOW	nobound	598	all	10_10	1	weight	5000	5000	nav	4_4	218	heffen	BOW
heffen.BOWnobound10all.PPMIweight.LENGTH5000.SOCPOSall	-0.17628702607099725	-0.8319840302689686	NA	NA	BOW	nobound	598	all	10_10	1	weight	5000	5000	all	4_4	218	heffen	BOW
heffen.BOWnobound10all.PPMIweight.LENGTHFOC.SOCPOSnav	-0.17654598328443616	-0.25951359366435434	NA	NA	BOW	nobound	598	all	10_10	1	weight	FOC	314	nav	4_4	218	heffen	BOW
heffen.BOWnobound10all.PPMIweight.LENGTHFOC.SOCPOSall	-0.1716978383273507	-0.27534485964047845	NA	NA	BOW	nobound	598	all	10_10	1	weight	FOC	598	all	4_4	218	heffen	BOW
heffen.BOWnobound10all.PPMIselection.LENGTH5000.SOCPOSnav	-0.9014953521017998	-0.11235361136236685	NA	NA	BOW	nobound	598	all	10_10	1	selection	5000	5000	nav	4_4	218	heffen	BOW
heffen.BOWnobound10all.PPMIselection.LENGTH5000.SOCPOSall	-0.9640449547797852	-0.6985080720785868	NA	NA	BOW	nobound	598	all	10_10	1	selection	5000	5000	all	4_4	218	heffen	BOW
heffen.BOWnobound10all.PPMIselection.LENGTHFOC.SOCPOSnav	-0.4393777574898171	-0.21723483154975232	NA	NA	BOW	nobound	598	all	10_10	1	selection	FOC	314	nav	4_4	218	heffen	BOW
heffen.BOWnobound10all.PPMIselection.LENGTHFOC.SOCPOSall	-0.45184045302861964	-0.22858307614618614	NA	NA	BOW	nobound	598	all	10_10	1	selection	FOC	598	all	4_4	218	heffen	BOW
heffen.BOWnobound10all.PPMIno.LENGTH5000.SOCPOSnav	-1.3522715168276271	-0.18385450679143003	NA	NA	BOW	nobound	1325	all	10_10	1	no	5000	5000	nav	4_4	218	heffen	BOW
heffen.BOWnobound10all.PPMIno.LENGTH5000.SOCPOSall	-2.1847390360510297	-0.6123489074281643	NA	NA	BOW	nobound	1325	all	10_10	1	no	5000	5000	all	4_4	218	heffen	BOW
heffen.BOWnobound10all.PPMIno.LENGTHFOC.SOCPOSnav	-0.9801384492858017	-0.3933366409972793	NA	NA	BOW	nobound	1325	all	10_10	1	no	FOC	702	nav	4_4	218	heffen	BOW
heffen.BOWnobound10all.PPMIno.LENGTHFOC.SOCPOSall	-1.0634047402578992	-0.4359452455136732	NA	NA	BOW	nobound	1325	all	10_10	1	no	FOC	1325	all	4_4	218	heffen	BOW
heffen.BOWnobound5lex.PPMIweight.LENGTH5000.SOCPOSnav	0.17378699328253927	-0.28890183635793576	NA	NA	BOW	nobound	322	lex	5_5	1	weight	5000	5000	nav	4_4	217	heffen	BOW
heffen.BOWnobound5lex.PPMIweight.LENGTH5000.SOCPOSall	0.37176534959132146	-0.6385111525846539	NA	NA	BOW	nobound	322	lex	5_5	1	weight	5000	5000	all	4_4	217	heffen	BOW
heffen.BOWnobound5lex.PPMIweight.LENGTHFOC.SOCPOSnav	0.1426085017304907	-0.2598991558010036	NA	NA	BOW	nobound	322	lex	5_5	1	weight	FOC	221	nav	4_4	217	heffen	BOW
heffen.BOWnobound5lex.PPMIweight.LENGTHFOC.SOCPOSall	0.1474778366871311	-0.26406108986463767	NA	NA	BOW	nobound	322	lex	5_5	1	weight	FOC	322	all	4_4	217	heffen	BOW
heffen.BOWnobound5lex.PPMIselection.LENGTH5000.SOCPOSnav	0.1731397312313941	-0.4400140670480712	NA	NA	BOW	nobound	322	lex	5_5	1	selection	5000	5000	nav	4_4	217	heffen	BOW
heffen.BOWnobound5lex.PPMIselection.LENGTH5000.SOCPOSall	0.3684720172068076	-0.7986902143023082	NA	NA	BOW	nobound	322	lex	5_5	1	selection	5000	5000	all	4_4	217	heffen	BOW
heffen.BOWnobound5lex.PPMIselection.LENGTHFOC.SOCPOSnav	0.1138813171140449	-0.2962529486465617	NA	NA	BOW	nobound	322	lex	5_5	1	selection	FOC	221	nav	4_4	217	heffen	BOW
heffen.BOWnobound5lex.PPMIselection.LENGTHFOC.SOCPOSall	0.10995681224898912	-0.30523706741190676	NA	NA	BOW	nobound	322	lex	5_5	1	selection	FOC	322	all	4_4	217	heffen	BOW
heffen.BOWnobound5lex.PPMIno.LENGTH5000.SOCPOSnav	0.06501398505723902	-0.6269961675691416	NA	NA	BOW	nobound	515	lex	5_5	1	no	5000	5000	nav	4_4	218	heffen	BOW
heffen.BOWnobound5lex.PPMIno.LENGTH5000.SOCPOSall	0.2587092273945947	-1.1118441457185508	NA	NA	BOW	nobound	515	lex	5_5	1	no	5000	5000	all	4_4	218	heffen	BOW
heffen.BOWnobound5lex.PPMIno.LENGTHFOC.SOCPOSnav	0.04460980226993766	-0.4428898989517749	NA	NA	BOW	nobound	515	lex	5_5	1	no	FOC	375	nav	4_4	218	heffen	BOW
heffen.BOWnobound5lex.PPMIno.LENGTHFOC.SOCPOSall	0.04429218598672785	-0.43602976237485536	NA	NA	BOW	nobound	515	lex	5_5	1	no	FOC	515	all	4_4	218	heffen	BOW
heffen.BOWnobound5all.PPMIweight.LENGTH5000.SOCPOSnav	0.09460966756971445	-0.14246768097441506	NA	NA	BOW	nobound	427	all	5_5	1	weight	5000	5000	nav	4_4	218	heffen	BOW
heffen.BOWnobound5all.PPMIweight.LENGTH5000.SOCPOSall	0.3358046969011774	-0.6574365847074064	NA	NA	BOW	nobound	427	all	5_5	1	weight	5000	5000	all	4_4	218	heffen	BOW
heffen.BOWnobound5all.PPMIweight.LENGTHFOC.SOCPOSnav	0.08733434048577088	-0.1737116551364967	NA	NA	BOW	nobound	427	all	5_5	1	weight	FOC	221	nav	4_4	218	heffen	BOW
heffen.BOWnobound5all.PPMIweight.LENGTHFOC.SOCPOSall	0.07690312256223265	-0.16848765542264202	NA	NA	BOW	nobound	427	all	5_5	1	weight	FOC	427	all	4_4	218	heffen	BOW
heffen.BOWnobound5all.PPMIselection.LENGTH5000.SOCPOSnav	-0.5290830319309309	0.05278328083879648	NA	NA	BOW	nobound	427	all	5_5	1	selection	5000	5000	nav	4_4	218	heffen	BOW
heffen.BOWnobound5all.PPMIselection.LENGTH5000.SOCPOSall	0.0652362783413712	-0.8489190552582868	NA	NA	BOW	nobound	427	all	5_5	1	selection	5000	5000	all	4_4	218	heffen	BOW
heffen.BOWnobound5all.PPMIselection.LENGTHFOC.SOCPOSnav	-0.05921091229600918	-0.074101679561758907	NA	NA	BOW	nobound	427	all	5_5	1	selection	FOC	221	nav	4_4	218	heffen	BOW
heffen.BOWnobound5all.PPMIselection.LENGTHFOC.SOCPOSall	-0.08682298581559761	-0.07180836660285417	NA	NA	BOW	nobound	427	all	5_5	1	selection	FOC	427	all	4_4	218	heffen	BOW
heffen.BOWnobound5all.PPMIno.LENGTH5000.SOCPOSnav	-0.8434503563395018	0.11760537854024879	NA	NA	BOW	nobound	698	all	5_5	1	no	5000	5000	nav	4_4	218	heffen	BOW
heffen.BOWnobound5all.PPMIno.LENGTH5000.SOCPOSall	-1.3910659226608129	-0.22353335328565896	NA	NA	BOW	nobound	698	all	5_5	1	no	5000	5000	all	4_4	218	heffen	BOW
heffen.BOWnobound5all.PPMIno.LENGTHFOC.SOCPOSnav	-0.4060418916712543	-0.07957534890095706	NA	NA	BOW	nobound	698	all	5_5	1	no	FOC	375	nav	4_4	218	heffen	BOW
heffen.BOWnobound5all.PPMIno.LENGTHFOC.SOCPOSall	-0.4498681840660038	-0.08414277140694906	NA	NA	BOW	nobound	698	all	5_5	1	no	FOC	698	all	4_4	218	heffen	BOW
heffen.BOWnobound3lex.PPMIweight.LENGTH5000.SOCPOSnav	0.5110383099179935	-0.12164893420940322	NA	NA	BOW	nobound	220	lex	3_3	1	weight	5000	5000	nav	4_4	207	heffen	BOW
heffen.BOWnobound3lex.PPMIweight.LENGTH5000.SOCPOSall	0.9003099075969866	-0.30481069853184944	NA	NA	BOW	nobound	220	lex	3_3	1	weight	5000	5000	all	4_4	207	heffen	BOW
heffen.BOWnobound3lex.PPMIweight.LENGTHFOC.SOCPOSnav	0.4588545821057389	-0.09808102812754295	NA	NA	BOW	nobound	220	lex	3_3	1	weight	FOC	151	nav	4_4	207	heffen	BOW
heffen.BOWnobound3lex.PPMIweight.LENGTHFOC.SOCPOSall	0.4146987757938954	-0.10225252112831289	NA	NA	BOW	nobound	220	lex	3_3	1	weight	FOC	220	all	4_4	207	heffen	BOW
heffen.BOWnobound3lex.PPMIselection.LENGTH5000.SOCPOSnav	0.5853390977269801	-0.186547102007389	NA	NA	BOW	nobound	220	lex	3_3	1	selection	5000	5000	nav	4_4	207	heffen	BOW
heffen.BOWnobound3lex.PPMIselection.LENGTH5000.SOCPOSall	0.9485099055622309	-0.3514770967115205	NA	NA	BOW	nobound	220	lex	3_3	1	selection	5000	5000	all	4_4	207	heffen	BOW
heffen.BOWnobound3lex.PPMIselection.LENGTHFOC.SOCPOSnav	0.4410901538527165	-0.10830604609025483	NA	NA	BOW	nobound	220	lex	3_3	1	selection	FOC	151	nav	4_4	207	heffen	BOW
heffen.BOWnobound3lex.PPMIselection.LENGTHFOC.SOCPOSall	0.42018648669166064	-0.11281083050597927	NA	NA	BOW	nobound	220	lex	3_3	1	selection	FOC	220	all	4_4	207	heffen	BOW
heffen.BOWnobound3lex.PPMIno.LENGTH5000.SOCPOSnav	0.8121076046950553	-0.24971719297609354	NA	NA	BOW	nobound	312	lex	3_3	1	no	5000	5000	nav	4_4	214	heffen	BOW
heffen.BOWnobound3lex.PPMIno.LENGTH5000.SOCPOSall	1.2261803863904301	-0.4289842351336579	NA	NA	BOW	nobound	312	lex	3_3	1	no	5000	5000	all	4_4	214	heffen	BOW
heffen.BOWnobound3lex.PPMIno.LENGTHFOC.SOCPOSnav	0.6304090735015517	-0.17395266174051158	NA	NA	BOW	nobound	312	lex	3_3	1	no	FOC	222	nav	4_4	214	heffen	BOW
heffen.BOWnobound3lex.PPMIno.LENGTHFOC.SOCPOSall	0.618257733881263	-0.1725491438394602	NA	NA	BOW	nobound	312	lex	3_3	1	no	FOC	312	all	4_4	214	heffen	BOW
heffen.BOWnobound3all.PPMIweight.LENGTH5000.SOCPOSnav	0.6518335321283496	0.04555625560992946	NA	NA	BOW	nobound	290	all	3_3	1	weight	5000	5000	nav	4_4	216	heffen	BOW
heffen.BOWnobound3all.PPMIweight.LENGTH5000.SOCPOSall	1.0892851454213721	-0.05764428170736898	NA	NA	BOW	nobound	290	all	3_3	1	weight	5000	5000	all	4_4	216	heffen	BOW
heffen.BOWnobound3all.PPMIweight.LENGTHFOC.SOCPOSnav	0.5508739317216306	0.012661826611511402	NA	NA	BOW	nobound	290	all	3_3	1	weight	FOC	151	nav	4_4	216	heffen	BOW
heffen.BOWnobound3all.PPMIweight.LENGTHFOC.SOCPOSall	0.5223983194404187	-0.0035731372692399065	NA	NA	BOW	nobound	290	all	3_3	1	weight	FOC	290	all	4_4	216	heffen	BOW
heffen.BOWnobound3all.PPMIselection.LENGTH5000.SOCPOSnav	0.7515976755389991	0.4471601067063374	NA	NA	BOW	nobound	290	all	3_3	1	selection	5000	5000	nav	4_4	216	heffen	BOW
heffen.BOWnobound3all.PPMIselection.LENGTH5000.SOCPOSall	1.0882481860471747	0.2645801350860764	NA	NA	BOW	nobound	290	all	3_3	1	selection	5000	5000	all	4_4	216	heffen	BOW
heffen.BOWnobound3all.PPMIselection.LENGTHFOC.SOCPOSnav	0.5109827481370257	0.13561067370186117	NA	NA	BOW	nobound	290	all	3_3	1	selection	FOC	151	nav	4_4	216	heffen	BOW
heffen.BOWnobound3all.PPMIselection.LENGTHFOC.SOCPOSall	0.4670765193410891	0.1243957577439756	NA	NA	BOW	nobound	290	all	3_3	1	selection	FOC	290	all	4_4	216	heffen	BOW
heffen.BOWnobound3all.PPMIno.LENGTH5000.SOCPOSnav	0.8039576397221172	0.6453076250842826	NA	NA	BOW	nobound	421	all	3_3	1	no	5000	5000	nav	4_4	218	heffen	BOW
heffen.BOWnobound3all.PPMIno.LENGTH5000.SOCPOSall	1.2792276958151023	0.6455718433174846	NA	NA	BOW	nobound	421	all	3_3	1	no	5000	5000	all	4_4	218	heffen	BOW
heffen.BOWnobound3all.PPMIno.LENGTHFOC.SOCPOSnav	0.6039943293400258	0.2717474534593422	NA	NA	BOW	nobound	421	all	3_3	1	no	FOC	222	nav	4_4	218	heffen	BOW
heffen.BOWnobound3all.PPMIno.LENGTHFOC.SOCPOSall	0.577086242852373	0.2658600368435287	NA	NA	BOW	nobound	421	all	3_3	1	no	FOC	421	all	4_4	218	heffen	BOW
heffen.LEMMAPATHselection2.PPMIweight.LENGTH5000.SOCPOSnav	-0.033186616626653065	0.3679232463671623	selection2	NA	dependency	bound	290	NA	NA	1	weight	5000	5000	nav	4_4	213	heffen	LEMMAPATH
heffen.LEMMAPATHselection2.PPMIweight.LENGTH5000.SOCPOSall	0.18335840190530936	0.9176628970710929	selection2	NA	dependency	bound	290	NA	NA	1	weight	5000	5000	all	4_4	213	heffen	LEMMAPATH
heffen.LEMMAPATHselection2.PPMIweight.LENGTHFOC.SOCPOSnav	-0.033111670655432225	0.3139400145454269	selection2	NA	dependency	bound	290	NA	NA	1	weight	FOC	152	nav	4_4	213	heffen	LEMMAPATH
heffen.LEMMAPATHselection2.PPMIweight.LENGTHFOC.SOCPOSall	-0.03270255641321293	0.29478551377869533	selection2	NA	dependency	bound	290	NA	NA	1	weight	FOC	290	all	4_4	213	heffen	LEMMAPATH
heffen.LEMMAPATHselection2.PPMIselection.LENGTH5000.SOCPOSnav	-0.38103289988111616	0.7831547977984616	selection2	NA	dependency	bound	290	NA	NA	1	selection	5000	5000	nav	4_4	213	heffen	LEMMAPATH
heffen.LEMMAPATHselection2.PPMIselection.LENGTH5000.SOCPOSall	-0.2785913663734403	1.0445475750698425	selection2	NA	dependency	bound	290	NA	NA	1	selection	5000	5000	all	4_4	213	heffen	LEMMAPATH
heffen.LEMMAPATHselection2.PPMIselection.LENGTHFOC.SOCPOSnav	-0.1684220682383573	0.4014174579737487	selection2	NA	dependency	bound	290	NA	NA	1	selection	FOC	152	nav	4_4	213	heffen	LEMMAPATH
heffen.LEMMAPATHselection2.PPMIselection.LENGTHFOC.SOCPOSall	-0.17297153214210037	0.39275878916221646	selection2	NA	dependency	bound	290	NA	NA	1	selection	FOC	290	all	4_4	213	heffen	LEMMAPATH
heffen.LEMMAPATHselection2.PPMIno.LENGTH5000.SOCPOSnav	-0.5477924775853384	0.8920358724094969	selection2	NA	dependency	bound	515	NA	NA	1	no	5000	5000	nav	4_4	213	heffen	LEMMAPATH
heffen.LEMMAPATHselection2.PPMIno.LENGTH5000.SOCPOSall	-0.590682381430176	1.3605247414262425	selection2	NA	dependency	bound	515	NA	NA	1	no	5000	5000	all	4_4	213	heffen	LEMMAPATH
heffen.LEMMAPATHselection2.PPMIno.LENGTHFOC.SOCPOSnav	-0.29790823196258465	0.5143949906213232	selection2	NA	dependency	bound	515	NA	NA	1	no	FOC	269	nav	4_4	213	heffen	LEMMAPATH
heffen.LEMMAPATHselection2.PPMIno.LENGTHFOC.SOCPOSall	-0.3219823778646439	0.5280034796225158	selection2	NA	dependency	bound	515	NA	NA	1	no	FOC	515	all	4_4	213	heffen	LEMMAPATH
heffen.LEMMAPATHselection3.PPMIweight.LENGTH5000.SOCPOSnav	-0.0817852770108474	0.1028715013635447	selection3	NA	dependency	bound	382	NA	NA	1	weight	5000	5000	nav	4_4	213	heffen	LEMMAPATH
heffen.LEMMAPATHselection3.PPMIweight.LENGTH5000.SOCPOSall	0.08938282179996974	0.5166109885244485	selection3	NA	dependency	bound	382	NA	NA	1	weight	5000	5000	all	4_4	213	heffen	LEMMAPATH
heffen.LEMMAPATHselection3.PPMIweight.LENGTHFOC.SOCPOSnav	-0.07787499690616849	0.042472922843729784	selection3	NA	dependency	bound	382	NA	NA	1	weight	FOC	206	nav	4_4	213	heffen	LEMMAPATH
heffen.LEMMAPATHselection3.PPMIweight.LENGTHFOC.SOCPOSall	-0.0788398264715518	0.04807390165651908	selection3	NA	dependency	bound	382	NA	NA	1	weight	FOC	382	all	4_4	213	heffen	LEMMAPATH
heffen.LEMMAPATHselection3.PPMIselection.LENGTH5000.SOCPOSnav	-0.4975192717405344	0.47606671682651114	selection3	NA	dependency	bound	382	NA	NA	1	selection	5000	5000	nav	4_4	213	heffen	LEMMAPATH
heffen.LEMMAPATHselection3.PPMIselection.LENGTH5000.SOCPOSall	-0.5956522592691004	0.5433827635048878	selection3	NA	dependency	bound	382	NA	NA	1	selection	5000	5000	all	4_4	213	heffen	LEMMAPATH
heffen.LEMMAPATHselection3.PPMIselection.LENGTHFOC.SOCPOSnav	-0.21722098852548474	0.1469089117000692	selection3	NA	dependency	bound	382	NA	NA	1	selection	FOC	206	nav	4_4	213	heffen	LEMMAPATH
heffen.LEMMAPATHselection3.PPMIselection.LENGTHFOC.SOCPOSall	-0.22414644845713186	0.14413600303689839	selection3	NA	dependency	bound	382	NA	NA	1	selection	FOC	382	all	4_4	213	heffen	LEMMAPATH
heffen.LEMMAPATHselection3.PPMIno.LENGTH5000.SOCPOSnav	-0.7654683919849038	0.6294883825267151	selection3	NA	dependency	bound	743	NA	NA	1	no	5000	5000	nav	4_4	213	heffen	LEMMAPATH
heffen.LEMMAPATHselection3.PPMIno.LENGTH5000.SOCPOSall	-1.1891532658811548	0.9048751049780921	selection3	NA	dependency	bound	743	NA	NA	1	no	5000	5000	all	4_4	213	heffen	LEMMAPATH
heffen.LEMMAPATHselection3.PPMIno.LENGTHFOC.SOCPOSnav	-0.462301370531134	0.2637492739233476	selection3	NA	dependency	bound	743	NA	NA	1	no	FOC	395	nav	4_4	213	heffen	LEMMAPATH
heffen.LEMMAPATHselection3.PPMIno.LENGTHFOC.SOCPOSall	-0.4946288606088896	0.28430686616980627	selection3	NA	dependency	bound	743	NA	NA	1	no	FOC	743	all	4_4	213	heffen	LEMMAPATH
heffen.LEMMAPATHweight.PPMIselection.LENGTH5000.SOCPOSnav	-0.4975192717405344	0.47606671682651114	weight	NA	dependency	bound	382	NA	NA	1	selection	5000	5000	nav	4_4	213	heffen	LEMMAPATH
heffen.LEMMAPATHweight.PPMIselection.LENGTH5000.SOCPOSall	-0.5956522592691004	0.5433827635048878	weight	NA	dependency	bound	382	NA	NA	1	selection	5000	5000	all	4_4	213	heffen	LEMMAPATH
heffen.LEMMAPATHweight.PPMIselection.LENGTHFOC.SOCPOSnav	-0.21722098852548474	0.1469089117000692	weight	NA	dependency	bound	382	NA	NA	1	selection	FOC	206	nav	4_4	213	heffen	LEMMAPATH
heffen.LEMMAPATHweight.PPMIselection.LENGTHFOC.SOCPOSall	-0.22414644845713186	0.14413600303689839	weight	NA	dependency	bound	382	NA	NA	1	selection	FOC	382	all	4_4	213	heffen	LEMMAPATH
heffen.LEMMAPATHweight.PPMIno.LENGTH5000.SOCPOSnav	-0.4736305723905194	0.7364403809992944	weight	NA	dependency	bound	743	NA	NA	1	no	5000	5000	nav	4_4	213	heffen	LEMMAPATH
heffen.LEMMAPATHweight.PPMIno.LENGTH5000.SOCPOSall	-0.670661734437992	1.1568903568974531	weight	NA	dependency	bound	743	NA	NA	1	no	5000	5000	all	4_4	213	heffen	LEMMAPATH
heffen.LEMMAPATHweight.PPMIno.LENGTHFOC.SOCPOSnav	-0.28013566840511184	0.3604396968632993	weight	NA	dependency	bound	743	NA	NA	1	no	FOC	395	nav	4_4	213	heffen	LEMMAPATH
heffen.LEMMAPATHweight.PPMIno.LENGTHFOC.SOCPOSall	-0.3018462795582695	0.38533502770036687	weight	NA	dependency	bound	743	NA	NA	1	no	FOC	743	all	4_4	213	heffen	LEMMAPATH
heffen.LEMMAREL1.PPMIweight.LENGTH5000.SOCPOSnav	0.0788048868402659	0.35927679995996437	NA	group1	dependency	bound	133	NA	NA	1	weight	5000	5000	nav	4_4	189	heffen	LEMMAREL
heffen.LEMMAREL1.PPMIweight.LENGTH5000.SOCPOSall	0.15572551866569864	0.6269357439627042	NA	group1	dependency	bound	133	NA	NA	1	weight	5000	5000	all	4_4	189	heffen	LEMMAREL
heffen.LEMMAREL1.PPMIweight.LENGTHFOC.SOCPOSnav	0.06726449682470892	0.3051950867431386	NA	group1	dependency	bound	133	NA	NA	1	weight	FOC	63	nav	4_4	189	heffen	LEMMAREL
heffen.LEMMAREL1.PPMIweight.LENGTHFOC.SOCPOSall	0.071184702162142	0.3007066034979711	NA	group1	dependency	bound	133	NA	NA	1	weight	FOC	133	all	4_4	189	heffen	LEMMAREL
heffen.LEMMAREL1.PPMIselection.LENGTH5000.SOCPOSnav	0.027069059146345633	0.5618155182765949	NA	group1	dependency	bound	133	NA	NA	1	selection	5000	5000	nav	4_4	189	heffen	LEMMAREL
heffen.LEMMAREL1.PPMIselection.LENGTH5000.SOCPOSall	0.10258499771074142	0.8336891586224909	NA	group1	dependency	bound	133	NA	NA	1	selection	5000	5000	all	4_4	189	heffen	LEMMAREL
heffen.LEMMAREL1.PPMIselection.LENGTHFOC.SOCPOSnav	0.07138916540868036	0.3702212239856236	NA	group1	dependency	bound	133	NA	NA	1	selection	FOC	63	nav	4_4	189	heffen	LEMMAREL
heffen.LEMMAREL1.PPMIselection.LENGTHFOC.SOCPOSall	0.035342286962282865	0.36308160223352187	NA	group1	dependency	bound	133	NA	NA	1	selection	FOC	133	all	4_4	189	heffen	LEMMAREL
heffen.LEMMAREL1.PPMIno.LENGTH5000.SOCPOSnav	-0.02242563087369425	0.9802202306109323	NA	group1	dependency	bound	199	NA	NA	1	no	5000	5000	nav	4_4	205	heffen	LEMMAREL
heffen.LEMMAREL1.PPMIno.LENGTH5000.SOCPOSall	0.010034369988194864	1.4193771599689955	NA	group1	dependency	bound	199	NA	NA	1	no	5000	5000	all	4_4	205	heffen	LEMMAREL
heffen.LEMMAREL1.PPMIno.LENGTHFOC.SOCPOSnav	0.07392421910259528	0.7811058649858356	NA	group1	dependency	bound	199	NA	NA	1	no	FOC	87	nav	4_4	205	heffen	LEMMAREL
heffen.LEMMAREL1.PPMIno.LENGTHFOC.SOCPOSall	0.02114332375583001	0.7546520755271863	NA	group1	dependency	bound	199	NA	NA	1	no	FOC	199	all	4_4	205	heffen	LEMMAREL
heffen.LEMMAREL2.PPMIweight.LENGTH5000.SOCPOSnav	0.03793232494935998	0.43386615817521645	NA	group2	dependency	bound	208	NA	NA	1	weight	5000	5000	nav	4_4	210	heffen	LEMMAREL
heffen.LEMMAREL2.PPMIweight.LENGTH5000.SOCPOSall	0.18722722467787223	0.898941945300933	NA	group2	dependency	bound	208	NA	NA	1	weight	5000	5000	all	4_4	210	heffen	LEMMAREL
heffen.LEMMAREL2.PPMIweight.LENGTHFOC.SOCPOSnav	0.044677439376450745	0.3936497627753534	NA	group2	dependency	bound	208	NA	NA	1	weight	FOC	113	nav	4_4	210	heffen	LEMMAREL
heffen.LEMMAREL2.PPMIweight.LENGTHFOC.SOCPOSall	0.043544500830453955	0.35618501407500014	NA	group2	dependency	bound	208	NA	NA	1	weight	FOC	208	all	4_4	210	heffen	LEMMAREL
heffen.LEMMAREL2.PPMIselection.LENGTH5000.SOCPOSnav	-0.13386254405177014	0.7026404576627727	NA	group2	dependency	bound	208	NA	NA	1	selection	5000	5000	nav	4_4	210	heffen	LEMMAREL
heffen.LEMMAREL2.PPMIselection.LENGTH5000.SOCPOSall	-0.045785401523221234	1.1220617750718096	NA	group2	dependency	bound	208	NA	NA	1	selection	5000	5000	all	4_4	210	heffen	LEMMAREL
heffen.LEMMAREL2.PPMIselection.LENGTHFOC.SOCPOSnav	-0.03832106561149039	0.4597345825691115	NA	group2	dependency	bound	208	NA	NA	1	selection	FOC	113	nav	4_4	210	heffen	LEMMAREL
heffen.LEMMAREL2.PPMIselection.LENGTHFOC.SOCPOSall	-0.058094966974487475	0.44818579923188934	NA	group2	dependency	bound	208	NA	NA	1	selection	FOC	208	all	4_4	210	heffen	LEMMAREL
heffen.LEMMAREL2.PPMIno.LENGTH5000.SOCPOSnav	-0.21907276318932808	0.7548169051976349	NA	group2	dependency	bound	323	NA	NA	1	no	5000	5000	nav	4_4	211	heffen	LEMMAREL
heffen.LEMMAREL2.PPMIno.LENGTH5000.SOCPOSall	-0.1853113947784479	1.2901111311028968	NA	group2	dependency	bound	323	NA	NA	1	no	5000	5000	all	4_4	211	heffen	LEMMAREL
heffen.LEMMAREL2.PPMIno.LENGTHFOC.SOCPOSnav	-0.12200997863881033	0.5099791214339761	NA	group2	dependency	bound	323	NA	NA	1	no	FOC	175	nav	4_4	211	heffen	LEMMAREL
heffen.LEMMAREL2.PPMIno.LENGTHFOC.SOCPOSall	-0.13587884272939285	0.531021974065939	NA	group2	dependency	bound	323	NA	NA	1	no	FOC	323	all	4_4	211	heffen	LEMMAREL
