_model	model.x	model.y	LEMMAPATH	LEMMAREL	base	foc_base	foc_boundaries	foc_context_words	foc_foc_pos	foc_foc_win	foc_minimum_features	foc_ppmi	soc_length	soc_length_num	soc_soc_pos	soc_soc_win	stress	tokens	type
stof.BOWbound10lex.PPMIweight.LENGTH5000.SOCPOSnav	-0.9024588741453067	-0.15463386536507448	NA	NA	BOW	BOW	bound	648	lex	10_10	1	weight	5000	5000	nav	4_4	NA	311	stof
stof.BOWbound10lex.PPMIweight.LENGTH5000.SOCPOSall	0.21873251400173513	-1.588099546846521	NA	NA	BOW	BOW	bound	648	lex	10_10	1	weight	5000	5000	all	4_4	NA	311	stof
stof.BOWbound10lex.PPMIweight.LENGTHFOC.SOCPOSnav	-1.1671004788891843	0.16136107009637093	NA	NA	BOW	BOW	bound	648	lex	10_10	1	weight	FOC	507	nav	4_4	NA	311	stof
stof.BOWbound10lex.PPMIweight.LENGTHFOC.SOCPOSall	-1.1266434931602518	0.1316087530305217	NA	NA	BOW	BOW	bound	648	lex	10_10	1	weight	FOC	648	all	4_4	NA	311	stof
stof.BOWbound10lex.PPMIselection.LENGTH5000.SOCPOSnav	-0.9269210261951927	-0.5145231104218948	NA	NA	BOW	BOW	bound	648	lex	10_10	1	selection	5000	5000	nav	4_4	NA	311	stof
stof.BOWbound10lex.PPMIselection.LENGTH5000.SOCPOSall	-0.08171141801865146	-1.8128122342229072	NA	NA	BOW	BOW	bound	648	lex	10_10	1	selection	5000	5000	all	4_4	NA	311	stof
stof.BOWbound10lex.PPMIselection.LENGTHFOC.SOCPOSnav	-1.196311939884047	-0.12227445567401397	NA	NA	BOW	BOW	bound	648	lex	10_10	1	selection	FOC	507	nav	4_4	NA	311	stof
stof.BOWbound10lex.PPMIselection.LENGTHFOC.SOCPOSall	-1.1250116705928017	-0.1653149536850625	NA	NA	BOW	BOW	bound	648	lex	10_10	1	selection	FOC	648	all	4_4	NA	311	stof
stof.BOWbound10lex.PPMIno.LENGTH5000.SOCPOSnav	-1.0640262429036935	-0.7689429629222914	NA	NA	BOW	BOW	bound	1132	lex	10_10	1	no	5000	5000	nav	4_4	NA	313	stof
stof.BOWbound10lex.PPMIno.LENGTH5000.SOCPOSall	0.020456868665165186	-2.63597075826803	NA	NA	BOW	BOW	bound	1132	lex	10_10	1	no	5000	5000	all	4_4	NA	313	stof
stof.BOWbound10lex.PPMIno.LENGTHFOC.SOCPOSnav	-1.253291537185917	-0.37510407523338235	NA	NA	BOW	BOW	bound	1132	lex	10_10	1	no	FOC	870	nav	4_4	NA	313	stof
stof.BOWbound10lex.PPMIno.LENGTHFOC.SOCPOSall	-1.1886780703608741	-0.42944748541029737	NA	NA	BOW	BOW	bound	1132	lex	10_10	1	no	FOC	1132	all	4_4	NA	313	stof
stof.BOWbound10all.PPMIweight.LENGTH5000.SOCPOSnav	-0.3245838645310147	-0.22074560403133223	NA	NA	BOW	BOW	bound	766	all	10_10	1	weight	5000	5000	nav	4_4	NA	313	stof
stof.BOWbound10all.PPMIweight.LENGTH5000.SOCPOSall	1.0630561191604582	-1.0346334292477999	NA	NA	BOW	BOW	bound	766	all	10_10	1	weight	5000	5000	all	4_4	NA	313	stof
stof.BOWbound10all.PPMIweight.LENGTHFOC.SOCPOSnav	-0.7790008498498496	0.11858618207083889	NA	NA	BOW	BOW	bound	766	all	10_10	1	weight	FOC	507	nav	4_4	NA	313	stof
stof.BOWbound10all.PPMIweight.LENGTHFOC.SOCPOSall	-0.7044029746066578	0.0708541405580458	NA	NA	BOW	BOW	bound	766	all	10_10	1	weight	FOC	766	all	4_4	NA	313	stof
stof.BOWbound10all.PPMIselection.LENGTH5000.SOCPOSnav	0.44141961042841515	-0.6433769504225911	NA	NA	BOW	BOW	bound	766	all	10_10	1	selection	5000	5000	nav	4_4	NA	313	stof
stof.BOWbound10all.PPMIselection.LENGTH5000.SOCPOSall	2.1540534596129213	-1.1295346967444129	NA	NA	BOW	BOW	bound	766	all	10_10	1	selection	5000	5000	all	4_4	NA	313	stof
stof.BOWbound10all.PPMIselection.LENGTHFOC.SOCPOSnav	-0.4767954803053547	-0.31630677683563874	NA	NA	BOW	BOW	bound	766	all	10_10	1	selection	FOC	507	nav	4_4	NA	313	stof
stof.BOWbound10all.PPMIselection.LENGTHFOC.SOCPOSall	-0.4088967135683346	-0.333748785397591	NA	NA	BOW	BOW	bound	766	all	10_10	1	selection	FOC	766	all	4_4	NA	313	stof
stof.BOWbound10all.PPMIno.LENGTH5000.SOCPOSnav	-0.3915524726919326	-1.209591775316887	NA	NA	BOW	BOW	bound	1416	all	10_10	1	no	5000	5000	nav	4_4	NA	313	stof
stof.BOWbound10all.PPMIno.LENGTH5000.SOCPOSall	2.224928574642996	-1.7102987804370504	NA	NA	BOW	BOW	bound	1416	all	10_10	1	no	5000	5000	all	4_4	NA	313	stof
stof.BOWbound10all.PPMIno.LENGTHFOC.SOCPOSnav	-0.6316333879172863	-0.6967627909959702	NA	NA	BOW	BOW	bound	1416	all	10_10	1	no	FOC	870	nav	4_4	NA	313	stof
stof.BOWbound10all.PPMIno.LENGTHFOC.SOCPOSall	-0.5983510681675872	-0.8012537451408812	NA	NA	BOW	BOW	bound	1416	all	10_10	1	no	FOC	1416	all	4_4	NA	313	stof
stof.BOWbound5lex.PPMIweight.LENGTH5000.SOCPOSnav	-0.8267780177935034	-0.0526831774908883	NA	NA	BOW	BOW	bound	483	lex	5_5	1	weight	5000	5000	nav	4_4	NA	307	stof
stof.BOWbound5lex.PPMIweight.LENGTH5000.SOCPOSall	0.37149114503415326	-1.5092620379295274	NA	NA	BOW	BOW	bound	483	lex	5_5	1	weight	5000	5000	all	4_4	NA	307	stof
stof.BOWbound5lex.PPMIweight.LENGTHFOC.SOCPOSnav	-1.0674571085510889	0.2450921274183875	NA	NA	BOW	BOW	bound	483	lex	5_5	1	weight	FOC	375	nav	4_4	NA	307	stof
stof.BOWbound5lex.PPMIweight.LENGTHFOC.SOCPOSall	-1.015350898837077	0.19918330887767569	NA	NA	BOW	BOW	bound	483	lex	5_5	1	weight	FOC	483	all	4_4	NA	307	stof
stof.BOWbound5lex.PPMIselection.LENGTH5000.SOCPOSnav	-0.7999961812644967	-0.2872137907183748	NA	NA	BOW	BOW	bound	483	lex	5_5	1	selection	5000	5000	nav	4_4	NA	307	stof
stof.BOWbound5lex.PPMIselection.LENGTH5000.SOCPOSall	0.1760999851210794	-1.6168402938312352	NA	NA	BOW	BOW	bound	483	lex	5_5	1	selection	5000	5000	all	4_4	NA	307	stof
stof.BOWbound5lex.PPMIselection.LENGTHFOC.SOCPOSnav	-1.0273543586415816	0.05070326690075181	NA	NA	BOW	BOW	bound	483	lex	5_5	1	selection	FOC	375	nav	4_4	NA	307	stof
stof.BOWbound5lex.PPMIselection.LENGTHFOC.SOCPOSall	-0.9726886814744199	0.009694858894300624	NA	NA	BOW	BOW	bound	483	lex	5_5	1	selection	FOC	483	all	4_4	NA	307	stof
stof.BOWbound5lex.PPMIno.LENGTH5000.SOCPOSnav	-0.9474385656827898	-0.47896968907024456	NA	NA	BOW	BOW	bound	711	lex	5_5	1	no	5000	5000	nav	4_4	NA	312	stof
stof.BOWbound5lex.PPMIno.LENGTH5000.SOCPOSall	0.14947630926464564	-2.1908276673483953	NA	NA	BOW	BOW	bound	711	lex	5_5	1	no	5000	5000	all	4_4	NA	312	stof
stof.BOWbound5lex.PPMIno.LENGTHFOC.SOCPOSnav	-1.1486833896734099	-0.0682684480106995	NA	NA	BOW	BOW	bound	711	lex	5_5	1	no	FOC	542	nav	4_4	NA	312	stof
stof.BOWbound5lex.PPMIno.LENGTHFOC.SOCPOSall	-1.0784805902963646	-0.11910173110829633	NA	NA	BOW	BOW	bound	711	lex	5_5	1	no	FOC	711	all	4_4	NA	312	stof
stof.BOWbound5all.PPMIweight.LENGTH5000.SOCPOSnav	-0.2054901416455684	-0.09541283399747931	NA	NA	BOW	BOW	bound	583	all	5_5	1	weight	5000	5000	nav	4_4	NA	313	stof
stof.BOWbound5all.PPMIweight.LENGTH5000.SOCPOSall	1.1690710391489985	-0.8890530728483765	NA	NA	BOW	BOW	bound	583	all	5_5	1	weight	5000	5000	all	4_4	NA	313	stof
stof.BOWbound5all.PPMIweight.LENGTHFOC.SOCPOSnav	-0.7225075470073159	0.24155189190630166	NA	NA	BOW	BOW	bound	583	all	5_5	1	weight	FOC	375	nav	4_4	NA	313	stof
stof.BOWbound5all.PPMIweight.LENGTHFOC.SOCPOSall	-0.6379083318499168	0.19784596422604162	NA	NA	BOW	BOW	bound	583	all	5_5	1	weight	FOC	583	all	4_4	NA	313	stof
stof.BOWbound5all.PPMIselection.LENGTH5000.SOCPOSnav	0.5508720665952027	-0.15287183186327025	NA	NA	BOW	BOW	bound	583	all	5_5	1	selection	5000	5000	nav	4_4	NA	313	stof
stof.BOWbound5all.PPMIselection.LENGTH5000.SOCPOSall	1.9958906590982064	-0.46033037114069997	NA	NA	BOW	BOW	bound	583	all	5_5	1	selection	5000	5000	all	4_4	NA	313	stof
stof.BOWbound5all.PPMIselection.LENGTHFOC.SOCPOSnav	-0.34116834892603753	0.051800925833958504	NA	NA	BOW	BOW	bound	583	all	5_5	1	selection	FOC	375	nav	4_4	NA	313	stof
stof.BOWbound5all.PPMIselection.LENGTHFOC.SOCPOSall	-0.29081332479203775	0.022354498524467192	NA	NA	BOW	BOW	bound	583	all	5_5	1	selection	FOC	583	all	4_4	NA	313	stof
stof.BOWbound5all.PPMIno.LENGTH5000.SOCPOSnav	0.5125586335947828	-0.3007777374547365	NA	NA	BOW	BOW	bound	896	all	5_5	1	no	5000	5000	nav	4_4	NA	313	stof
stof.BOWbound5all.PPMIno.LENGTH5000.SOCPOSall	2.1210337354503226	-0.7457344594857868	NA	NA	BOW	BOW	bound	896	all	5_5	1	no	5000	5000	all	4_4	NA	313	stof
stof.BOWbound5all.PPMIno.LENGTHFOC.SOCPOSnav	-0.3546836330294769	-0.11239452601721825	NA	NA	BOW	BOW	bound	896	all	5_5	1	no	FOC	542	nav	4_4	NA	313	stof
stof.BOWbound5all.PPMIno.LENGTHFOC.SOCPOSall	-0.2710414305334594	-0.19530278723094951	NA	NA	BOW	BOW	bound	896	all	5_5	1	no	FOC	896	all	4_4	NA	313	stof
stof.BOWbound3lex.PPMIweight.LENGTH5000.SOCPOSnav	-0.6507244120163108	0.13369022241915215	NA	NA	BOW	BOW	bound	341	lex	3_3	1	weight	5000	5000	nav	4_4	NA	292	stof
stof.BOWbound3lex.PPMIweight.LENGTH5000.SOCPOSall	0.6444256409404564	-1.2893604503614715	NA	NA	BOW	BOW	bound	341	lex	3_3	1	weight	5000	5000	all	4_4	NA	292	stof
stof.BOWbound3lex.PPMIweight.LENGTHFOC.SOCPOSnav	-0.9026517635841669	0.4353558656200736	NA	NA	BOW	BOW	bound	341	lex	3_3	1	weight	FOC	259	nav	4_4	NA	292	stof
stof.BOWbound3lex.PPMIweight.LENGTHFOC.SOCPOSall	-0.8458543196783633	0.40078232436813693	NA	NA	BOW	BOW	bound	341	lex	3_3	1	weight	FOC	341	all	4_4	NA	292	stof
stof.BOWbound3lex.PPMIselection.LENGTH5000.SOCPOSnav	-0.6286539511740203	-0.03752268877422744	NA	NA	BOW	BOW	bound	341	lex	3_3	1	selection	5000	5000	nav	4_4	NA	292	stof
stof.BOWbound3lex.PPMIselection.LENGTH5000.SOCPOSall	0.5075571573953722	-1.3609721161449906	NA	NA	BOW	BOW	bound	341	lex	3_3	1	selection	5000	5000	all	4_4	NA	292	stof
stof.BOWbound3lex.PPMIselection.LENGTHFOC.SOCPOSnav	-0.8328034596243059	0.3389753006544192	NA	NA	BOW	BOW	bound	341	lex	3_3	1	selection	FOC	259	nav	4_4	NA	292	stof
stof.BOWbound3lex.PPMIselection.LENGTHFOC.SOCPOSall	-0.782754744098034	0.3052587211552104	NA	NA	BOW	BOW	bound	341	lex	3_3	1	selection	FOC	341	all	4_4	NA	292	stof
stof.BOWbound3lex.PPMIno.LENGTH5000.SOCPOSnav	-1.0116431860026835	-0.32549824513946557	NA	NA	BOW	BOW	bound	455	lex	3_3	1	no	5000	5000	nav	4_4	NA	307	stof
stof.BOWbound3lex.PPMIno.LENGTH5000.SOCPOSall	0.5971028593337332	-2.0562652408716544	NA	NA	BOW	BOW	bound	455	lex	3_3	1	no	5000	5000	all	4_4	NA	307	stof
stof.BOWbound3lex.PPMIno.LENGTHFOC.SOCPOSnav	-1.1569306757524138	0.4066243384488776	NA	NA	BOW	BOW	bound	455	lex	3_3	1	no	FOC	341	nav	4_4	NA	307	stof
stof.BOWbound3lex.PPMIno.LENGTHFOC.SOCPOSall	-1.1145400851151934	0.38071510227472477	NA	NA	BOW	BOW	bound	455	lex	3_3	1	no	FOC	455	all	4_4	NA	307	stof
stof.BOWbound3all.PPMIweight.LENGTH5000.SOCPOSnav	0.004300917811191927	0.18639596941704062	NA	NA	BOW	BOW	bound	418	all	3_3	1	weight	5000	5000	nav	4_4	NA	312	stof
stof.BOWbound3all.PPMIweight.LENGTH5000.SOCPOSall	1.4608931011148452	-0.5044756171927719	NA	NA	BOW	BOW	bound	418	all	3_3	1	weight	5000	5000	all	4_4	NA	312	stof
stof.BOWbound3all.PPMIweight.LENGTHFOC.SOCPOSnav	-0.7110615142652035	0.5993134793267528	NA	NA	BOW	BOW	bound	418	all	3_3	1	weight	FOC	259	nav	4_4	NA	312	stof
stof.BOWbound3all.PPMIweight.LENGTHFOC.SOCPOSall	-0.6181176708768704	0.5438687657562692	NA	NA	BOW	BOW	bound	418	all	3_3	1	weight	FOC	418	all	4_4	NA	312	stof
stof.BOWbound3all.PPMIselection.LENGTH5000.SOCPOSnav	0.6741950668298813	0.33317190202522723	NA	NA	BOW	BOW	bound	418	all	3_3	1	selection	5000	5000	nav	4_4	NA	312	stof
stof.BOWbound3all.PPMIselection.LENGTH5000.SOCPOSall	1.943465187490799	0.16431368065483	NA	NA	BOW	BOW	bound	418	all	3_3	1	selection	5000	5000	all	4_4	NA	312	stof
stof.BOWbound3all.PPMIselection.LENGTHFOC.SOCPOSnav	-0.2809939020197178	0.4641756184234355	NA	NA	BOW	BOW	bound	418	all	3_3	1	selection	FOC	259	nav	4_4	NA	312	stof
stof.BOWbound3all.PPMIselection.LENGTHFOC.SOCPOSall	-0.20121492498541607	0.3887612739303751	NA	NA	BOW	BOW	bound	418	all	3_3	1	selection	FOC	418	all	4_4	NA	312	stof
stof.BOWbound3all.PPMIno.LENGTH5000.SOCPOSnav	0.6958886993508402	0.22958851277537096	NA	NA	BOW	BOW	bound	590	all	3_3	1	no	5000	5000	nav	4_4	NA	312	stof
stof.BOWbound3all.PPMIno.LENGTH5000.SOCPOSall	2.1628216276986825	-0.021542954874749283	NA	NA	BOW	BOW	bound	590	all	3_3	1	no	5000	5000	all	4_4	NA	312	stof
stof.BOWbound3all.PPMIno.LENGTHFOC.SOCPOSnav	-0.2746868870708393	0.3522345766458227	NA	NA	BOW	BOW	bound	590	all	3_3	1	no	FOC	341	nav	4_4	NA	312	stof
stof.BOWbound3all.PPMIno.LENGTHFOC.SOCPOSall	-0.16867423772225631	0.2526747180815141	NA	NA	BOW	BOW	bound	590	all	3_3	1	no	FOC	590	all	4_4	NA	312	stof
stof.BOWnobound10lex.PPMIweight.LENGTH5000.SOCPOSnav	-1.049364545933607	-0.2010924507997895	NA	NA	BOW	BOW	nobound	747	lex	10_10	1	weight	5000	5000	nav	4_4	NA	311	stof
stof.BOWnobound10lex.PPMIweight.LENGTH5000.SOCPOSall	-0.04144965074893279	-1.6745082895468664	NA	NA	BOW	BOW	nobound	747	lex	10_10	1	weight	5000	5000	all	4_4	NA	311	stof
stof.BOWnobound10lex.PPMIweight.LENGTHFOC.SOCPOSnav	-1.2833067263652735	0.11755247823515952	NA	NA	BOW	BOW	nobound	747	lex	10_10	1	weight	FOC	579	nav	4_4	NA	311	stof
stof.BOWnobound10lex.PPMIweight.LENGTHFOC.SOCPOSall	-1.250807889535407	0.09131117656416902	NA	NA	BOW	BOW	nobound	747	lex	10_10	1	weight	FOC	747	all	4_4	NA	311	stof
stof.BOWnobound10lex.PPMIselection.LENGTH5000.SOCPOSnav	-1.1648119787659328	-0.6462089967151006	NA	NA	BOW	BOW	nobound	747	lex	10_10	1	selection	5000	5000	nav	4_4	NA	311	stof
stof.BOWnobound10lex.PPMIselection.LENGTH5000.SOCPOSall	-0.2639533883157838	-1.9739539719474837	NA	NA	BOW	BOW	nobound	747	lex	10_10	1	selection	5000	5000	all	4_4	NA	311	stof
stof.BOWnobound10lex.PPMIselection.LENGTHFOC.SOCPOSnav	-1.3747063297767057	-0.2052974698672466	NA	NA	BOW	BOW	nobound	747	lex	10_10	1	selection	FOC	579	nav	4_4	NA	311	stof
stof.BOWnobound10lex.PPMIselection.LENGTHFOC.SOCPOSall	-1.327044975664485	-0.2529689975424431	NA	NA	BOW	BOW	nobound	747	lex	10_10	1	selection	FOC	747	all	4_4	NA	311	stof
stof.BOWnobound10lex.PPMIno.LENGTH5000.SOCPOSnav	-1.4024143873392654	-0.887992704441803	NA	NA	BOW	BOW	nobound	1452	lex	10_10	1	no	5000	5000	nav	4_4	NA	313	stof
stof.BOWnobound10lex.PPMIno.LENGTH5000.SOCPOSall	-0.35929169441729597	-3.0036116577865304	NA	NA	BOW	BOW	nobound	1452	lex	10_10	1	no	5000	5000	all	4_4	NA	313	stof
stof.BOWnobound10lex.PPMIno.LENGTHFOC.SOCPOSnav	-1.4834435175630556	-0.4888842113741871	NA	NA	BOW	BOW	nobound	1452	lex	10_10	1	no	FOC	1112	nav	4_4	NA	313	stof
stof.BOWnobound10lex.PPMIno.LENGTHFOC.SOCPOSall	-1.4392566881437852	-0.543986709085638	NA	NA	BOW	BOW	nobound	1452	lex	10_10	1	no	FOC	1452	all	4_4	NA	313	stof
stof.BOWnobound10all.PPMIweight.LENGTH5000.SOCPOSnav	-0.5024535413767625	-0.3955007980236033	NA	NA	BOW	BOW	nobound	889	all	10_10	1	weight	5000	5000	nav	4_4	NA	313	stof
stof.BOWnobound10all.PPMIweight.LENGTH5000.SOCPOSall	1.0232695094836928	-1.1826855702375503	NA	NA	BOW	BOW	nobound	889	all	10_10	1	weight	5000	5000	all	4_4	NA	313	stof
stof.BOWnobound10all.PPMIweight.LENGTHFOC.SOCPOSnav	-0.9571901714335258	0.08538269974111933	NA	NA	BOW	BOW	nobound	889	all	10_10	1	weight	FOC	579	nav	4_4	NA	313	stof
stof.BOWnobound10all.PPMIweight.LENGTHFOC.SOCPOSall	-0.8569319912480621	0.00236318909401515	NA	NA	BOW	BOW	nobound	889	all	10_10	1	weight	FOC	889	all	4_4	NA	313	stof
stof.BOWnobound10all.PPMIselection.LENGTH5000.SOCPOSnav	-0.19945258697469267	-1.1567192031089935	NA	NA	BOW	BOW	nobound	889	all	10_10	1	selection	5000	5000	nav	4_4	NA	313	stof
stof.BOWnobound10all.PPMIselection.LENGTH5000.SOCPOSall	2.247811892045039	-1.476310447348169	NA	NA	BOW	BOW	nobound	889	all	10_10	1	selection	5000	5000	all	4_4	NA	313	stof
stof.BOWnobound10all.PPMIselection.LENGTHFOC.SOCPOSnav	-0.7212116129736643	-0.561973971745253	NA	NA	BOW	BOW	nobound	889	all	10_10	1	selection	FOC	579	nav	4_4	NA	313	stof
stof.BOWnobound10all.PPMIselection.LENGTHFOC.SOCPOSall	-0.6102741076694782	-0.5575881407878508	NA	NA	BOW	BOW	nobound	889	all	10_10	1	selection	FOC	889	all	4_4	NA	313	stof
stof.BOWnobound10all.PPMIno.LENGTH5000.SOCPOSnav	-0.9979068883058645	-1.4536689260542888	NA	NA	BOW	BOW	nobound	1845	all	10_10	1	no	5000	5000	nav	4_4	NA	313	stof
stof.BOWnobound10all.PPMIno.LENGTH5000.SOCPOSall	2.1874632539722376	-2.3292506195240574	NA	NA	BOW	BOW	nobound	1845	all	10_10	1	no	5000	5000	all	4_4	NA	313	stof
stof.BOWnobound10all.PPMIno.LENGTHFOC.SOCPOSnav	-1.0819297528472458	-0.9765725226645723	NA	NA	BOW	BOW	nobound	1845	all	10_10	1	no	FOC	1112	nav	4_4	NA	313	stof
stof.BOWnobound10all.PPMIno.LENGTHFOC.SOCPOSall	-1.0680370625435716	-1.1189457006412231	NA	NA	BOW	BOW	nobound	1845	all	10_10	1	no	FOC	1845	all	4_4	NA	313	stof
stof.BOWnobound5lex.PPMIweight.LENGTH5000.SOCPOSnav	-0.9537998833262537	-0.052759921766658995	NA	NA	BOW	BOW	nobound	513	lex	5_5	1	weight	5000	5000	nav	4_4	NA	310	stof
stof.BOWnobound5lex.PPMIweight.LENGTH5000.SOCPOSall	0.23270120179307446	-1.661163758566645	NA	NA	BOW	BOW	nobound	513	lex	5_5	1	weight	5000	5000	all	4_4	NA	310	stof
stof.BOWnobound5lex.PPMIweight.LENGTHFOC.SOCPOSnav	-1.1919136315425416	0.236869814127278	NA	NA	BOW	BOW	nobound	513	lex	5_5	1	weight	FOC	395	nav	4_4	NA	310	stof
stof.BOWnobound5lex.PPMIweight.LENGTHFOC.SOCPOSall	-1.1336157031910388	0.2007820085020606	NA	NA	BOW	BOW	nobound	513	lex	5_5	1	weight	FOC	513	all	4_4	NA	310	stof
stof.BOWnobound5lex.PPMIselection.LENGTH5000.SOCPOSnav	-0.9468334500102091	-0.35497692033457445	NA	NA	BOW	BOW	nobound	513	lex	5_5	1	selection	5000	5000	nav	4_4	NA	310	stof
stof.BOWnobound5lex.PPMIselection.LENGTH5000.SOCPOSall	0.0586748572253454	-1.7900180942541555	NA	NA	BOW	BOW	nobound	513	lex	5_5	1	selection	5000	5000	all	4_4	NA	310	stof
stof.BOWnobound5lex.PPMIselection.LENGTHFOC.SOCPOSnav	-1.1550231961401267	0.021339327433581076	NA	NA	BOW	BOW	nobound	513	lex	5_5	1	selection	FOC	395	nav	4_4	NA	310	stof
stof.BOWnobound5lex.PPMIselection.LENGTHFOC.SOCPOSall	-1.0973909814682903	-0.014683760234143639	NA	NA	BOW	BOW	nobound	513	lex	5_5	1	selection	FOC	513	all	4_4	NA	310	stof
stof.BOWnobound5lex.PPMIno.LENGTH5000.SOCPOSnav	-1.0876111402041582	-0.5480103436454605	NA	NA	BOW	BOW	nobound	799	lex	5_5	1	no	5000	5000	nav	4_4	NA	313	stof
stof.BOWnobound5lex.PPMIno.LENGTH5000.SOCPOSall	-0.08064246755471614	-2.4288473744103727	NA	NA	BOW	BOW	nobound	799	lex	5_5	1	no	5000	5000	all	4_4	NA	313	stof
stof.BOWnobound5lex.PPMIno.LENGTHFOC.SOCPOSnav	-1.239163767345258	-0.12336973379151384	NA	NA	BOW	BOW	nobound	799	lex	5_5	1	no	FOC	601	nav	4_4	NA	313	stof
stof.BOWnobound5lex.PPMIno.LENGTHFOC.SOCPOSall	-1.1870739240197223	-0.18432479705479402	NA	NA	BOW	BOW	nobound	799	lex	5_5	1	no	FOC	799	all	4_4	NA	313	stof
stof.BOWnobound5all.PPMIweight.LENGTH5000.SOCPOSnav	-0.26006472820627496	-0.14156485519731535	NA	NA	BOW	BOW	nobound	624	all	5_5	1	weight	5000	5000	nav	4_4	NA	313	stof
stof.BOWnobound5all.PPMIweight.LENGTH5000.SOCPOSall	1.1744723505777865	-0.9890802362032725	NA	NA	BOW	BOW	nobound	624	all	5_5	1	weight	5000	5000	all	4_4	NA	313	stof
stof.BOWnobound5all.PPMIweight.LENGTHFOC.SOCPOSnav	-0.7932565834719428	0.21591920195116757	NA	NA	BOW	BOW	nobound	624	all	5_5	1	weight	FOC	395	nav	4_4	NA	313	stof
stof.BOWnobound5all.PPMIweight.LENGTHFOC.SOCPOSall	-0.6945309559673032	0.177488707015912	NA	NA	BOW	BOW	nobound	624	all	5_5	1	weight	FOC	624	all	4_4	NA	313	stof
stof.BOWnobound5all.PPMIselection.LENGTH5000.SOCPOSnav	0.6099003007254252	-0.23596327563309633	NA	NA	BOW	BOW	nobound	624	all	5_5	1	selection	5000	5000	nav	4_4	NA	313	stof
stof.BOWnobound5all.PPMIselection.LENGTH5000.SOCPOSall	2.1492921260975653	-0.5506961840711675	NA	NA	BOW	BOW	nobound	624	all	5_5	1	selection	5000	5000	all	4_4	NA	313	stof
stof.BOWnobound5all.PPMIselection.LENGTHFOC.SOCPOSnav	-0.3839367605976403	0.00958820309871589	NA	NA	BOW	BOW	nobound	624	all	5_5	1	selection	FOC	395	nav	4_4	NA	313	stof
stof.BOWnobound5all.PPMIselection.LENGTHFOC.SOCPOSall	-0.3215127059778597	-0.023490595293962767	NA	NA	BOW	BOW	nobound	624	all	5_5	1	selection	FOC	624	all	4_4	NA	313	stof
stof.BOWnobound5all.PPMIno.LENGTH5000.SOCPOSnav	0.5209918729824733	-0.41087594380994935	NA	NA	BOW	BOW	nobound	1016	all	5_5	1	no	5000	5000	nav	4_4	NA	313	stof
stof.BOWnobound5all.PPMIno.LENGTH5000.SOCPOSall	2.269622563140111	-1.0565953635551777	NA	NA	BOW	BOW	nobound	1016	all	5_5	1	no	5000	5000	all	4_4	NA	313	stof
stof.BOWnobound5all.PPMIno.LENGTHFOC.SOCPOSnav	-0.4247806410646533	-0.22004114547432213	NA	NA	BOW	BOW	nobound	1016	all	5_5	1	no	FOC	601	nav	4_4	NA	313	stof
stof.BOWnobound5all.PPMIno.LENGTHFOC.SOCPOSall	-0.3210218051472374	-0.3157626758946045	NA	NA	BOW	BOW	nobound	1016	all	5_5	1	no	FOC	1016	all	4_4	NA	313	stof
stof.BOWnobound3lex.PPMIweight.LENGTH5000.SOCPOSnav	-0.6824114878897266	0.11222561452940957	NA	NA	BOW	BOW	nobound	352	lex	3_3	1	weight	5000	5000	nav	4_4	NA	294	stof
stof.BOWnobound3lex.PPMIweight.LENGTH5000.SOCPOSall	0.6302391607757043	-1.3282920833566296	NA	NA	BOW	BOW	nobound	352	lex	3_3	1	weight	5000	5000	all	4_4	NA	294	stof
stof.BOWnobound3lex.PPMIweight.LENGTHFOC.SOCPOSnav	-0.9346227643088779	0.42492620108534673	NA	NA	BOW	BOW	nobound	352	lex	3_3	1	weight	FOC	269	nav	4_4	NA	294	stof
stof.BOWnobound3lex.PPMIweight.LENGTHFOC.SOCPOSall	-0.8912003622871916	0.38974790675821197	NA	NA	BOW	BOW	nobound	352	lex	3_3	1	weight	FOC	352	all	4_4	NA	294	stof
stof.BOWnobound3lex.PPMIselection.LENGTH5000.SOCPOSnav	-0.6663628605233134	-0.07948764952482669	NA	NA	BOW	BOW	nobound	352	lex	3_3	1	selection	5000	5000	nav	4_4	NA	294	stof
stof.BOWnobound3lex.PPMIselection.LENGTH5000.SOCPOSall	0.4949029900156876	-1.3998305405448956	NA	NA	BOW	BOW	nobound	352	lex	3_3	1	selection	5000	5000	all	4_4	NA	294	stof
stof.BOWnobound3lex.PPMIselection.LENGTHFOC.SOCPOSnav	-0.8777972365395365	0.32247787801704336	NA	NA	BOW	BOW	nobound	352	lex	3_3	1	selection	FOC	269	nav	4_4	NA	294	stof
stof.BOWnobound3lex.PPMIselection.LENGTHFOC.SOCPOSall	-0.8350214144036157	0.29355062136112775	NA	NA	BOW	BOW	nobound	352	lex	3_3	1	selection	FOC	352	all	4_4	NA	294	stof
stof.BOWnobound3lex.PPMIno.LENGTH5000.SOCPOSnav	-1.1727756714825384	-0.3320511887971514	NA	NA	BOW	BOW	nobound	484	lex	3_3	1	no	5000	5000	nav	4_4	NA	309	stof
stof.BOWnobound3lex.PPMIno.LENGTH5000.SOCPOSall	0.49764553044958165	-2.1944995946374277	NA	NA	BOW	BOW	nobound	484	lex	3_3	1	no	5000	5000	all	4_4	NA	309	stof
stof.BOWnobound3lex.PPMIno.LENGTHFOC.SOCPOSnav	-1.2514058090821598	0.36122577743248757	NA	NA	BOW	BOW	nobound	484	lex	3_3	1	no	FOC	363	nav	4_4	NA	309	stof
stof.BOWnobound3lex.PPMIno.LENGTHFOC.SOCPOSall	-1.2209145979009963	0.3407625028396865	NA	NA	BOW	BOW	nobound	484	lex	3_3	1	no	FOC	484	all	4_4	NA	309	stof
stof.BOWnobound3all.PPMIweight.LENGTH5000.SOCPOSnav	-0.008266576706731714	0.1425741986667318	NA	NA	BOW	BOW	nobound	434	all	3_3	1	weight	5000	5000	nav	4_4	NA	313	stof
stof.BOWnobound3all.PPMIweight.LENGTH5000.SOCPOSall	1.480960730234748	-0.572180627991835	NA	NA	BOW	BOW	nobound	434	all	3_3	1	weight	5000	5000	all	4_4	NA	313	stof
stof.BOWnobound3all.PPMIweight.LENGTHFOC.SOCPOSnav	-0.7556902940715646	0.5899413525388499	NA	NA	BOW	BOW	nobound	434	all	3_3	1	weight	FOC	269	nav	4_4	NA	313	stof
stof.BOWnobound3all.PPMIweight.LENGTHFOC.SOCPOSall	-0.6591038673602538	0.5423251730328877	NA	NA	BOW	BOW	nobound	434	all	3_3	1	weight	FOC	434	all	4_4	NA	313	stof
stof.BOWnobound3all.PPMIselection.LENGTH5000.SOCPOSnav	0.7225714963296416	0.34727772139976815	NA	NA	BOW	BOW	nobound	434	all	3_3	1	selection	5000	5000	nav	4_4	NA	313	stof
stof.BOWnobound3all.PPMIselection.LENGTH5000.SOCPOSall	2.0418902265420487	0.1670343609063809	NA	NA	BOW	BOW	nobound	434	all	3_3	1	selection	5000	5000	all	4_4	NA	313	stof
stof.BOWnobound3all.PPMIselection.LENGTHFOC.SOCPOSnav	-0.296107041228699	0.4564105324677901	NA	NA	BOW	BOW	nobound	434	all	3_3	1	selection	FOC	269	nav	4_4	NA	313	stof
stof.BOWnobound3all.PPMIselection.LENGTHFOC.SOCPOSall	-0.22726269851318612	0.3826821056950594	NA	NA	BOW	BOW	nobound	434	all	3_3	1	selection	FOC	434	all	4_4	NA	313	stof
stof.BOWnobound3all.PPMIno.LENGTH5000.SOCPOSnav	0.7558089599528434	0.21879782616512464	NA	NA	BOW	BOW	nobound	628	all	3_3	1	no	5000	5000	nav	4_4	NA	313	stof
stof.BOWnobound3all.PPMIno.LENGTH5000.SOCPOSall	2.315201282628843	-0.06619624941550291	NA	NA	BOW	BOW	nobound	628	all	3_3	1	no	5000	5000	all	4_4	NA	313	stof
stof.BOWnobound3all.PPMIno.LENGTHFOC.SOCPOSnav	-0.29779731516033964	0.3524008096116224	NA	NA	BOW	BOW	nobound	628	all	3_3	1	no	FOC	363	nav	4_4	NA	313	stof
stof.BOWnobound3all.PPMIno.LENGTHFOC.SOCPOSall	-0.18556798257262802	0.232214123693643	NA	NA	BOW	BOW	nobound	628	all	3_3	1	no	FOC	628	all	4_4	NA	313	stof
stof.LEMMAPATHselection2.PPMIweight.LENGTH5000.SOCPOSnav	0.04638955389991095	0.7479034799621518	selection2	NA	dependency	LEMMAPATH	bound	399	NA	NA	1	weight	5000	5000	nav	4_4	NA	313	stof
stof.LEMMAPATHselection2.PPMIweight.LENGTH5000.SOCPOSall	1.6606839095388048	-0.16119914708432034	selection2	NA	dependency	LEMMAPATH	bound	399	NA	NA	1	weight	5000	5000	all	4_4	NA	313	stof
stof.LEMMAPATHselection2.PPMIweight.LENGTHFOC.SOCPOSnav	-0.6881258328665872	0.9079507916736579	selection2	NA	dependency	LEMMAPATH	bound	399	NA	NA	1	weight	FOC	254	nav	4_4	NA	313	stof
stof.LEMMAPATHselection2.PPMIweight.LENGTHFOC.SOCPOSall	-0.6333150656020751	0.8729103285358333	selection2	NA	dependency	LEMMAPATH	bound	399	NA	NA	1	weight	FOC	399	all	4_4	NA	313	stof
stof.LEMMAPATHselection2.PPMIselection.LENGTH5000.SOCPOSnav	0.749672918628353	0.7943232562530073	selection2	NA	dependency	LEMMAPATH	bound	399	NA	NA	1	selection	5000	5000	nav	4_4	NA	313	stof
stof.LEMMAPATHselection2.PPMIselection.LENGTH5000.SOCPOSall	1.9659379976324762	0.5618939515964785	selection2	NA	dependency	LEMMAPATH	bound	399	NA	NA	1	selection	5000	5000	all	4_4	NA	313	stof
stof.LEMMAPATHselection2.PPMIselection.LENGTHFOC.SOCPOSnav	-0.19775120028074405	0.8293282025260531	selection2	NA	dependency	LEMMAPATH	bound	399	NA	NA	1	selection	FOC	254	nav	4_4	NA	313	stof
stof.LEMMAPATHselection2.PPMIselection.LENGTHFOC.SOCPOSall	-0.16109538997357417	0.77764231394784	selection2	NA	dependency	LEMMAPATH	bound	399	NA	NA	1	selection	FOC	399	all	4_4	NA	313	stof
stof.LEMMAPATHselection2.PPMIno.LENGTH5000.SOCPOSnav	0.7795204607318678	0.7414131937417912	selection2	NA	dependency	LEMMAPATH	bound	563	NA	NA	1	no	5000	5000	nav	4_4	NA	313	stof
stof.LEMMAPATHselection2.PPMIno.LENGTH5000.SOCPOSall	2.1210030472101224	0.49945478242968044	selection2	NA	dependency	LEMMAPATH	bound	563	NA	NA	1	no	5000	5000	all	4_4	NA	313	stof
stof.LEMMAPATHselection2.PPMIno.LENGTHFOC.SOCPOSnav	-0.1338402467686034	0.7805255302270004	selection2	NA	dependency	LEMMAPATH	bound	563	NA	NA	1	no	FOC	342	nav	4_4	NA	313	stof
stof.LEMMAPATHselection2.PPMIno.LENGTHFOC.SOCPOSall	-0.07730220965944302	0.7533212633241252	selection2	NA	dependency	LEMMAPATH	bound	563	NA	NA	1	no	FOC	563	all	4_4	NA	313	stof
stof.LEMMAPATHselection3.PPMIweight.LENGTH5000.SOCPOSnav	-0.10958912913461101	0.16972364294063583	selection3	NA	dependency	LEMMAPATH	bound	534	NA	NA	1	weight	5000	5000	nav	4_4	NA	313	stof
stof.LEMMAPATHselection3.PPMIweight.LENGTH5000.SOCPOSall	1.362644951438678	-0.7444887257133385	selection3	NA	dependency	LEMMAPATH	bound	534	NA	NA	1	weight	5000	5000	all	4_4	NA	313	stof
stof.LEMMAPATHselection3.PPMIweight.LENGTHFOC.SOCPOSnav	-0.735833148787816	0.5575730483379152	selection3	NA	dependency	LEMMAPATH	bound	534	NA	NA	1	weight	FOC	346	nav	4_4	NA	313	stof
stof.LEMMAPATHselection3.PPMIweight.LENGTHFOC.SOCPOSall	-0.6546781926669208	0.5102767697468307	selection3	NA	dependency	LEMMAPATH	bound	534	NA	NA	1	weight	FOC	534	all	4_4	NA	313	stof
stof.LEMMAPATHselection3.PPMIselection.LENGTH5000.SOCPOSnav	0.8503609871236599	0.4019945687488874	selection3	NA	dependency	LEMMAPATH	bound	534	NA	NA	1	selection	5000	5000	nav	4_4	NA	313	stof
stof.LEMMAPATHselection3.PPMIselection.LENGTH5000.SOCPOSall	2.2743439191578543	0.09174983668794394	selection3	NA	dependency	LEMMAPATH	bound	534	NA	NA	1	selection	5000	5000	all	4_4	NA	313	stof
stof.LEMMAPATHselection3.PPMIselection.LENGTHFOC.SOCPOSnav	-0.2188438768155717	0.4292899092030436	selection3	NA	dependency	LEMMAPATH	bound	534	NA	NA	1	selection	FOC	346	nav	4_4	NA	313	stof
stof.LEMMAPATHselection3.PPMIselection.LENGTHFOC.SOCPOSall	-0.1431904728551599	0.35373949035935126	selection3	NA	dependency	LEMMAPATH	bound	534	NA	NA	1	selection	FOC	534	all	4_4	NA	313	stof
stof.LEMMAPATHselection3.PPMIno.LENGTH5000.SOCPOSnav	0.9349186660147297	0.2850682445283542	selection3	NA	dependency	LEMMAPATH	bound	849	NA	NA	1	no	5000	5000	nav	4_4	NA	313	stof
stof.LEMMAPATHselection3.PPMIno.LENGTH5000.SOCPOSall	2.5597803501783645	-0.16633104414800184	selection3	NA	dependency	LEMMAPATH	bound	849	NA	NA	1	no	5000	5000	all	4_4	NA	313	stof
stof.LEMMAPATHselection3.PPMIno.LENGTHFOC.SOCPOSnav	-0.06411778827979799	0.31156491839932826	selection3	NA	dependency	LEMMAPATH	bound	849	NA	NA	1	no	FOC	526	nav	4_4	NA	313	stof
stof.LEMMAPATHselection3.PPMIno.LENGTHFOC.SOCPOSall	0.04455259072859808	0.21671960799679887	selection3	NA	dependency	LEMMAPATH	bound	849	NA	NA	1	no	FOC	849	all	4_4	NA	313	stof
stof.LEMMAPATHweight.PPMIselection.LENGTH5000.SOCPOSnav	0.8503609871236599	0.4019945687488874	weight	NA	dependency	LEMMAPATH	bound	534	NA	NA	1	selection	5000	5000	nav	4_4	NA	313	stof
stof.LEMMAPATHweight.PPMIselection.LENGTH5000.SOCPOSall	2.2743439191605686	0.09174983668918302	weight	NA	dependency	LEMMAPATH	bound	534	NA	NA	1	selection	5000	5000	all	4_4	NA	313	stof
stof.LEMMAPATHweight.PPMIselection.LENGTHFOC.SOCPOSnav	-0.2188438768155717	0.4292899092030436	weight	NA	dependency	LEMMAPATH	bound	534	NA	NA	1	selection	FOC	346	nav	4_4	NA	313	stof
stof.LEMMAPATHweight.PPMIselection.LENGTHFOC.SOCPOSall	-0.1431904728551599	0.35373949035935126	weight	NA	dependency	LEMMAPATH	bound	534	NA	NA	1	selection	FOC	534	all	4_4	NA	313	stof
stof.LEMMAPATHweight.PPMIno.LENGTH5000.SOCPOSnav	0.7910633915493606	0.6690841495305606	weight	NA	dependency	LEMMAPATH	bound	849	NA	NA	1	no	5000	5000	nav	4_4	NA	313	stof
stof.LEMMAPATHweight.PPMIno.LENGTH5000.SOCPOSall	2.1029934368335534	0.49715881002408807	weight	NA	dependency	LEMMAPATH	bound	849	NA	NA	1	no	5000	5000	all	4_4	NA	313	stof
stof.LEMMAPATHweight.PPMIno.LENGTHFOC.SOCPOSnav	0.0453214794029417	0.5330399034355061	weight	NA	dependency	LEMMAPATH	bound	849	NA	NA	1	no	FOC	526	nav	4_4	NA	313	stof
stof.LEMMAPATHweight.PPMIno.LENGTHFOC.SOCPOSall	0.10304966995670024	0.501252274172722	weight	NA	dependency	LEMMAPATH	bound	849	NA	NA	1	no	FOC	849	all	4_4	NA	313	stof
stof.LEMMAREL1.PPMIweight.LENGTH5000.SOCPOSnav	0.4337329489245736	1.1905536030862913	NA	group1	dependency	LEMMAREL	bound	176	NA	NA	1	weight	5000	5000	nav	4_4	NA	298	stof
stof.LEMMAREL1.PPMIweight.LENGTH5000.SOCPOSall	1.6668656874908747	1.1921986632392785	NA	group1	dependency	LEMMAREL	bound	176	NA	NA	1	weight	5000	5000	all	4_4	NA	298	stof
stof.LEMMAREL1.PPMIweight.LENGTHFOC.SOCPOSnav	-0.21328070541623304	1.3971996337655646	NA	group1	dependency	LEMMAREL	bound	176	NA	NA	1	weight	FOC	112	nav	4_4	NA	298	stof
stof.LEMMAREL1.PPMIweight.LENGTHFOC.SOCPOSall	-0.14803626023793362	1.3569335217056582	NA	group1	dependency	LEMMAREL	bound	176	NA	NA	1	weight	FOC	176	all	4_4	NA	298	stof
stof.LEMMAREL1.PPMIselection.LENGTH5000.SOCPOSnav	0.7485492429412423	1.194670346750109	NA	group1	dependency	LEMMAREL	bound	176	NA	NA	1	selection	5000	5000	nav	4_4	NA	298	stof
stof.LEMMAREL1.PPMIselection.LENGTH5000.SOCPOSall	1.6907739766249008	1.2529549836180973	NA	group1	dependency	LEMMAREL	bound	176	NA	NA	1	selection	5000	5000	all	4_4	NA	298	stof
stof.LEMMAREL1.PPMIselection.LENGTHFOC.SOCPOSnav	0.14181219592295993	1.2928385406696283	NA	group1	dependency	LEMMAREL	bound	176	NA	NA	1	selection	FOC	112	nav	4_4	NA	298	stof
stof.LEMMAREL1.PPMIselection.LENGTHFOC.SOCPOSall	0.2127174147354051	1.206282753302593	NA	group1	dependency	LEMMAREL	bound	176	NA	NA	1	selection	FOC	176	all	4_4	NA	298	stof
stof.LEMMAREL1.PPMIno.LENGTH5000.SOCPOSnav	0.781232426214622	1.2409710620469	NA	group1	dependency	LEMMAREL	bound	200	NA	NA	1	no	5000	5000	nav	4_4	NA	300	stof
stof.LEMMAREL1.PPMIno.LENGTH5000.SOCPOSall	1.7801010701471647	1.2862706190479345	NA	group1	dependency	LEMMAREL	bound	200	NA	NA	1	no	5000	5000	all	4_4	NA	300	stof
stof.LEMMAREL1.PPMIno.LENGTHFOC.SOCPOSnav	0.1285544950883724	1.3158722467295658	NA	group1	dependency	LEMMAREL	bound	200	NA	NA	1	no	FOC	125	nav	4_4	NA	300	stof
stof.LEMMAREL1.PPMIno.LENGTHFOC.SOCPOSall	0.21923629208896778	1.229825866277773	NA	group1	dependency	LEMMAREL	bound	200	NA	NA	1	no	FOC	200	all	4_4	NA	300	stof
stof.LEMMAREL2.PPMIweight.LENGTH5000.SOCPOSnav	-0.02933750027558522	1.1901184399424194	NA	group2	dependency	LEMMAREL	bound	278	NA	NA	1	weight	5000	5000	nav	4_4	NA	309	stof
stof.LEMMAREL2.PPMIweight.LENGTH5000.SOCPOSall	1.7308550628992696	1.127220685821341	NA	group2	dependency	LEMMAREL	bound	278	NA	NA	1	weight	5000	5000	all	4_4	NA	309	stof
stof.LEMMAREL2.PPMIweight.LENGTHFOC.SOCPOSnav	-0.5830413831644498	1.1707797429069056	NA	group2	dependency	LEMMAREL	bound	278	NA	NA	1	weight	FOC	193	nav	4_4	NA	309	stof
stof.LEMMAREL2.PPMIweight.LENGTHFOC.SOCPOSall	-0.5142067448300444	1.1459135532637776	NA	group2	dependency	LEMMAREL	bound	278	NA	NA	1	weight	FOC	278	all	4_4	NA	309	stof
stof.LEMMAREL2.PPMIselection.LENGTH5000.SOCPOSnav	0.6734370634444864	1.13115398830379	NA	group2	dependency	LEMMAREL	bound	278	NA	NA	1	selection	5000	5000	nav	4_4	NA	309	stof
stof.LEMMAREL2.PPMIselection.LENGTH5000.SOCPOSall	1.893323719144807	1.1573841376964993	NA	group2	dependency	LEMMAREL	bound	278	NA	NA	1	selection	5000	5000	all	4_4	NA	309	stof
stof.LEMMAREL2.PPMIselection.LENGTHFOC.SOCPOSnav	-0.101450744393581	1.093414764738794	NA	group2	dependency	LEMMAREL	bound	278	NA	NA	1	selection	FOC	193	nav	4_4	NA	309	stof
stof.LEMMAREL2.PPMIselection.LENGTHFOC.SOCPOSall	-0.03150905443282782	1.053087560386336	NA	group2	dependency	LEMMAREL	bound	278	NA	NA	1	selection	FOC	278	all	4_4	NA	309	stof
stof.LEMMAREL2.PPMIno.LENGTH5000.SOCPOSnav	0.7002891589786099	1.163423806237736	NA	group2	dependency	LEMMAREL	bound	339	NA	NA	1	no	5000	5000	nav	4_4	NA	311	stof
stof.LEMMAREL2.PPMIno.LENGTH5000.SOCPOSall	1.992233169000196	1.1414007076169053	NA	group2	dependency	LEMMAREL	bound	339	NA	NA	1	no	5000	5000	all	4_4	NA	311	stof
stof.LEMMAREL2.PPMIno.LENGTHFOC.SOCPOSnav	-0.052432724092434844	1.1145998162892803	NA	group2	dependency	LEMMAREL	bound	339	NA	NA	1	no	FOC	232	nav	4_4	NA	311	stof
stof.LEMMAREL2.PPMIno.LENGTHFOC.SOCPOSall	0.023699529957070052	1.0654674683793914	NA	group2	dependency	LEMMAREL	bound	339	NA	NA	1	no	FOC	339	all	4_4	NA	311	stof
stof.LEMMAREL3.PPMIweight.LENGTH5000.SOCPOSnav	-0.08704541554632363	1.1639456928158076	NA	group3	dependency	LEMMAREL	bound	318	NA	NA	1	weight	5000	5000	nav	4_4	NA	311	stof
stof.LEMMAREL3.PPMIweight.LENGTH5000.SOCPOSall	1.7614985151400149	1.0048489516662247	NA	group3	dependency	LEMMAREL	bound	318	NA	NA	1	weight	5000	5000	all	4_4	NA	311	stof
stof.LEMMAREL3.PPMIweight.LENGTHFOC.SOCPOSnav	-0.6100834985861638	1.1227198458464593	NA	group3	dependency	LEMMAREL	bound	318	NA	NA	1	weight	FOC	208	nav	4_4	NA	311	stof
stof.LEMMAREL3.PPMIweight.LENGTHFOC.SOCPOSall	-0.5405121936150411	1.0881975967429414	NA	group3	dependency	LEMMAREL	bound	318	NA	NA	1	weight	FOC	318	all	4_4	NA	311	stof
stof.LEMMAREL3.PPMIselection.LENGTH5000.SOCPOSnav	0.7232807980898919	1.0988385796099893	NA	group3	dependency	LEMMAREL	bound	318	NA	NA	1	selection	5000	5000	nav	4_4	NA	311	stof
stof.LEMMAREL3.PPMIselection.LENGTH5000.SOCPOSall	1.9996457353823858	1.052780540853911	NA	group3	dependency	LEMMAREL	bound	318	NA	NA	1	selection	5000	5000	all	4_4	NA	311	stof
stof.LEMMAREL3.PPMIselection.LENGTHFOC.SOCPOSnav	-0.11214420558071109	1.0518112734099574	NA	group3	dependency	LEMMAREL	bound	318	NA	NA	1	selection	FOC	208	nav	4_4	NA	311	stof
stof.LEMMAREL3.PPMIselection.LENGTHFOC.SOCPOSall	-0.047017864561373975	1.0060765746170062	NA	group3	dependency	LEMMAREL	bound	318	NA	NA	1	selection	FOC	318	all	4_4	NA	311	stof
stof.LEMMAREL3.PPMIno.LENGTH5000.SOCPOSnav	0.7850156584592206	1.0969503749871514	NA	group3	dependency	LEMMAREL	bound	433	NA	NA	1	no	5000	5000	nav	4_4	NA	312	stof
stof.LEMMAREL3.PPMIno.LENGTH5000.SOCPOSall	2.205548290780098	1.0142083404038498	NA	group3	dependency	LEMMAREL	bound	433	NA	NA	1	no	5000	5000	all	4_4	NA	312	stof
stof.LEMMAREL3.PPMIno.LENGTHFOC.SOCPOSnav	0.010566229856407467	1.0351591721412012	NA	group3	dependency	LEMMAREL	bound	433	NA	NA	1	no	FOC	267	nav	4_4	NA	312	stof
stof.LEMMAREL3.PPMIno.LENGTHFOC.SOCPOSall	0.06293063788312472	0.9991033406465417	NA	group3	dependency	LEMMAREL	bound	433	NA	NA	1	no	FOC	433	all	4_4	NA	312	stof
