	file	left	right	target	token_id	type
0	parool_19991111_29	. Hij is weliswaar tegen censuur , maar zegt dat Brusselmans in zijn boek '	en flauw bezig is '	gemeen	gemeen/adj/parool_19991111_29/111	gemeen/adj
1	de_morgen_20040322_01_36	en nacht moeten ze inzetbaar zijn . Voor de bittere strijd tegen de grootste en	misdadigers uit onze samenleving zijn volharding , 100 procent vertrouwen en totale inzet vereist .	gemeenste	gemeen/adj/de_morgen_20040322_01_36/133	gemeen/adj
2	de_morgen_20040628_01_115	waar perversie troef is en drums de hartslag van de hel volgen . Ook de	afsluiter ' Surfacing ' en de waanzinnige hit ' Spit It Out ' verkenden de	gemene	gemeen/adj/de_morgen_20040628_01_115/348	gemeen/adj
3	de_morgen_20011217_01_40	News Service Helen Pearson Vaccins die niet efficiënt genoeg zijn , kunnen het ontstaan van	ziektekiemen in de hand werken . Daardoor kan al wie niet ingeënt is , in	gemenere	gemeen/adj/de_morgen_20011217_01_40/41	gemeen/adj
4	de_morgen_20010504_01_67	hamerde er steevast op dat eenzijdige Belgische maatregelen niet konden , juist omdat ze een	Europees beleid in de weg staan . Toch lijkt nu ook ons land overstag te	harmonisch	harmonisch/adj/de_morgen_20010504_01_67/197	harmonisch/adj
5	de_morgen_20010504_01_67	zodat het voor onze rundveehouders onmogelijk wordt om te concurreren . We zijn voor een	Europees beleid , maar in de gegeven situatie kunnen we niet anders dan de andere	harmonisch	harmonisch/adj/de_morgen_20010504_01_67/256	harmonisch/adj
6	volkskrant_19990223_9	Maar in het vijfstemmige Stabat mater en het vierstemmige Gloria spreekt Poulenc ook heel andere	krachten aan . Ook hier kunnen dissonanten schrijnen of schokeffecten teweegbrengen , maar bovenal kleurt	harmonische	harmonisch/adj/volkskrant_19990223_9/421	harmonisch/adj
7	het_laatste_nieuws_20020427_01_647	werelden . andquot; Met de Ronde van Vlaanderen heeft de Amstel het draaien en keren	, zijn korte hellingen ook . Gelijkaardig met Luik-Bastenaken-Luik is er het goedlopende geasfalteerde parkoers	gemeen	gemeen/adj/het_laatste_nieuws_20020427_01_647/301	gemeen/adj
8	nrc_handelsblad_20000529_35	los was gegaan . De nieuwe nagel groeide in zijn teen en dat is een	blessure . Het was zo pijnlijk dat we hebben besloten Davids meteen te laten behandelen	gemene	gemeen/adj/nrc_handelsblad_20000529_35/149	gemeen/adj
9	de_morgen_20020427_01_90	was het enige taboe , dat was des duivels . Mijn moeder vooral vond dat	. Je moest ervoor zorgen dat je financieel onafhankelijk was . Mijn vader herhaalde vaak	gemeen	gemeen/adj/de_morgen_20020427_01_90/489	gemeen/adj
10	het_laatste_nieuws_20010818_01_588	eens met vriendinnetje Simone Abdelnour topless op het dek , dan weer met twee andere	creaturen , al even schaars gekleed , en zonder mooie Simone in de buurt .	hemelse	hemels/adj/het_laatste_nieuws_20010818_01_588/311	hemels/adj
11	de_morgen_20030625_01_67	zuiden van Irak controleren . Daar woont de sjiitische bevolking , die Saddam niet echt	is . Volgens militaire experts zullen de Britse troepen in Irak door de incidenten van	genegen	genegen/adj/de_morgen_20030625_01_67/378	genegen/adj
12	parool_20020128_94	de harp en een handvol strijkers die in fluisterzachte eensgezindheid het oor strelen en de	richting aangeven . Vervolgens stuurt Henze het orkest gewiekst langs een parcours waarin de verstilling	harmonische	harmonisch/adj/parool_20020128_94/172	harmonisch/adj
13	volkskrant_20040408_92	God geeft , wordt alleen Abel , die slechts een snoepwikkel neerlegt , beloond met	geluiden . De Alwetende - ' Relax man , het was maar een geintje '	hemelse	hemels/adj/volkskrant_20040408_92/35	hemels/adj
14	algemeen_dagblad_20001111_108	kijkt treurig bij de beelden . Hij mag als eerste commentaar geven . Een beetje	", want het filmpje werd opgenomen in Amsterdam . 	 Er moet wel iets gebeuren"	gemeen	gemeen/adj/algemeen_dagblad_20001111_108/158	gemeen/adj
15	volkskrant_20000412_78	dan opschrijven dat ik nog een leuke , rijke jongen zoek ? Eentje met een	lichaam , niet rokend en veel sportend , liefst een timmerman .	goddelijk	goddelijk/adj/volkskrant_20000412_78/933	goddelijk/adj
16	volkskrant_20011013_165	we bij een grote koker waarin water borrelt . Hier wordt het zogenaamd gezuiverd van	grijnzende figuurtjes - met een druk op een knop worden ze zichtbaar - die bacteriën	gemeen	gemeen/adj/volkskrant_20011013_165/225	gemeen/adj
17	de_morgen_19990202_01_20	middelen worden vrijgemaakt om tijdig en kritisch te reageren op initiatieven die gelijke kansen niet	zouden zijn , op Belgisch niveau de omgekeerde richting wordt ingeslagen . Federale overheidMyriam Van	genegen	genegen/adj/de_morgen_19990202_01_20/813	genegen/adj
18	het_nieuwsblad_20010820_01_286	de meest diverse mensen over de vloer . De bijengilde , de kunstkring van het	Best , Esperantosprekers , filosofiegroepen . Tientallen kunstenaars uit de vier windstreken hebben hier geëxposeerd	Gemene	gemeen/adj/het_nieuwsblad_20010820_01_286/174	gemeen/adj
19	de_standaard_19990222_01_82	van de goden . De toeschouwer stapt in een andere wereld wanneer hij van de	gewaden overstapt naar de gestileerde foto's van de magiër des lichts Horst P. Horst .	hemelse	hemels/adj/de_standaard_19990222_01_82/227	hemels/adj
20	de_standaard_19990222_01_82	beredeneerd . De modefotograaf cijfert zichzelf weg , kleding dringt zich niet op en versmelt	met het model . Het licht , als een zijden sluier over het fotopapier gedrapeerd	harmonisch	harmonisch/adj/de_standaard_19990222_01_82/324	harmonisch/adj
21	de_standaard_20021029_01_1	van voorzitter Valéry Giscard d'Estaing . Over het Volkscongres , een idee dat Giscard zeer	"is , was Fischer vrij positief in zijn 	 maidenspeech 	 . 	 Het is"	genegen	genegen/adj/de_standaard_20021029_01_1/67	genegen/adj
22	nrc_handelsblad_20010309_46	je niets te leren . Het is een film die voortdurend uitgaat van de grootste	deler . Tegelijkertijd hoeven mensen met een ontwikkelde smaak zich er niet voor te schamen	gemene	gemeen/adj/nrc_handelsblad_20010309_46/360	gemeen/adj
23	algemeen_dagblad_20031029_42	"kreeg 500 euro uitgekeerd , terwijl ze bijna 6000 euro had geïnvesteerd . 	 Het"	"is dat ze mensen misleid hebben die er geen verstand van hadden . 	 In"	gemene	gemeen/adj/algemeen_dagblad_20031029_42/17	gemeen/adj
24	de_standaard_20000529_01_50	In België zijn dat Marc Wilmots en de broers Emile en Mbo Mpenza , drie	duivels die voetbal verheffen tot een puur spektakel , aldus het licht euforische perscommuniqué .	hemelse	hemels/adj/de_standaard_20000529_01_50/58	hemels/adj
25	de_morgen_19991224_01_122	geliefden moet achterlaten , dan mis je hen ' Virginie bidt elke dag om een	verklaring voor de ellendige reeks verkrachtingen die ze onderging , Paul kan niet goed schrijven	goddelijke	goddelijk/adj/de_morgen_19991224_01_122/57	goddelijk/adj
26	de_morgen_19991224_01_122	al twee jaar lang patiënt . Ze bidt en bidt , op zoek naar een	verklaring voor haar ellende . Soms praten we , soms zwijgen we . Vaak kan	goddelijke	goddelijk/adj/de_morgen_19991224_01_122/3131	goddelijk/adj
27	nrc_handelsblad_20001113_76	gefuseerd . Twee vrouwen , niet de actiefste en nuttigste in de gemeenschap , hebben	zaak gemaakt met een man en spraken zelfs af om de sportieve en slimme Eva	gemene	gemeen/adj/nrc_handelsblad_20001113_76/550	gemeen/adj
28	nrc_handelsblad_20001118_53	"stapelen 	 , luidt het excuus . Schalken beschikt nu eenmaal niet over het 	"	"lichaam 	 van zijn collega Paul Haarhuis , zoals hij ooit grinnikend constateerde . Zijn"	goddelijke	goddelijk/adj/nrc_handelsblad_20001118_53/161	goddelijk/adj
29	de_morgen_20040324_01_107	celibaat en een bij voorkeur vroegtijdige dood , die de mens kon herenigen met zijn	oorsprong . De leer van het gnosticisme vond zijn neerslag in een reeks evangeliën over	goddelijke	goddelijk/adj/de_morgen_20040324_01_107/842	goddelijk/adj
30	de_standaard_20001002_01_102	"primatologe Jane Goodall . Redmond : 	 Chimpansees hebben 98,4 procent met ons genetisch materiaal"	, gorilla's 97,7 procent en orang-oetangs 96,4 procent . Bovendien zijn primaten verbazend intelligent ,	gemeen	gemeen/adj/de_standaard_20001002_01_102/231	gemeen/adj
31	volkskrant_20000128_114	, aanknopend bij Philo's interpretatie , Kaïn en Abel tot de vertegenwoordigers van respectievelijk de	en de aardse stad . Bij Augustinus is Kaïn al niet meer uitsluitend de moordenaar	hemelse	hemels/adj/volkskrant_20000128_114/937	hemels/adj
32	het_nieuwsblad_20010908_01_803	3,6 liter motor ; het gamma wordt ook uitgebreid met een Targa-versie met breed ,	openschuivend glazen dak . De maximale opening is 0,45 m² , bijna het dubbele vergeleken	geluidloos	geluidloos/adj/het_nieuwsblad_20010908_01_803/31	geluidloos/adj
33	nrc_handelsblad_20000427_36	beter vermijden ? Het lijdt weinig twijfel dat , als men de idee van een	gratie aanvaardt , de koning van Engeland met recht op deze religieuze gratie een beroep	goddelijke	goddelijk/adj/nrc_handelsblad_20000427_36/265	goddelijk/adj
34	nrc_handelsblad_20000427_36	gratie een beroep kan doen . Engeland heeft een staatskerk en de koning verkrijgt de	gratie door een zalvingsritueel dat dateert uit de tijd van Richard I. De zalving van	goddelijke	goddelijk/adj/nrc_handelsblad_20000427_36/293	goddelijk/adj
35	nrc_handelsblad_20000427_36	de Nederlandse grondwet , dan blijkt deze procedure niet te voorzien in het verwerven van	gratie door de nieuwe koning . De procedure omvat slechts een beëdiging en inhuldiging van	goddelijke	goddelijk/adj/nrc_handelsblad_20000427_36/538	goddelijk/adj
36	nrc_handelsblad_20000427_36	1796 geen staatskerk meer kent . De conclusie moet dus luiden dat Nederlandse koningen de	gratie niet bij hun inhuldiging verwerven door een gratie-transmissieritueel . Is het dan mogelijk dat	goddelijke	goddelijk/adj/nrc_handelsblad_20000427_36/617	goddelijk/adj
37	nrc_handelsblad_20000427_36	bij hun inhuldiging verwerven door een gratie-transmissieritueel . Is het dan mogelijk dat ze de	gratie verwerven door een automatische overerving ? Maar aan de eerste van deze twee noodzakelijke	goddelijke	goddelijk/adj/nrc_handelsblad_20000427_36/635	goddelijk/adj
38	nrc_handelsblad_20000427_36	Over het ontvangen van een gratie Gods werd met geen woord gerept . Wat de	gratie als rechtvaardiging van het koningschap betreft , staan we dus voor een dilemma .	goddelijke	goddelijk/adj/nrc_handelsblad_20000427_36/730	goddelijk/adj
39	parool_20000829_48	Toch is zo'n eerste deel van Polyphonie X niet niks . Mooie samenklanken , spannende	complexen , inventief gebruik van timbre tegenstellingen , enzovoorts . Maar in deel twee beginnen	harmonische	harmonisch/adj/parool_20000829_48/1013	harmonisch/adj
40	parool_20000606_18	klank . Wat die akkoorden betreft : regelmatig zwiert hij in en uit de traditionele	structuur ; hij improviseert dan even outside zoals een moderne saxofonist dat zou doen .	harmonische	harmonisch/adj/parool_20000606_18/104	harmonisch/adj
41	de_morgen_20001013_01_36	"stoefkont . Hannan : 	 Anderen hebben dat niet , dus het is echt wel"	"om over schoenen of zo op te scheppen . Ook Jean-François is verontwaardigd . 	"	gemeen	gemeen/adj/de_morgen_20001013_01_36/719	gemeen/adj
42	het_laatste_nieuws_20040827_01_240	Parente kregen de ING-trophy andapos; omdat ze zich de meester toonden van de synchronisatie en	opbouw andapos; . Ze toonden eveneens enkele nieuwe zaken inzake vuurwerkkunst . China werd tweede	harmonische	harmonisch/adj/het_laatste_nieuws_20040827_01_240/146	harmonisch/adj
43	nrc_handelsblad_20001027_140	Bogarde raakt in door moreel verval en de pest geteisterd Venetië in de ban van	knaap , de belichaming van ultieme schoonheid . Ook met Mahler . Ned.1 , 23.49-1.58u.	goddelijke	goddelijk/adj/nrc_handelsblad_20001027_140/625	goddelijk/adj
44	de_standaard_20030707_01_92	Tina Gillen , een Luxemburgse kunstenares die al zes jaar in België werkt . Minder	gaat het eraan toe in de zaal met werk van Vincent Geyskens . Naast de	harmonisch	harmonisch/adj/de_standaard_20030707_01_92/954	harmonisch/adj
45	de_morgen_20040106_01_6	"liet hij bijvoorbeeld Gerstein de nuntius toebijten : 	 U ziet toch dat het Vaticaan"	"zaak maakt met Hitler . 	 Dat hoor je niet in de film . Ook"	gemene	gemeen/adj/de_morgen_20040106_01_6/749	gemeen/adj
46	de_standaard_20040306_01_54	"leverden hem de bijnaam ` Bambi ' op . 	 Zijn beleid is de grootst"	"deler van de vele strekkingen en regionale afdelingen in de partij 	 , zegt Bobillo"	gemene	gemeen/adj/de_standaard_20040306_01_54/1555	gemeen/adj
47	het_laatste_nieuws_20020426_01_639	Want hij is in alles de beste . andquot; De beste , maar ook de	? Probeerde hij Montoya in Brazilië niet van de sokken te rijden ? andquot; Ach	gemeenste	gemeen/adj/het_laatste_nieuws_20020426_01_639/869	gemeen/adj
48	nrc_handelsblad_20020128_115	van buiten de provincie , weer een beladen wedstrijd . Van der Schaaf beging de	overtreding die slechts met een gele kaart werd bestraft . Hij werd vlak na rust	gemeenste	gemeen/adj/nrc_handelsblad_20020128_115/89	gemeen/adj
49	de_morgen_20040413_01_7	is 100.000 euro waard Huwelijk is 100.000 euro waard , goede seks 45.000 euro Een	huwelijk kan iemand een even groot gevoel van tevredenheid geven als een extra inkomen van	harmonisch	harmonisch/adj/de_morgen_20040413_01_7/19	harmonisch/adj
50	volkskrant_20000824_86	keer heeft gezien , schrijft hij : ' Het goede is lichtvoetig , al het	loopt op tere voetjes . ' De uitstraling van Isadora Duncan ( 1877-1927 ) is	goddelijke	goddelijk/adj/volkskrant_20000824_86/837	goddelijk/adj
51	de_morgen_20001223_01_155	"zou zitten prullen . Langer dan dit zal ik het niet laten groeien . 	"	"opmerkingen van collega's zijn haar vreemd . 	 Enfin , niemand zegt toch iets in"	Gemene	gemeen/adj/de_morgen_20001223_01_155/915	gemeen/adj
52	parool_20020607_47	barre tocht per vrachtauto van Timboektoe naar Bamako waar ik halverwege ten prooi viel aan	buikloop en vervolgens sinterklaasavond eenzaam doorbracht op een groezelig bed in een vieze Afrikaanse hotelkamer	gemene	gemeen/adj/parool_20020607_47/146	gemeen/adj
53	het_laatste_nieuws_20000706_01_19	In de regio is er anders geen oplossing voorhanden en alle gemeentebesturen zijn ons positief	. Het is bovendien een uniek project andquot; , besluit Denis Gheys . Uitbaatster Annie	genegen	genegen/adj/het_laatste_nieuws_20000706_01_19/507	genegen/adj
54	de_morgen_20001110_01_118	tegen de tijd dat Reagan hen - terecht - kwam vertellen dat ze veel meer	hadden met de godvrezende , patriottische Republikeinse Partij dan met die liberale , Big Brother-voorstanders	gemeen	gemeen/adj/de_morgen_20001110_01_118/673	gemeen/adj
55	nrc_handelsblad_20010109_117	film ( een losse adaptatie van Homerus ' Odysseus ) worden muzikaal vertolkt door de	combinatie Alison Krauss , Emmylou Harris en Gilian Welch . Maar die hoeven hier helaas	goddelijke	goddelijk/adj/nrc_handelsblad_20010109_117/286	goddelijk/adj
56	de_standaard_20030412_01_20	smaakafwijking oplopen , bijvoorbeeld door contact met vervuilde oppervlakten of verontreinigde materialen . Vinificatiekuipen kunnen	schimmelgeuren afgeven , wat voor oude , weinig aantrekkelijke geuren zorgt . De Médoc heeft	gemene	gemeen/adj/de_standaard_20030412_01_20/168	gemeen/adj
57	algemeen_dagblad_20040326_39	niets , getuige ook de laatste zin van de roman : ' De mens is	. ' De held is tegelijkertijd antiheld , liefde , vriendschap en haat , vuil	goddelijk	goddelijk/adj/algemeen_dagblad_20040326_39/127	goddelijk/adj
58	nrc_handelsblad_19991113_31	van gevangene tot president . BBC2 , 21.00-21.50u. OverLeven . Landmijnen zijn zonder twijfel het	wapen dat de mens ooit heeft bedacht . Een Belgisch-Nederlands onderzoeksprogramma heeft een efficiënte manier	gemeenste	gemeen/adj/nrc_handelsblad_19991113_31/421	gemeen/adj
59	de_morgen_20020530_01_113	prijs zijn van een ritje in de rollercoaster - u minstens een half uur naar	regionen katapulteert . Een compliment voor de acteurs van Het Toneelhuis , onder wie Robrecht	hemelse	hemels/adj/de_morgen_20020530_01_113/674	hemels/adj
60	volkskrant_19990505_58	, dus mag alles . Bijna elke act eindigt met de onthulling van weer een	lichaam . ' Dat is een tijdlang leuk om te zien , maar op zijn	goddelijk	goddelijk/adj/volkskrant_19990505_58/366	goddelijk/adj
61	algemeen_dagblad_20031113_100	- Nederland is het 46ste duel van het jaar . Maar het gazon ligt er	bij . Niemand , behalve hij , mag het betreden . Met 25 millimeter hebben	goddelijk	goddelijk/adj/algemeen_dagblad_20031113_100/119	goddelijk/adj
62	volkskrant_20011114_85	de columnist , gewend om soeverein te heersen over zijn gedachten , was niet erg	de aanwijzingen op te volgen . Toen een vrouwelijke passagier een gesprek begon over de	genegen	genegen/adj/volkskrant_20011114_85/131	genegen/adj
63	volkskrant_20041001_99	van het schip werd zijn naam - bepalen , in dialogen die meer duivels dan	zijn . In verhouding tot het hoofdverhaal zijn die over het hele boek verspreide gesprekken	goddelijk	goddelijk/adj/volkskrant_20041001_99/152	goddelijk/adj
64	volkskrant_20011116_7	dat ik de verkeerde krant in mijn handen had . De neerbuigende toon en de	verdachtmakerij zonder enige gefundeerde wetenschappelijke weerlegging behoren niet thuis in de Volkskrant . Ondanks het	gemene	gemeen/adj/volkskrant_20011116_7/20	gemeen/adj
65	de_standaard_20030125_01_99	"funkbad krijgt . Maar dan komt 	 	 Everlasting now 	 , tjokvol solo's ,"	gitaarspel en een discosfeer waarbij de hemel omlaag komt . Waarna Prince achter zijn piano	hemels	hemels/adj/de_standaard_20030125_01_99/232	hemels/adj
66	de_standaard_20040911_01_167	geweest . Volgens de Russen gaat het om Magomed Jevlojev , een Ingoesjetische moslim die	zaak zou maken met de Tsjetsjeense terrorist Sjamil Basajev . Intussen wordt op de codenaam	gemene	gemeen/adj/de_standaard_20040911_01_167/1087	gemeen/adj
67	de_morgen_20000714_01_107	een vereenvoudigde wijze te herscheppen in een strenge , tweedimensionale compositie . Het is de	spanning in die picturale constellatie van objecten waar het hem om te doen was .	harmonische	harmonisch/adj/de_morgen_20000714_01_107/379	harmonisch/adj
68	volkskrant_20000115_176	. Aan klasgenootjes werd gevraagd drie jongens te noemen die het vaakst vochten en zich	gedroegen tegenover anderen . Daaruit bleek dat de twaalf kinderen met het laagste cortisolniveau drie	gemeen	gemeen/adj/volkskrant_20000115_176/204	gemeen/adj
69	nrc_handelsblad_20010302_163	"over zichzelf , over trivialiteiten . Ik vind het bekrompen . 	 En met een"	"lachje : 	 De jongeren zeggen nu tegen mijn generatie : uit de weg jullie"	gemeen	gemeen/adj/nrc_handelsblad_20010302_163/1439	gemeen/adj
70	algemeen_dagblad_20010809_4	remmen , wat veel lawaai veroorzaakt . En met het opstijgen dan ? Gaat dat	? Verder wordt over de luchtverontreiniging nooit gesproken . Hebt u wel eens gezien wat	geluidloos	geluidloos/adj/algemeen_dagblad_20010809_4/74	geluidloos/adj
71	de_morgen_20010419_01_88	, maar daalt ze wanneer er neerslag valt . In de buurt van buien kunnen	windstoten optreden . Kortom we staan opnieuw aan het begin van een gure aprildag .	gemene	gemeen/adj/de_morgen_20010419_01_88/124	gemeen/adj
72	nrc_handelsblad_20001222_61	. In die dagen had je nog geen digitale computers . Nu kun je alle	"aerodynamische rotzooi gewoon wegrekenen . 	 Bovendien is Airbus een vliegtuigbouwer die volgens Den Hertog"	gemene	gemeen/adj/nrc_handelsblad_20001222_61/261	gemeen/adj
73	de_standaard_20040228_01_129	de koude en de hevige wind . De overlevingstips van Dansercour zijn voor hen een	geschenk , maar niettemin is het een loodzware opgave . Ze hebben nog 130 kilometer	hemels	hemels/adj/de_standaard_20040228_01_129/319	hemels/adj
74	volkskrant_20010910_92	de Sparta-aanhang na afloop rustig . Na de rode kaart werd het duel grimmig en	, met treiteraar Boukhari van de thuisploeg voorop in de strijd . Oskam had nog	gemeen	gemeen/adj/volkskrant_20010910_92/218	gemeen/adj
75	de_morgen_20030207_01_32	voor God in Europese grondwet ' Het ware Europa staat of valt niet met een	referentie ' Een poging uit religieuze middens om God een vermelding te geven in een	goddelijke	goddelijk/adj/de_morgen_20030207_01_32/18	goddelijk/adj
76	de_morgen_20030207_01_32	"	 , zegt ze . 	 Het ware Europa staat of valt niet met een"	"referentie . 	 ( JCS"	goddelijke	goddelijk/adj/de_morgen_20030207_01_32/482	goddelijk/adj
77	nrc_handelsblad_20000606_51	voor je hem thuis krijgt bezorgd . De toekomst is daarom aan de Dot.coms die	zaak maken met logistiek-ondernemers als Die Deutsche Post en transportondernemingen als TNT . www.woche.de The	gemene	gemeen/adj/nrc_handelsblad_20000606_51/258	gemeen/adj
78	volkskrant_20021015_53	van Economische Zaken Herman Heinsbroek er de brui aan geeft , zijn CDA en VVD	de kwestie als een ' ministerscrisis ' te zien . Heinsbroek kan het boek 85	genegen	genegen/adj/volkskrant_20021015_53/123	genegen/adj
79	algemeen_dagblad_20020907_140	", een paars fluwelen pak van Paul Smith . 	 Waauw , Paul Smith is"	". 	 En die draag ik niet alleen met de kerst of op een bruiloft"	goddelijk	goddelijk/adj/algemeen_dagblad_20020907_140/560	goddelijk/adj
80	algemeen_dagblad_20000325_12	, zweven we tussen de bomen door naar beneden . Op een vorstelijk tapijt van	wit . Soms laat ik de voorkant van het snowboard een beetje uit de sneeuw	goddelijk	goddelijk/adj/algemeen_dagblad_20000325_12/537	goddelijk/adj
81	parool_20020921_115	ondoordringbare duisternis , met water en bomen zover het oog reikt , binnen ligt een	welkomstwoord . Even wanen we ons alleen met de elementen , totdat de hooggeblondeerde buurvrouw	goddelijk	goddelijk/adj/parool_20020921_115/185	goddelijk/adj
82	algemeen_dagblad_20010217_123	de lachende dood bij de uitgang : ` Ik ben de dood , slecht en	, niemand kan er om mij heen .	gemeen	gemeen/adj/algemeen_dagblad_20010217_123/469	gemeen/adj
83	de_standaard_20000427_01_80	het in een ander gedicht van hem heet en , tenslotte , die combinatie van	klanken en horror . Alleen blijf ik zitten met één grote vraag : wie worden	hemelse	hemels/adj/de_standaard_20000427_01_80/598	hemels/adj
84	de_morgen_20040417_01_83	verkavelingsvergunning aangevraagd . Niets is nog definitief maar de gemeente Etterbeek lijkt het project alvast	, zo schrijft de Brusselse stadskrant Brussel deze week . Het Arsenaal is samen met	genegen	genegen/adj/de_morgen_20040417_01_83/68	genegen/adj
85	nrc_handelsblad_19991127_39	die verdienen een standje . Maar je moet ze niet slaan ! Als ze echt	worden , hebben wij natuurlijk ook een troef achter de hand : de jongeren en	gemeen	gemeen/adj/nrc_handelsblad_19991127_39/2216	gemeen/adj
86	de_standaard_20010313_01_16	dat hart es te minnene ende te huedene . 4 vten hoegsten : uit het	werken : innerlijk hun uitwerking doen gevoelen 5 ten ouersten : naar het goddelijke 8	goddelijke	goddelijk/adj/de_standaard_20010313_01_16/194	goddelijk/adj
87	de_standaard_20010313_01_16	het goddelijke werken : innerlijk hun uitwerking doen gevoelen 5 ten ouersten : naar het	8 regneren : heersen wedersake : tegenstander 9 wale : terdege 10 met behendicheiden :	goddelijke	goddelijk/adj/de_standaard_20010313_01_16/208	goddelijk/adj
88	nrc_handelsblad_19990719_12	Nuntius mgr. Angelo Acerbi , de vertegenwoordiger van het Vaticaan in Nederland . Of Eijk	was om bisschop van Groningen te worden . Eijk , docent moraaltheologie aan het seminarie	genegen	genegen/adj/nrc_handelsblad_19990719_12/26	genegen/adj
89	algemeen_dagblad_20010206_61	, de koran en de heilige teksten van de joden en boeddhisten alle producten van	inspiratie . Volgens medewerkers van het paleis waren de meeste reacties positief . Slechts enkele	goddelijke	goddelijk/adj/algemeen_dagblad_20010206_61/168	goddelijk/adj
90	de_standaard_20020211_01_101	". Hét ultieme hoogtepunt van de show heette 	 As you are 	 , een"	gezongen ballad die werd opengereten door een krijsende gitaarsolo . De zaal liet zich gewillig	hemels	hemels/adj/de_standaard_20020211_01_101/440	hemels/adj
91	volkskrant_19990326_136	kinderkoor van de Scala . In het publiek werd gehuild . Vanaf het podium werd	teruggehuild door zangers en musici . Gabriela Chailly had hoofdpijn , en zat gisteren tegen	geluidloos	geluidloos/adj/volkskrant_19990326_136/939	geluidloos/adj
92	volkskrant_20010713_86	zoals mijn Playing met Misha . Hier ging het anders . De kleinste hint op	gebied werd meteen door iedereen opgepikt , en perfect uitgewerkt . We klonken als een	harmonisch	harmonisch/adj/volkskrant_20010713_86/568	harmonisch/adj
93	algemeen_dagblad_20040426_46	heroïne nemen en dan , in een plaatsje op de hei , wachten tot de	inspiratie op mij neer druipt . Nee , een paar rustige dagen en de telefoon	goddelijke	goddelijk/adj/algemeen_dagblad_20040426_46/66	goddelijk/adj
94	algemeen_dagblad_20000715_51	thuis hoor . Ik heb nooit iets te maken willen hebben met die smerige ,	oorlog . Maar als mijn vrienden de moslims niet terugkeren , heeft het leven ook	gemene	gemeen/adj/algemeen_dagblad_20000715_51/1677	gemeen/adj
95	nrc_handelsblad_20001121_54	Ernesto , wel een ménage à trois van drie personages die met elkaar niets meer	hebben dan hun overvloedige kapitaal en zich elk afzonderlijk laten verwennen door stoeten van personeel	gemeen	gemeen/adj/nrc_handelsblad_20001121_54/323	gemeen/adj
96	volkskrant_20041115_86	het publiek opklinken . Tussen gemoduleerde geluiden door klinken enigszins verzakte muziekjes op basis van	schema's uit de barok	harmonische	harmonisch/adj/volkskrant_20041115_86/333	harmonisch/adj
97	nrc_handelsblad_20010508_137	". Op zijn website linkt hij naar diverse religieuze organisaties en vertelt hij hoe 	"	"inspiratie 	 hem op het idee voor G-Force bracht . Ongetwijfeld zullen slechts weinig gebruikers"	goddelijke	goddelijk/adj/nrc_handelsblad_20010508_137/338	goddelijk/adj
98	parool_19990621_13	De bewerkingen versterkten ook onbedoeld de zwakke plekken : eindeloos herhaald mager melodisch en naiëf	materiaal , stoplappen als dalende tertsenreeksen boven een eindeloos orgelpunt . Maar in de beste	harmonisch	harmonisch/adj/parool_19990621_13/322	harmonisch/adj
99	de_morgen_20020309_01_71	rijk aan nuances . Een cliché is een abstrahering van de werkelijkheid , de grootste	deler van ontelbare gelijksoortige gebeurtenissen . Aan de werkelijkheid ontleend - zoals een foto -	gemene	gemeen/adj/de_morgen_20020309_01_71/254	gemeen/adj
100	de_morgen_20020309_01_71	- verwijst een cliché naar die werkelijkheid , het is een virtuele realiteit . Het	( niet langer het gemeenschappelijke , maar het akelige , het slechte ) van de	gemene	gemeen/adj/de_morgen_20020309_01_71/284	gemeen/adj
101	de_morgen_20020309_01_71	zijn voor hem wezenlijk . Zijn foto's zijn het tegendeel van het cliché : niet	en oppervlakkig , maar altijd bijzonder en gelaagd , nooit bevestigend en geruststellend , maar	gemeen	gemeen/adj/de_morgen_20020309_01_71/751	gemeen/adj
102	volkskrant_19990730_70	. De ' troonsbestijging ' van Christus had al eerder plaatsgevonden . Een werkelijk schitterende	hof-hiërarchie wordt zichtbaar . De verzichtbaring van het gehoorde - dat is geschiedenis van de	hemelse	hemels/adj/volkskrant_19990730_70/536	hemels/adj
103	de_morgen_20030408_01_83	Laïs schuift instrumenten opzij en hijst man aan boord	stemmenpracht van het trio valt hier in haar puurste en meest dynamische vorm te bewonderen	Harmonische	harmonisch/adj/de_morgen_20030408_01_83/10	harmonisch/adj
104	de_morgen_20030408_01_83	luid vonden , zullen aan A la capella hun hart kunnen ophalen , want de	stemmenpracht van Jorunn Bauweraerts , Annelies Brosens en Nathalie Delcroix valt hier in haar puurste	harmonische	harmonisch/adj/de_morgen_20030408_01_83/160	harmonisch/adj
105	volkskrant_20040416_135	Verheul met eigen ogen ' die vonk of zo u wilt die aanwezigheid van iets	( hoorde en zag ) , waarmee sinds de oudheid de kern van het begrip	goddelijks	goddelijk/adj/volkskrant_20040416_135/522	goddelijk/adj
106	algemeen_dagblad_20020215_107	"geloven , ben ik een soort supermens 	 , zei hij . 	 Mij worden"	"eigenschappen toegedicht . 	 Milosevic had drieënhalf uur gesproken toen de zitting werd verdaagd ."	goddelijke	goddelijk/adj/algemeen_dagblad_20020215_107/359	goddelijk/adj
107	parool_20040316_54	Dolores Brewster maakt een	broodje groen . Ook haar hete kip met komkommersalade , met rode ui , spaanse	gemeen	gemeen/adj/parool_20040316_54/5	gemeen/adj
108	nrc_handelsblad_19991224_40	Dat wilde ik wel , maar ik heb hem ook verteld dat ik het een	"streek bleef vinden . 	 Na de interland werd er door de bestuurders vergaderd over"	gemene	gemeen/adj/nrc_handelsblad_19991224_40/353	gemeen/adj
109	de_standaard_19990212_01_0	mooier figuur . Het hield je organen op hun plaats en beschermde de borsten tegen	schokken . De ideale taille had de omtrek van een dessertbord . Aan het einde	gemene	gemeen/adj/de_standaard_19990212_01_0/1580	gemeen/adj
110	nrc_handelsblad_20000211_168	. En dit keer zijn de rackets volledig interactief , zodat je de bal een	draai kunt meegeven . Kiezen sommige uitgevers voor het updaten van klassieke spellen om ze	gemene	gemeen/adj/nrc_handelsblad_20000211_168/396	gemeen/adj
111	het_nieuwsblad_20001211_01_303	rooster gelegd door twee ex-missen . 22.42 uur : Brunhilde samen met andere finalisten in	ijswereld . 22.53 uur : Sensuele dans op de Mission Impossible-sound . 23.05 uur :	hemelse	hemels/adj/het_nieuwsblad_20001211_01_303/159	hemels/adj
112	volkskrant_19990522_100	onderzoeksmateriaal consequent met twee hoofdletters , waardoor het Jonge Talent na verloop van leestijd iets	krijgt . Kan het ook mooier ? Topopleiding , banen voor het uitkiezen , een	goddelijks	goddelijk/adj/volkskrant_19990522_100/298	goddelijk/adj
113	nrc_handelsblad_20000922_103	in de plaats . Zo'n draak had , als hij nog klein was , een	trekje , wist men . Dat kon hij doen nadat hij zich , glibberig van	gemeen	gemeen/adj/nrc_handelsblad_20000922_103/390	gemeen/adj
114	algemeen_dagblad_20000731_27	. Dans is nog altijd de vervulling van mijn bestaan , en dus een beetje	". Dag , misschien tot ziens ! 	 De fax werd de aanleiding voor een"	goddelijk	goddelijk/adj/algemeen_dagblad_20000731_27/126	goddelijk/adj
115	volkskrant_20011117_223	gang door de zwenking van de opportunist Leicester die door acteur Xander Straat geestig ,	en helder wordt waargemaakt . Na een vonkende confrontatie tussen de twee vorstinnen , waarin	gemeen	gemeen/adj/volkskrant_20011117_223/358	gemeen/adj
116	volkskrant_20040116_142	van hen heeft zijn beslommeringen en angsten , maar hun belevenissen sluiten op een wonderlijk	manier op elkaar aan . Ze komen hetzelfde boek tegen , dezelfde tentoonstelling en luisteren	harmonische	harmonisch/adj/volkskrant_20040116_142/29	harmonisch/adj
117	de_morgen_20031211_01_29	Zo snel is alles leeggehaald . Maar niemand die de actie van de vissers niet	is , luidt het . En die gratis vis , ja , dat is mooi	genegen	genegen/adj/de_morgen_20031211_01_29/580	genegen/adj
118	het_laatste_nieuws_20010727_01_180	wei . We overnachten in de huifkar of zetten ergens een tentje neer . Gewoon	. We genieten van de vrijheid . andquot; Voeder Johan Verwer en zijn vrouw Lea	goddelijk	goddelijk/adj/het_laatste_nieuws_20010727_01_180/238	goddelijk/adj
119	parool_20011231_119	en klepperend keukengerei . Daarbij introduceerde Kaly Jag de gitaar en de accordeon waarmee een	dimensie aan de muziek werd toegevoegd . De vier leden van de jongere formatie Romano	harmonische	harmonisch/adj/parool_20011231_119/228	harmonisch/adj
120	de_morgen_19990814_01_94	vermoeden over wat er in de Guinese gevangenissen gebeurt met politieke opposanten en criminelen van	recht . Een man die vier jaar opgesloten was omdat hij tijdens een betoging met	gemeen	gemeen/adj/de_morgen_19990814_01_94/2073	gemeen/adj
121	parool_20000110_121	Geen wonder dat de kerstening in het dorp voorspoedig verliep . De Papoea's hadden het	wonder nu immers zelf aanschouwd ! Zo ongeveer moet het onze overgrootouders zijn vergaan toen	goddelijk	goddelijk/adj/parool_20000110_121/314	goddelijk/adj
122	nrc_handelsblad_20011102_157	je daar nu nog druk om te maken . Ook voor zoiets als een `	recht ' van de overheid is bij hem geen plaats , hij noemt het niet	goddelijk	goddelijk/adj/nrc_handelsblad_20011102_157/836	goddelijk/adj
123	de_standaard_20010317_01_41	Donau . De joodse geschiedenis van Boedapest - dat in het Horthy-tijdperk door de anti-semieten	Judapest werd genoemd - is een verhaal op zich . Hoewel de joden als ervaren	gemeen	gemeen/adj/de_standaard_20010317_01_41/1834	gemeen/adj
124	nrc_handelsblad_20010618_117	én buurman van Slava , voor wie Rostropovitsj en zijn muzikale gevolg een monument van	inspiratie oprichtten . Dat de streek van de volledig door de muziek geabsorbeerde maestro soms	goddelijke	goddelijk/adj/nrc_handelsblad_20010618_117/431	goddelijk/adj
125	parool_20020831_63	Dan Aykroyd is amusant als de verstrooide professor en Kim Basinger werpt erg komisch haar	lichaam in de strijd , maar een overdosis sentiment haalt de vaart uit de grappen	hemelse	hemels/adj/parool_20020831_63/1211	hemels/adj
126	nrc_handelsblad_20000310_142	in Mbengue ( Ivoorkust ) . Voor geslaagde heren in de politiek wordt een bijna	respect in acht genomen in Afrika . Waarom bij dageraad opstaan als het maar drie	goddelijk	goddelijk/adj/nrc_handelsblad_20000310_142/25	goddelijk/adj
127	nrc_handelsblad_20000310_142	onder het Grote Man syndroom . Voor geslaagde heren in de politiek wordt een bijna	respect in acht genomen . Zelfs als het een gehate politicus is . Veel Afrikaanse	goddelijk	goddelijk/adj/nrc_handelsblad_20000310_142/1142	goddelijk/adj
128	het_laatste_nieuws_20010209_01_377	voordeel voor ons was ook dat de gemeente Beersel van in andapos;t begin het dossier	was en volop meewerkte . Aan de werken is een prijskaartje verbonden van 16,5 miljoen	genegen	genegen/adj/het_laatste_nieuws_20010209_01_377/141	genegen/adj
129	de_morgen_20001206_01_94	slechte nummers spreken . Je kunt alleen spreken van slechte uitvoeringen . Natuurlijk is de	structuur van een lied van bijvoorbeeld Gershwin complexer . Het is bijna klassieke muziek .	harmonische	harmonisch/adj/de_morgen_20001206_01_94/567	harmonisch/adj
130	de_morgen_20030630_01_147	meezingen . Zijn eigen rauwe , hese stem klonk als een sputterende auto bij de	tonen van Francavilla . Een alerte band speelde voortdurend in op de grillige commando's van	hemelse	hemels/adj/de_morgen_20030630_01_147/119	hemels/adj
131	nrc_handelsblad_20020418_46	41 , Den Haag . Di-zo 11-17u. Mexico Met 250 voorwerpen is Mexico , een	reis een van de grootste exposities ooit van pre-Colombiaanse Mexicaanse kunst . In het eerste	goddelijke	goddelijk/adj/nrc_handelsblad_20020418_46/529	goddelijk/adj
132	nrc_handelsblad_20020418_46	laatste twee zalen iets gemoedelijker , met terracotta dierren en groenten . Mexico , een	reis t/m 30 juni in de Nieuwe Kerk , Dam , Amsterdam . 10-18u ,	goddelijke	goddelijk/adj/nrc_handelsblad_20020418_46/610	goddelijk/adj
133	parool_20000219_11	handen . Eindelijk ! Let's go negative ! Onmiddellijk werd opdracht gegeven de reeds voorgefabriceerde	, negatiefste spotjes over McCain direct uit te zenden . McCain was immers begonnen ,	gemeenste	gemeen/adj/parool_20000219_11/790	gemeen/adj
134	volkskrant_20020228_164	WK-kwalificaties dit project mogelijk hebben gemaakt ' , staat er op de homepage . Heel	. Maar Sigl meent het niet zo slecht ( of dekt zich goed in tegen	gemeen	gemeen/adj/volkskrant_20020228_164/229	gemeen/adj
135	de_standaard_20040614_01_144	Michel ( MR ) : Verhofstadt niet verzwaktVice-premier Louis Michel is een federale herschikking niet	". Volgens hem is premier Guy Verhofstadt niet verzwakt uit de verkiezingen gekomen . 	"	genegen	genegen/adj/de_standaard_20040614_01_144/1082	genegen/adj
136	de_morgen_20010801_01_54	hem dopen . De T-Rex is de overwinnaar van een heftig watergevecht en torent ,	"grijnzend , op veertien meter boven de verliezers uit . 	 We zijn er wild"	gemeen	gemeen/adj/de_morgen_20010801_01_54/965	gemeen/adj
137	de_morgen_20020831_01_35	. Tweedehands en exclusief zijn twee begrippen die vandaag goed samengaan , vintage is de	noemer . Een zeldzaam exemplaar op de kop kunnen tikken is een kunst . Het	gemene	gemeen/adj/de_morgen_20020831_01_35/244	gemeen/adj
138	parool_19990212_116	grond na hun schranspartijen , maar dat er koud water op hen valt is géén	straf , maar een eerste foutje in het systeem . Ook over ' schraapzucht en	goddelijke	goddelijk/adj/parool_19990212_116/1844	goddelijk/adj
139	nrc_handelsblad_20000522_95	elixer van alle uppers en downers die een mens maar tot zich kan nemen .	waren toen al de bewegingen van de welopgevoede jongen uit Buenos Aires . ` El	Goddelijk	goddelijk/adj/nrc_handelsblad_20000522_95/198	goddelijk/adj
140	parool_20000711_76	gereden . Hoofdschuddend moest de klimspecialist de Amerikaan laten gaan , die vervolgens in een	stijl van hem wegreed . Jimenez , een klimmer pur-sang , nestelde zich als laatste	goddelijke	goddelijk/adj/parool_20000711_76/616	goddelijk/adj
141	nrc_handelsblad_20001027_153	Doorman de liefde letterlijk bij kop en kont en is zij een erotische worgengel met	proporties geworden . Hij bezingt ` in een braambossentaal ' de vertwijfeling en onversneden lust	goddelijke	goddelijk/adj/nrc_handelsblad_20001027_153/671	goddelijk/adj
142	nrc_handelsblad_19990406_75	en vooral Christel Domen als Viviane schakelt schitterend - van oud naar jong , van	naar lief , van verkrampte huisvrouw naar kontwiegend meisje . En er valt wat te	gemeen	gemeen/adj/nrc_handelsblad_19990406_75/505	gemeen/adj
143	algemeen_dagblad_20000529_131	Westen God van zijn troon hebben gestoten , zijn we vrijheid en democratie tot bijkans	machten gaan verheffen . Toch zijn vrijheid en democratie in de praktijk net zo goed	goddelijke	goddelijk/adj/algemeen_dagblad_20000529_131/819	goddelijk/adj
144	de_morgen_20040807_01_28	en traantjes , hoewel de kampeerauto niet stuk is en het beloofde paradijselijke strand inderdaad	blijkt . Nee , het is het heimwee . Die kan even hard knagen als	hemels	hemels/adj/de_morgen_20040807_01_28/51	hemels/adj
145	de_standaard_20031108_01_41	zijn , laten hun socialistische regeringspartners nu eenmaal gemakkelijker vallen . Groenen die een kartel	zijn , blijven liever Vlaams regeren . Bladzijde 1 : Verwarring over hervorming kieswet	genegen	genegen/adj/de_standaard_20031108_01_41/752	genegen/adj
146	volkskrant_20001214_110	klein , nauwelijks groter dan tien centimeter . ' Groot overweldigt me en heeft iets	. Over het kleine kun je je ontfermen . Het geeft je het gevoel dat	goddelijks	goddelijk/adj/volkskrant_20001214_110/242	goddelijk/adj
147	het_laatste_nieuws_20040306_01_13	de vitrine aan diggelen met een voorhamer . Dankzij een bepaalde techniek kan dat quasi	. Ook het alarm ging niet af . Want dat waren de bewakers vergeten aan	geluidloos	geluidloos/adj/het_laatste_nieuws_20040306_01_13/181	geluidloos/adj
148	volkskrant_19990402_62	, ( Peter Pears , Elly Ameling , Hermann Prey , Fritz Wunderlich ) klinken	. Bovendien doen er geen countertenors mee . Geef mij maar een warme alt ,	hemels	hemels/adj/volkskrant_19990402_62/652	hemels/adj
149	het_laatste_nieuws_20040528_01_181	kunnen coördineren . andquot; Schepen van Mobiliteit Eric Seurynck ( PRO ) is het voorstel	, maar vreest dat het op lange termijn moeilijk is ouders aan te zetten tot	genegen	genegen/adj/het_laatste_nieuws_20040528_01_181/166	genegen/adj
150	nrc_handelsblad_20010927_82	tot de Verenigde Staten . De aanval op Amerika kwam daarom voor Soedan als een	geschenk . Soedan zegt nu dat het destijds gastvrijheid aan Bin Laden verleende omdat hij	hemels	hemels/adj/nrc_handelsblad_20010927_82/440	hemels/adj
151	de_morgen_20040707_01_35	komen . Die absurde weigering om ook maar iets te willen bereiken , vormt een	tegenwicht tegen onze huidige levensstijl . Ik zou willen dat ik aan veel meer verleidingen	goddelijk	goddelijk/adj/de_morgen_20040707_01_35/856	goddelijk/adj
152	nrc_handelsblad_20000410_34	klagen dat de mensen nu nog steeds de problemen niet hadden opgelost . Ondanks hun	inspanningen . Laatst was een hoogleraar oncologie op de televisie , die vertelde dat ook	goddelijke	goddelijk/adj/nrc_handelsblad_20000410_34/526	goddelijk/adj
153	nrc_handelsblad_20031220_41	over een maagd die zwanger was , om onder primitieve omstandigheden te bevallen van een	koningskind	goddelijk	goddelijk/adj/nrc_handelsblad_20031220_41/351	goddelijk/adj
154	de_morgen_19990602_01_40	zou onze soort terugdringen in een hol , verstoken van het licht dat alleen de	verbeelding kan brengen . Licht over Blakes obscure oeuvre werpt vooral zijn manifest The Marriage	goddelijke	goddelijk/adj/de_morgen_19990602_01_40/151	goddelijk/adj
155	het_nieuwsblad_20030730_01_368	for Debbie H. in de groep , Wimmeke Punk verklaarde nogmaals z'n liefde aan de	Barbara Carrera en bracht ook een pakkende versie van de semi-klassieker As the Bottle runs	goddelijke	goddelijk/adj/het_nieuwsblad_20030730_01_368/191	goddelijk/adj
156	parool_19991113_1	"Dat literatuur en politiek geen tegenpolen hoeven te zijn ? 	 Ik begrijp dat Het"	monster en Zwarte tranen als de twee eerste delen van een ambitieuze trilogie er nooit	goddelijke	goddelijk/adj/parool_19991113_1/1004	goddelijk/adj
157	parool_19991113_1	dubbelrollen spelen . Zonder die Shakespeare-training had ik nooit Zwarte tranen kunnen schrijven . Het	monster misschien wel , maar Zwarte tranen niet . Dan had ik bij het begin	goddelijke	goddelijk/adj/parool_19991113_1/1463	goddelijk/adj
158	parool_19991113_1	"schrijver . 	 En Zwarte Tranen is gelukt . 	 Ja . Beter dan Het"	monster . Ieder personage zijn eigen stem , zijn eigen taal . Niks eenheid in	goddelijke	goddelijk/adj/parool_19991113_1/2209	goddelijk/adj
159	de_morgen_19990105_01_48	toorn van orthodox-katholieke en feministische kringen op de hals . Toch jammer dat Wits zijn	roeping voor een aardse inruilt . ( BW ) Het taboe op het opvallend in	hemelse	hemels/adj/de_morgen_19990105_01_48/390	hemels/adj
160	de_morgen_20040821_01_19	landen die minsten één keer goud wonnen . Ahmed Almaktoum zou in zijn land de	status kunnen krijgen , ware het niet dat hij die al heeft . Hij is	goddelijke	goddelijk/adj/de_morgen_20040821_01_19/546	goddelijk/adj
161	de_morgen_20000916_01_96	glipt erdoor en terwijl u die zware deur met grote krachtsinspanning zo langzaam en zo	mogelijk laat dichtvallen , opent u met uw rug de tweede . Het effect is	geluidloos	geluidloos/adj/de_morgen_20000916_01_96/117	geluidloos/adj
162	de_morgen_20020103_01_32	wondermiddeltje is volgens Evan dat we beseffen dat zowel de steen als de ring geen	"voorwerpen zijn maar dat ze door mensen gemaakt werden . Evan : 	 Beide boeken"	goddelijke	goddelijk/adj/de_morgen_20020103_01_32/787	goddelijk/adj
163	algemeen_dagblad_20030807_76	verandert als God hem toestaat tijdelijk zijn plaats in te nemen . Uitgerust met alle	gaven probeert Bruce het onmogelijke te bereiken : het iedereen naar de zin te maken	goddelijke	goddelijk/adj/algemeen_dagblad_20030807_76/18	goddelijk/adj
164	de_standaard_20000906_01_34	smaken . Bovendien vonden de protestantse leiders in Noord-Ierland dat ze de katholieken te zeer	was . David Trimble , de leider van de grootste unionistische partij , eiste haar	genegen	genegen/adj/de_standaard_20000906_01_34/523	genegen/adj
165	volkskrant_20001221_60	de BBC heilig verklaard . Even , zo wordt ons kijkers voorgehouden , daalde de	gerechtigheid neer midden in de goddeloze voetbalwereld . Er leek bijna sprake te zijn van	hemelse	hemels/adj/volkskrant_20001221_60/146	hemels/adj
166	algemeen_dagblad_20020502_156	de John Wayne-moraal zelfs even wankelen . Hoor haar verhaal , terwijl de wraakbeluste brandweerman	toch in eigen boezem tast door zachtjes te verbleken . Ooit was De Terrorist een	geluidloos	geluidloos/adj/algemeen_dagblad_20020502_156/1000	geluidloos/adj
167	nrc_handelsblad_20011013_89	en waar ze met optimaal effect kan schakelen tussen een komisch terzijde en haar bijna	huilen . In de geschakeerde regie van Robert Prager speelt ze een Shirley Valentine die	geluidloze	geluidloos/adj/nrc_handelsblad_20011013_89/360	geluidloos/adj
168	parool_20020521_95	zomaar tegenkomen in een kroeg in Varsseveld . In Zuid-Korea heeft hij al bijna de	status bereikt . Guus is al net zo populair als Kim Jung Il in Noord-Korea	goddelijke	goddelijk/adj/parool_20020521_95/113	goddelijk/adj
169	nrc_handelsblad_20011102_21	Paludanus was niet de enige die zich stoorde aan de rederijkers , die juist hun	inspiratie ter verdediging aanvoerden . Al aan het einde van de zestiende eeuw verschenen er	goddelijke	goddelijk/adj/nrc_handelsblad_20011102_21/439	goddelijk/adj
170	het_nieuwsblad_20040607_01_248	generatie . Om de geschiedenis van Troje te situeren voor al wie het spitse sms-taaltje	is , heeft MSN Messenger , de populaire dienst van Microsoft , de Ilias samengevat	genegen	genegen/adj/het_nieuwsblad_20040607_01_248/48	genegen/adj
171	de_standaard_20010523_01_54	bijwijlen een kathedraal , nog geregeld mag ik er mijn muziekhonger stillen . Dikwijls toverden	solisten en ensembles er klanken uit de hemel , een enkele keer eindigde een concerto	goddelijke	goddelijk/adj/de_standaard_20010523_01_54/85	goddelijk/adj
172	de_morgen_20010130_01_156	zeer intens speelt , is misschien het meest indrukwekkende stuk . Het toont Kaija Saariaho's	denken op zijn subtielst . De muziek draait rond een vaste harmonische as , maar	harmonisch	harmonisch/adj/de_morgen_20010130_01_156/44	harmonisch/adj
173	de_morgen_20010130_01_156	toont Kaija Saariaho's harmonisch denken op zijn subtielst . De muziek draait rond een vaste	"as , maar creëert een vloeiend patroon van ritmes . 	 ( 4 sterren )"	harmonische	harmonisch/adj/de_morgen_20010130_01_156/56	harmonisch/adj
174	parool_20000115_90	van Radames nooit eerder had vertolkt , maar met de partituur in zijn handen een	aria ten beste . Alberto Cupido had zo veel succes dat toen hij na de	goddelijke	goddelijk/adj/parool_20000115_90/541	goddelijk/adj
175	de_morgen_20040612_01_245	volmaakte harmonie . Een haast ideale samenleving . Maar na een aantal generaties verwaterde het	in de bevolking en kreeg de menselijke natuur steeds meer de bovenhand . Atlantis werd	goddelijke	goddelijk/adj/de_morgen_20040612_01_245/111	goddelijk/adj
176	parool_20000606_14	dat de bijna ondraaglijke weemoedigheid die hier wordt opgeroepen , aan scherven zou vallen .	wijst Beethoven hier vooruit naar de wereld van zijn late kwartetten , waarmee nog maar	Harmonisch	harmonisch/adj/parool_20000606_14/797	harmonisch/adj
177	de_morgen_20040817_01_7	wie een leven lang kind blijft en op tijd zijn denken bevriest , zal een	en tevreden bestaan leiden . In september 2002 overleed Berrie Heesen , hij was amper	harmonisch	harmonisch/adj/de_morgen_20040817_01_7/177	harmonisch/adj
178	nrc_handelsblad_20000526_143	Francine Oomen ) . De kinderen vertellen met vlug gebarende handen . Hun monden bewegen	en hun gezicht verandert steeds van uitdrukking , ze leven duidelijk mee met hun verhaal	geluidloos	geluidloos/adj/nrc_handelsblad_20000526_143/232	geluidloos/adj
179	volkskrant_20011213_164	maken . Gezien haar ervaring verbaast het niet dat ze die vooral heeft opgebouwd rond	zangharmonieën , die ze soms helemaal alleen laag voor laag in elkaar heeft gezet .	hemelse	hemels/adj/volkskrant_20011213_164/34	hemels/adj
180	nrc_handelsblad_20000925_58	, de vlucht van de speer , is poëzie : een komma van metaal als	punctuatie . De alchemie van die elegante aanloop , waar de werper over een pad	hemelse	hemels/adj/nrc_handelsblad_20000925_58/456	hemels/adj
181	parool_19990914_32	de moeizame verwerving van land dat in particulier bezit is . Veel boeren blijken weinig	land te verkopen ten behoeve van natuurontwikkelingsgebieden . In het huidige tempo zal de EHS	genegen	genegen/adj/parool_19990914_32/275	genegen/adj
182	het_laatste_nieuws_19990703_01_489	woedden haat en vijandschap tegenover deze gemeenschap , maar nu leven de hervormden in (	) vrede tussen hun roomse buren . Ze hebben een eigen predikant en een eigen	hemelse	hemels/adj/het_laatste_nieuws_19990703_01_489/469	hemels/adj
183	algemeen_dagblad_20010124_54	"Griekse god . 	 Herkenbaarheid staat bij Croisets enscenering voorop . Toch zet hij het"	toneel niet over naar een realistische kantooromgeving , zoals hij eerder wel deed . Ook	hemelse	hemels/adj/algemeen_dagblad_20010124_54/633	hemels/adj
184	algemeen_dagblad_20010124_54	". Is dat niet raar ? 	 Juist niet . Door de vormgeving zo `"	' te laten kun je juist beter concentreren op de taal en op het verhaal	hemels	hemels/adj/algemeen_dagblad_20010124_54/669	hemels/adj
185	de_standaard_20040527_01_75	. Je maakt kennis met alle uithoeken van de taal en de emoties , soms	, soms heel goor en zo ontstaat een totaalgeluid van literatuur . Ik wou in	hemels	hemels/adj/de_standaard_20040527_01_75/383	hemels/adj
186	parool_19990601_89	ritmische patronen . Zodoende verzanden de improvisaties nooit in gepriegel , ondanks het ontbreken van	ondersteuning . De leider begeleidt heel afwisselend : met zowel super-subtiel geveeg als daverend getrommel	harmonische	harmonisch/adj/parool_19990601_89/154	harmonisch/adj
187	de_standaard_19990326_01_21	een visioen door een engel voor de keuze zijn gesteld tussen een werelds en een	koninkrijk . Lazar koos voor het hemelse rijk en maakte daarmee van de Servische natie	hemels	hemels/adj/de_standaard_19990326_01_21/397	hemels/adj
188	de_standaard_19990326_01_21	keuze zijn gesteld tussen een werelds en een hemels koninkrijk . Lazar koos voor het	rijk en maakte daarmee van de Servische natie een uitverkoren natie , die keer op	hemelse	hemels/adj/de_standaard_19990326_01_21/404	hemels/adj
189	parool_20000627_85	. Heel mooi zijn ook de manieren waarop ze met haar viool haar stem van	ondersteuning voorziet , met als een van de hoogtepunten Knife eater/Polykacka nozu , op een	harmonische	harmonisch/adj/parool_20000627_85/279	harmonisch/adj
190	de_morgen_20010116_01_7	"plaats . Uiteindelijk heb ik die plaats toch gekregen . 	 En dan , haast"	": 	 Het is blijkbaar belangrijker veel mensen te kennen dan capabel te zijn ."	geluidloos	geluidloos/adj/de_morgen_20010116_01_7/726	geluidloos/adj
191	nrc_handelsblad_20010227_98	' werken ineens verrassend sfeervol : van somber bij grijs tot weelderig bij groen en	bij blauw . Het belang van die kleuren wordt des te duidelijker in de serie	hemels	hemels/adj/nrc_handelsblad_20010227_98/530	hemels/adj
192	de_standaard_20010222_01_61	eerste zin van het Haagse adoptieverdrag staat dat het kind , voor de volledige en	ontplooiing van zijn persoonlijkheid , moet opgroeien in een gezin , in een sfeer van	harmonische	harmonisch/adj/de_standaard_20010222_01_61/119	harmonisch/adj
193	de_morgen_20010929_01_154	gouden , een zilveren en een bronzen plak . Wie o wie was toch dat	"kind uit Roemenië ? 	 Plots zat de hele wereld achter me aan . Honderden"	hemelse	hemels/adj/de_morgen_20010929_01_154/332	hemels/adj
194	nrc_handelsblad_20021004_34	lachte weinig , en als hij al lachte , leek het meer een grijnzen of	grinniken . En in weerwil van zijn nooit aflatende geldgebrek droeg hij jasjes van een	geluidloos	geluidloos/adj/nrc_handelsblad_20021004_34/163	geluidloos/adj
195	het_nieuwsblad_20010516_01_409	"Ring Shopping . 	 Ook bij de familie Mesdom uit Kortrijk zijn ze de idee"	"om een fietsstalling te plaatsen in het centrum van de stad . 	 Waarom niet"	genegen	genegen/adj/het_nieuwsblad_20010516_01_409/381	genegen/adj
196	het_nieuwsblad_19990913_01_46	"mans leven . 	 Ze verstaan elkaar met een half woord . En wat een"	onderlinge maanstanden ! Zijn maan staat in de Leeuw , die van haar in Boogschutter	harmonische	harmonisch/adj/het_nieuwsblad_19990913_01_46/137	harmonisch/adj
197	de_morgen_19990830_01_42	vrij spel . Dat leidde uiteindelijk tot een resultaat dat de Franse regering niet erg	is . Minister van Binnenlandse Zaken Chevènement had het in de krant Le Monde zaterdag	genegen	genegen/adj/de_morgen_19990830_01_42/340	genegen/adj
198	volkskrant_19990208_14	De '	muziek ' die de luisteraar vanavond in het Amsterdamse Concertgebouw begeleid door kalmerende lichtstralen in	hemelse	hemels/adj/volkskrant_19990208_14/3	hemels/adj
199	algemeen_dagblad_19990402_53	"werknemers - hoort andere geluiden van werkgevers . 	 Weinig werkgevers zijn er echt toe"	"om uit bepaalde kringen een vervanger te zoeken 	 , zegt Elly Claessen , directeur"	genegen	genegen/adj/algemeen_dagblad_19990402_53/556	genegen/adj
200	algemeen_dagblad_19990113_77	bij de huwelijksinzegening kampen met een zware erectie . Tot nu toe was Disney niet	om de beeldgrappen toe te geven . Men ziet wat men wil zien , was	genegen	genegen/adj/algemeen_dagblad_19990113_77/247	genegen/adj
201	de_standaard_19990527_01_62	haar straf-na-de-bijna-dood is , een straf voor de vanzelfsprekendheid waarmee ze genoten heeft van haar	dagen , die ze zelf in kleuren percipieerde , met karmijnrode gesprekken en okeren lunchpauzes	harmonische	harmonisch/adj/de_standaard_19990527_01_62/504	harmonisch/adj
202	parool_20000415_77	Na een ' rouwperiode ' die drie jaar duurde , kreeg Kim alsnog het '	mandaat ' om zijn vader op te volgen . Met zijn benoeming tot secretaris-generaal van	hemelse	hemels/adj/parool_20000415_77/790	hemels/adj
203	algemeen_dagblad_20000603_205	het lijden van haar zoon . Spaanse schilders gebruikten de bloem als zinnebeeld van de	koningin en van de onbevlekte ontvangenis . De witte madonnalelie , samen met de roos	hemelse	hemels/adj/algemeen_dagblad_20000603_205/215	hemels/adj
204	algemeen_dagblad_20000603_205	- maeghdelieve in Oud-Nederlands - is het een symbool van onschuld en zuiverheid , een	bloem die nooit verwelkt . Het rood in de bloemblaadjes is een zinnebeeld van de	hemelse	hemels/adj/algemeen_dagblad_20000603_205/823	hemels/adj
205	de_standaard_20001110_01_9	blijven komen . Veel verenigingen vergaderen hier , de lokale middenstand is het café heel	", en ook de oudere bewoners van het plein vallen wel eens binnen . 	"	genegen	genegen/adj/de_standaard_20001110_01_9/2468	genegen/adj
206	het_laatste_nieuws_20031115_01_208	aan op meer communicatie tussen de verschillende stadsdiensten . De Jeugdraad , die het initiatief	is , kan de partijen mogelijk rond de tafel krijgen voor een babbel . Ondertussen	genegen	genegen/adj/het_laatste_nieuws_20031115_01_208/266	genegen/adj
207	parool_20010310_100	uit heel ander hout gesneden . Ze bekennen zich niet tot het rooms-katholicisme als een	of wereldlijke heilsleer , maar als hoogst persoonlijk geloof waarin ze vooral de rituelen ,	hemelse	hemels/adj/parool_20010310_100/579	hemels/adj
208	de_morgen_19991210_01_49	de klok rond met De Tijdloze . Liefst twaalf uur lang lanceert de jongerenzender '	muziek ' , geheel gekozen door de luisteraars . Al meer dan zesduizend luisteraars hebben	hemelse	hemels/adj/de_morgen_19991210_01_49/150	hemels/adj
209	algemeen_dagblad_20021016_75	nieuwe held met nieuwe krachten , laat het er niet bij zitten . Verzekerd van	hulp en toegerust met een flitsende katana , hakt hij er op de Playstation 2	hemelse	hemels/adj/algemeen_dagblad_20021016_75/86	hemels/adj
210	de_standaard_20030612_01_28	aan de eigen bevolking zeer belangrijk is . De meeste inwoners zijn het concert zeer	", maar soms wordt het hen wel allemaal een beetje te veel . 	 De"	genegen	genegen/adj/de_standaard_20030612_01_28/230	genegen/adj
211	het_nieuwsblad_20010728_01_49	regio Oostende-Knokke-Brugge . Het stadsbestuur van Oostende dat een gelijke-kansenbeleid propageert , was dat voorstel	", maar de administratie van het Vlaams Gewest geeft geen toelating . 	 Jammer 	"	genegen	genegen/adj/het_nieuwsblad_20010728_01_49/121	genegen/adj
212	de_morgen_20040731_01_119	dat zij ( de andere stamgasten in The Coke ) nooit mochten weten dat dit	lawaai bestond . Dit was onze muziek . Wie die kende , hoorde erbij .	hemelse	hemels/adj/de_morgen_20040731_01_119/799	hemels/adj
213	volkskrant_19990717_129	andere specialismen is uitstekend . Wij doen dus niet aan inkomensharmonisatie omdat wij in een	model werken . Ooit wel ? Ik zeg nooit nooit , maar als de situatie	harmonisch	harmonisch/adj/volkskrant_19990717_129/1255	harmonisch/adj
214	de_morgen_19990619_01_67	, en de keuze tussen een overwinning op het slagveld en eeuwig leven in Gods	koninkrijk gegeven werd . Toen Lazar voor het hemelse koninkrijk koos , werd Serviës fysieke	hemelse	hemels/adj/de_morgen_19990619_01_67/156	hemels/adj
215	de_morgen_19990619_01_67	slagveld en eeuwig leven in Gods hemelse koninkrijk gegeven werd . Toen Lazar voor het	koninkrijk koos , werd Serviës fysieke verlies een geestelijke overwinning . Hedendaagse mythemakers in de	hemelse	hemels/adj/de_morgen_19990619_01_67/165	hemels/adj
216	de_morgen_20021123_01_63	. Wat ons meteen nog meer motiveert om de koningsgedachte van de eengemaakte Belgische radio	"te zijn 	 , vindt Mark Coenen . Tijdens zomerfestivals wordt zowel met Radio 21"	genegen	genegen/adj/de_morgen_20021123_01_63/314	genegen/adj
217	de_standaard_20010127_01_123	de frisheid van de muzikale inspiratie , de van begin tot einde volgehouden melodische ,	en dramatische spanning of de treffende psychologische uitwerking van de personages . Beslist niet de	harmonische	harmonisch/adj/de_standaard_20010127_01_123/848	harmonisch/adj
218	parool_20000819_94	is alleen maar ritmisch , leuk als je van dansen houdt , maar melodisch of	valt er niets te beleven . Oh ja hoor , sommige jongeren zullen me best	harmonisch	harmonisch/adj/parool_20000819_94/1677	harmonisch/adj
219	volkskrant_20031219_84	ligt in de muziektheorie.Het project van zwerver Vic heeft dezelfde naam als een muziektheorie over	structuren en identiteiten . En dat is niet toevallig . Ook Vic is een individu	harmonische	harmonisch/adj/volkskrant_20031219_84/60	harmonisch/adj
220	nrc_handelsblad_20011121_107	op zeer aansprekende wijze de transcendentale wending in de Missa solemnis . Met die verstilde	gloed , zou men het werk ook kunnen interpreteren als een Requiem - het eindigt	hemelse	hemels/adj/nrc_handelsblad_20011121_107/450	hemels/adj
221	de_standaard_20040109_01_61	een verschil met onze stugge landgenoten . Het gaat daarbij niet zozeer om de meestal	bouw van deze mensen hier , resultaat van eeuwenlange rassenvermenging van Afrikanen , Indianen ,	harmonische	harmonisch/adj/de_standaard_20040109_01_61/403	harmonisch/adj
222	de_standaard_20020406_01_42	zelfs op het ridicule af : soaps en reclamespots tonen mensen van alle etnische achtergronden	met elkaar samenlevend , maar als je in de echte wereld om je heen kijkt	harmonisch	harmonisch/adj/de_standaard_20020406_01_42/216	harmonisch/adj
223	de_standaard_20020608_01_45	toevallig niet in . Wel dauw . Daar lezen we dan , onder andere :	, vers , zoet , zuiver , druppend , lieflijk en zo meer . 't	hemels	hemels/adj/de_standaard_20020608_01_45/198	hemels/adj
224	de_morgen_19990920_01_107	moest . Geen enkel instrument klonk zoals hun bedenkers het hadden bedoeld en ook de	zang van Sofie Buyck en Roos Van Acker , dé troefkaart van het gezelschap ,	harmonische	harmonisch/adj/de_morgen_19990920_01_107/292	harmonisch/adj
225	de_morgen_19990920_01_107	concert op den duur gereduceerd werd tot een onsmakelijk promotiebezoek . Nochtans waren met de	harmonieën , verstrengelende gitaren en een stuwende baritonsax alle ingrediënten aanwezig om er een lange	hemelse	hemels/adj/de_morgen_19990920_01_107/785	hemels/adj
226	de_morgen_20031129_01_60	Paraty langzaam gewekt door nieuwe schattenjagers , op zoek naar rust en ontspanning in een	decor . Door Evy Ballegeer ' Paraty ' , zo staat op het scheefgezakte bord	hemels	hemels/adj/de_morgen_20031129_01_60/65	hemels/adj
227	de_morgen_20031129_01_60	onvrijwillig nudist . Maar dat is dan ook het enige waar je je op deze	plek zorgen over kunt maken.n INFO www.braziltourism.org , www.paraty.com.br Het 17de-eeuwse dorpje zit geklemd tussen	hemelse	hemels/adj/de_morgen_20031129_01_60/1654	hemels/adj
228	de_morgen_20000506_01_129	worden niet op die wijze vervolgd . Als ik met mensen praat die Knoll niet	zijn , wordt zij met van haat trillende stem ' de heks ' genoemd .	genegen	genegen/adj/de_morgen_20000506_01_129/1537	genegen/adj
229	het_laatste_nieuws_19990108_01_104	. Dit welzijn kon en moest door de overheid bevorderd worden via het scheppen van	levensomstandigheden voor de burgers . andquot; Zo ook herinner ik me Pol Gelaude andquot; ,	harmonische	harmonisch/adj/het_laatste_nieuws_19990108_01_104/230	harmonisch/adj
230	parool_19990623_121	de sfeer in zowel oud- als nieuwbouw is ruim , zakelijk , sereen en prettig	. Het Van Gogh Museum met zijn talloze nieuwe tentoonstellingszalen is klaar voor de toekomst	harmonisch	harmonisch/adj/parool_19990623_121/2292	harmonisch/adj
231	het_laatste_nieuws_20021119_01_108	ZWEVEGEM/KORTRIJK - De mini-onderneming Klei@rt van het Sint-Amandsinstituut uit Kortrijk is het crea-atelier Sueva heel	. Gedelegeerd bestuurder Kim Goeman overhandigde Willy Cosaert van Sueva een cheque van 200 euro	genegen	genegen/adj/het_laatste_nieuws_20021119_01_108/21	genegen/adj
232	de_morgen_20040920_01_131	dikwijls niet meer aankunnen . Belangrijker is echter dat dat objectieve verschil in vocale ,	structuur een sterke psychologische inslag heeft op de luisteraar . De geloofsbetuigingen , jubelpoëzie en	harmonische	harmonisch/adj/de_morgen_20040920_01_131/413	harmonisch/adj
233	de_standaard_20021130_01_97	verf via een heel gedifferentieerde typering . Alleen in de Vierde Sonate vloeien de delen	in elkaar . De klavecimbelmuziek van Thomas Arne behoort niet tot het meest inventieve repertoire	harmonisch	harmonisch/adj/de_standaard_20021130_01_97/114	harmonisch/adj
234	volkskrant_19990501_133	een feeërieke stralenkrans van lichtende sprieten en breed uitwaaierende zilverwitte vlammen en tongen . Een	, verstilde pracht die zich heel even openbaart aan de sprakeloze toeschouwers op aarde .	geluidloze	geluidloos/adj/volkskrant_19990501_133/754	geluidloos/adj
235	parool_20031118_110	eerst drie instrumentale delen ( waarvan met name het inleidende Allegro opvalt vanwege zeer krasse	dissonanten ) , gevolgd door tweemaal een recitatief plus aria , van goede kwaliteit bovendien	harmonische	harmonisch/adj/parool_20031118_110/118	harmonisch/adj
236	het_nieuwsblad_20030908_01_402	en voeten . Alle atleten kregen dan ook van de honderden toeschouwers een warm en	applaus voor hun prestaties en doorzettingsvermogen .	genegen	genegen/adj/het_nieuwsblad_20030908_01_402/339	genegen/adj
237	het_nieuwsblad_20000608_01_618	barsten in een rijkdom van klanken . Geen platgetreden paden voor deze jongens . De	stem van Ludo Van Deau vervolledigt het geheel . Vera Coomans , de voormalige zangeres	hemelse	hemels/adj/het_nieuwsblad_20000608_01_618/182	hemels/adj
238	de_standaard_19990930_01_76	bracht de Nederlandse kampioen in de tweede helft verdiend voor . Silva zorgde met een	afstandschot in de slotfase voor de gelijkmaker . Weer geen overwinning voor Holland dus .	hemels	hemels/adj/de_standaard_19990930_01_76/360	hemels/adj
239	de_standaard_20031030_01_97	geregeld in het oorlogsverloop in : uiteraard duivelse geesten ten gunste van de Saracenen en	gezanten ten gunste van Godfried . Op dit punt is een vergelijking tussen Ariosto's Razende	hemelse	hemels/adj/de_standaard_20031030_01_97/1134	hemels/adj
240	de_morgen_20041129_01_24	"Dag bleek dat ook CD&V-voorzitter Jo Vandeurzen en VLD-voorzitter Bart Somers 	 het principe 	"	"zijn . Vandeurzen zei het zo : 	 Als de marktwerking de prijs kan drukken"	genegen	genegen/adj/de_morgen_20041129_01_24/253	genegen/adj
241	parool_20001211_25	mooi was , wisten we al sinds 1997 . Ook nu troffen de traag verglijdende	velden doel met halo's van wrijvende kwarttonen en snijdende flageoletten . Als de ultieme eenzaamheid	harmonische	harmonisch/adj/parool_20001211_25/85	harmonisch/adj
242	parool_20001211_25	van Klaas de Vries . Verrassend was dat niet . De Vries kan prachtig verglijdende	velden neerzetten , dat weten we van eerdere werken . De verrassing school daarom in	harmonische	harmonisch/adj/parool_20001211_25/131	harmonisch/adj
243	parool_20001211_25	is het , dat nog verder uit koers dreigt te raken door de volkomen vervreemdende	rol die kwarttoonsinflecties hier spelen . Preludium lijkt in een notendop een nieuw terrein te	harmonische	harmonisch/adj/parool_20001211_25/177	harmonisch/adj
244	het_nieuwsblad_19990311_01_371	de garagehouder , lokale politie en rijkswacht . Burgemeester Pieter De Crem is Herbrants voorstel	". 	 Er worden in onze ipz weinig moto's gestolen . Toch is het een"	genegen	genegen/adj/het_nieuwsblad_19990311_01_371/206	genegen/adj
245	het_laatste_nieuws_20011123_01_338	, sexy en pikant . Ze heeft een ongelofelijke uitstraling , een mooi figuur en	benen . Miss Bambi is vriendelijk , maar - heren - ze is niet op	hemelse	hemels/adj/het_laatste_nieuws_20011123_01_338/205	hemels/adj
246	de_standaard_20020725_01_110	socioloog Rudi Laermans , die onlangs het Culturele regiem doorlichtte , is de hervorming zeer	". 	 De culturele ontzuiling is een feit , maar het cultuurbeleid droeg tot voor"	genegen	genegen/adj/de_standaard_20020725_01_110/531	genegen/adj
247	de_morgen_20020330_01_44	en zich naar de hemel te begeven . Peter weigert vlakaf en veroorzaakt zo een	rel die aanleiding geeft tot een goddelijk tribunaal om uit de impasse te komen .	hemelse	hemels/adj/de_morgen_20020330_01_44/121	hemels/adj
248	volkskrant_20000824_41	vriend Gianni Berengo Gardin de ' alledaagse werkelijkheid van ontwerpen en bouwen als vreugdevol en	mensenwerk ' heeft vastgelegd . In Arcams galerie aan het Waterlooplein opent 7 september een	harmonisch	harmonisch/adj/volkskrant_20000824_41/1310	harmonisch/adj
249	het_laatste_nieuws_20020312_01_9	en ben weggegaan andquot; . Bleven natuurlijk nog wel wat vragen . Is dat allemaal	gegaan ? andquot; Moe riep een beetje . Zo van andapos; Ho , ho ,	geluidloos	geluidloos/adj/het_laatste_nieuws_20020312_01_9/387	geluidloos/adj
250	de_morgen_20010523_01_17	"grote ruimte hing de stilte van 	 gezamenlijk geestelijk werk 	 , van een 	"	"concert 	 . Plotseling viel een geluid in de oren dat aanzwol en even weer"	geluidloos	geluidloos/adj/de_morgen_20010523_01_17/347	geluidloos/adj
251	volkskrant_20000520_210	aarde bedreigen . Helaas is er tot nu weinig bewijs gevonden voor de inslag van	objecten . Toch houden wetenschappers rekening met de inslag van ' The Big One '	hemelse	hemels/adj/volkskrant_20000520_210/262	hemels/adj
252	volkskrant_20011231_104	zijn land . Een dag nadat de eerste bommen waren gevallen voorzag hij ' een	genocide ' van miljoenen onschuldige burgers die toen al aan de rand van de hongerdood	geluidloze	geluidloos/adj/volkskrant_20011231_104/294	geluidloos/adj
253	volkskrant_19990118_110	landen die zonder kwade intenties ' dergelijke voorstellen hebben gedaan . Met welke landen Bagdad	is te praten , werd niet gezegd . Reuters , AFP , AP Bagdad heeft	genegen	genegen/adj/volkskrant_19990118_110/49	genegen/adj
254	het_nieuwsblad_20020405_01_472	zien met daarin de wervelende vogels en - heel hoog - de krijtstrepen die speelgoedvliegtuigjes	trekken op zoek naar verre horizonten . Als een kind zou ik je weer bij	geluidloos	geluidloos/adj/het_nieuwsblad_20020405_01_472/68	geluidloos/adj
255	het_laatste_nieuws_20000923_01_463	van de Vlaamse Opera ontpopte , zingt voor het eerst Mimi . Voor wie deze	productie nog niet meemaakte : waarschijnlijk is dit de laatste kans . Vlaamse Opera -	hemelse	hemels/adj/het_laatste_nieuws_20000923_01_463/880	hemels/adj
256	parool_20020601_54	een arm buigen hoor je keihard scharnieren piepen . De duetten daartussen zijn van een	schoonheid . Met lange , elegante lijnen verglijden de lichamen langs en door elkaar ,	hemelse	hemels/adj/parool_20020601_54/290	hemels/adj
257	volkskrant_20011206_176	voorziet . Niemand die zo hulpeloos en argeloos kijken kan , of verongelijkt , of	. Kijk , daar gaat ze , direct na afloop van de film , de	hemels	hemels/adj/volkskrant_20011206_176/473	hemels/adj
258	de_standaard_20040505_01_103	al zijn er zelfs kleinere Angelsaksische aandeelhouders van Telenet die de intrede van Malone niet	zouden zijn . De vraag die bij sommige Belgische aandeelhouders van Telenet ( de Gimv	genegen	genegen/adj/de_standaard_20040505_01_103/314	genegen/adj
259	nrc_handelsblad_20021011_2470	leidt een Schenker-analyse het grote geheel van een compositie schematisch terug tot een klein aantal	wendingen , en verduidelijkt de analyse zo het overkoepelend verband tussen melodienoten en akkoorden	harmonische	harmonisch/adj/nrc_handelsblad_20021011_2470/18	harmonisch/adj
260	het_laatste_nieuws_20020816_01_452	. Dromen , ideeën en daden : geen sportleider heeft die drie bouwstenen van beleid	met elkaar verbonden . Daarnaast kon Mollet geld ( laten ) mobiliseren om , na	harmonischer	harmonisch/adj/het_laatste_nieuws_20020816_01_452/344	harmonisch/adj
261	het_nieuwsblad_20020104_01_530	, zorgt het Koninklijk A Capellakoor uit Ertvelde onder leiding van Marcel Van Cauwenberghe voor	klanken . De bekende Pliets-Pletspresentator Johan Dhaene praat het geheel aan elkaar . Wie het	hemelse	hemels/adj/het_nieuwsblad_20020104_01_530/534	hemels/adj
262	volkskrant_20000114_85	zich ook daar in een fictieve wereld . Die van Boy , de roman even	als een stomme film van J. Bernlef , de schrijver die met ijzeren regelmaat personages	geluidloos	geluidloos/adj/volkskrant_20000114_85/1375	geluidloos/adj
263	de_morgen_20021204_01_19	gijzelaars die doodgeschoten konden worden als vergelding voor aanslagen op lieden die het Duitse regime	waren . Hard tegen hard , en waar gehakt wordt , vallen spaanders . De	genegen	genegen/adj/de_morgen_20021204_01_19/152	genegen/adj
264	de_morgen_20020213_01_125	in een normale zangersloopbaan zullen tegenkomen . Zo zullen jonge operazangers moeilijk leren hun stem	met een orkestsonoriteit te verweven , ook al omdat ze tegen een te groot orkestvolume	harmonisch	harmonisch/adj/de_morgen_20020213_01_125/132	harmonisch/adj
265	nrc_handelsblad_19991217_51	, het tijdelijke los van het eeuwige , het aardse werd voorgoed gescheiden van het	. Dat is het probleem met onze de doden : ze zijn zo verschrikkelijk dood	hemelse	hemels/adj/nrc_handelsblad_19991217_51/850	hemels/adj
266	de_morgen_20010811_01_74	mezzanine van het chique Hôtel Meurice aan de Parijse rue Rivoli lopen de schoonheidsspecialisten vrijwel	door de gangen ; als er gesproken wordt , is het bijna op fluistertoon .	geluidloos	geluidloos/adj/de_morgen_20010811_01_74/24	geluidloos/adj
267	parool_20020601_139	- een zeer elitaire houding , waarmee hij Puccini tekort deed . In ritmisch ,	en stilistisch opzicht ging die namelijk soms vrij ver , en in Turandot zijn daarvan	harmonisch	harmonisch/adj/parool_20020601_139/2047	harmonisch/adj
268	het_nieuwsblad_19990412_01_213	"heeft Zeeuws-Vlaanderen ook wat te bieden . 	 Ook Frans Lievens lijkt deze grensoverschrijdende gedachte"		genegen	genegen/adj/het_nieuwsblad_19990412_01_213/423	genegen/adj
269	de_morgen_20040224_01_50	dan niet bij de opvolgers ? Het was een idee dat ook andere VLD'ers wel	"waren . 	 Zo zouden we de CD&V meteen een hak zetten 	 , aldus"	genegen	genegen/adj/de_morgen_20040224_01_50/550	genegen/adj
270	volkskrant_19990619_61	dan in sterkere mate , treft het zeven-punten-plan van de LVT . Monopolies zijn weinig	om vanuit zichzelf efficiënter en effectiever te worden . Een alternatief is het inspelen op	genegen	genegen/adj/volkskrant_19990619_61/1848	genegen/adj
271	het_nieuwsblad_20030705_01_182	sirenes die in de omgeving van nucleaire centra en Sevesobedrijven zijn opgesteld . Dat gebeurt	. Sedert oktober 2002 worden viermaal per jaar luide tests gehouden . De eerstvolgende keer	geluidloos	geluidloos/adj/het_nieuwsblad_20030705_01_182/69	geluidloos/adj
272	volkskrant_20010802_25	vervangster van Ofelia Sala , van Channels opname van Schrekers liederen , waarin de prachtigste	vondsten afgewisseld worden met onverteerbare clichés . Indrukwekkend pianospel van Mees . Krzysztof Penderecki ,	harmonische	harmonisch/adj/volkskrant_20010802_25/55	harmonisch/adj
273	de_standaard_20020608_01_85	. De Europese Commissie heeft informeel al laten weten dat ze de plannen van Durant	is . De formele goedkeuring kan er pas komen als de teksten in koninklijke besluiten	genegen	genegen/adj/de_standaard_20020608_01_85/421	genegen/adj
274	nrc_handelsblad_20031227_266	Een falsettostem met zijn relatief lang openstaande stemplooien klinkt rein door het ontbreken van hogere	. Schutte : ` ` Klassieke zangeressen , vooral de sopranen en mezzosopranen , zingen	harmonischen	harmonisch/adj/nrc_handelsblad_20031227_266/16	harmonisch/adj
275	de_standaard_20010802_01_102	Luther King . De samenzang van The Beach Boys bleef een impliciete verwijzing naar een	verleden . In de documentaire Paradiso life komen ook andere bands aan bod zoals de	harmonischer	harmonisch/adj/de_standaard_20010802_01_102/203	harmonisch/adj
276	het_nieuwsblad_20011129_01_636	Nieuw is bovendien het initiatief om mensen te mobiliseren die de Ronde van Vlaanderen bijzonder	zijn . Daartoe werd binnen het hele concept een nieuwe vereniging , De Flandriens '	genegen	genegen/adj/het_nieuwsblad_20011129_01_636/378	genegen/adj
277	de_morgen_20020405_01_44	pluralistische scholen uit te bouwen . Centraal in dat openschoolproject staat het streven naar de	ontwikkeling van de totale persoonlijkheid van de leerling in de groei naar volwassenheid en burgerzin	harmonische	harmonisch/adj/de_morgen_20020405_01_44/529	harmonisch/adj
278	de_standaard_19990805_01_82	compositie is de muur belangrijk . Berio vertrekt , naar eigen zeggen , van een	vlakte waaruit zich alles ontwikkelt . De componist zet de modernste verworvenheden in , maar	harmonische	harmonisch/adj/de_standaard_19990805_01_82/248	harmonisch/adj
279	volkskrant_20000316_110	dat alle tegenstellingen in zich verenigt en opheft , en het leven als totale en	werkelijkheid begrijpt . De glasschilderingen van Van Doesburg laten zien hoe wonderschoon en evenwichtig die	harmonische	harmonisch/adj/volkskrant_20000316_110/1537	harmonisch/adj
280	het_nieuwsblad_20010705_01_482	Peter Hoogland om 16.30 uur languit gaat voor de lange babbel . Het weekend wordt	afgesloten met de harde rock , loeiende gitaren en dreunende beats van Noiz .	harmonisch	harmonisch/adj/het_nieuwsblad_20010705_01_482/407	harmonisch/adj
281	het_laatste_nieuws_20041224_01_804	van de energiesector tien jaar terug . De Russische ondernemers zijn deze hele vaudeville niet	. andquot; De hele wereld lacht met ons andquot; , jammeren zij . Poetin versterkt	genegen	genegen/adj/het_laatste_nieuws_20041224_01_804/262	genegen/adj
282	algemeen_dagblad_20011006_128	op een vijand schieten en doorrennen . Op pagina R7 Geluidloos doden met blote handen	doden met blote handen Vervolg van pagina R1 Zowel fysiek als psychisch moet een CT-lid	Geluidloos	geluidloos/adj/algemeen_dagblad_20011006_128/860	geluidloos/adj
283	algemeen_dagblad_20011006_128	te overwinnen , dan die voor diens vuurwapen . Ze leren met hun blote handen	te doden en iemand met één haal of steek van een mes uit te schakelen	geluidloos	geluidloos/adj/algemeen_dagblad_20011006_128/1102	geluidloos/adj
284	nrc_handelsblad_20040419_10	nu toe is mislukt - iets waartoe de president zich op zijn persconferentie niet bepaald	toonde . Maar hij moet beseffen dat de Iraakse politiek - en niet de Amerikaanse	genegen	genegen/adj/nrc_handelsblad_20040419_10/119	genegen/adj
285	de_morgen_20000223_01_29	voorstanders van euthanasie en zij die de actieve levensbeëindiging op verzoek van de patiënt niet	zijn , maar er leren mee leven . Deze laatsten zweren bij hoog en bij	genegen	genegen/adj/de_morgen_20000223_01_29/88	genegen/adj
286	algemeen_dagblad_20030530_17	"mooi . Daar moet ik nog steeds aan denken . 	 Zijn blik vervaagt ."	"herkauwt hij de woorden van de abt . 	 Hier word je ook opgebaard ."	Geluidloos	geluidloos/adj/algemeen_dagblad_20030530_17/222	geluidloos/adj
287	de_standaard_20041106_01_107	"gebouwen speelt hierin een rol . 	 Het is duidelijk dat Gielen niet het idee"	is van een Mexicaans leger , met meer leidinggevenden dan soldaten op het terrein .	genegen	genegen/adj/de_standaard_20041106_01_107/418	genegen/adj
288	het_laatste_nieuws_20030129_01_630	voor een locatie naast het asielcentrum op Linkeroever . Een keuze die het Antwerps stadsbestuur	was . De extra gevangenis moest de overbevolking van de Begijnenstraat opvangen . Tot bleek	genegen	genegen/adj/het_laatste_nieuws_20030129_01_630/80	genegen/adj
289	parool_20040410_103	citeert uit de koran . Een vrouw houdt een groene paraplu omhoog . Ze huilt	. Weer verplaatst de grijze kolonne zich , nu naar de voorkant van het hospitium	geluidloos	geluidloos/adj/parool_20040410_103/23	geluidloos/adj
290	het_nieuwsblad_20001021_01_75	partijvoorzitter van de Vlaamse christen-democraten maakt er geen geheim van dat hij een politieke hergroepering	is en dat hij daarbij in de eerste plaats naar VU&ID kijkt	genegen	genegen/adj/het_nieuwsblad_20001021_01_75/428	genegen/adj
291	de_standaard_20010409_01_32	de Kaaitheaterstudio . De artistieke directie van toen was die voorstelling of de theatergroep niet	. Het is een wonder dat het stuk een paar dagen heeft gelopen . Thomas	genegen	genegen/adj/de_standaard_20010409_01_32/382	genegen/adj
292	volkskrant_20000422_169	trekken slagen de laatsten erin kruis en gekruisigde omhoog te krijgen . Even verschijnt een	schreeuw op Chito's gezicht als het kruis wordt opgetakeld . Daarna gaat ook Bob de	geluidloze	geluidloos/adj/volkskrant_20000422_169/2048	geluidloos/adj
293	de_standaard_20020720_01_52	kunt de Biesbosch ook op andere manieren doorkruisen , bijvoorbeeld met de Fluisterboot ( een	boot zonder krentenbrood en conversatie ) van de familie Peeters , die bevertochten en vroege	geluidloze	geluidloos/adj/de_standaard_20020720_01_52/827	geluidloos/adj
294	nrc_handelsblad_20011116_147	ging staan , wankelde en viel . Minutenlang bleef hij op de grond liggen ,	huilend , zijn vuisten gebald . ' De beurtelings hysterische en bloedeloze stijl ( met	geluidloos	geluidloos/adj/nrc_handelsblad_20011116_147/534	geluidloos/adj
295	het_nieuwsblad_20000404_01_524	. Hetzelfde voor sluikstorten . Aan de andere kant is niet iedereen ons milieuwerk heel	. Nabij de Heulebeek plantten wij begin vorig jaar een rij Canadese populieren aan .	genegen	genegen/adj/het_nieuwsblad_20000404_01_524/305	genegen/adj
296	het_laatste_nieuws_20000412_01_775	nog uit voor dat scenario . Ook curator Eddy Van Camp liet uitschijnen die piste	te zijn . Van de werknemers blijven er zeker 65 ( van de 85 )	genegen	genegen/adj/het_laatste_nieuws_20000412_01_775/60	genegen/adj
297	parool_20011204_29	, wel degelijk binnen de daarvoor gestelde criteria vielen . Artsen zijn echter niet altijd	ernstig zieke of gehandicapte mensen bij te staan als zij dood willen . Soms aarzelt	genegen	genegen/adj/parool_20011204_29/101	genegen/adj
298	volkskrant_20000510_100	een apparaat aan en gelukkig ook weer af . Zelf is Harry ook verre van	. Hij wenst de hele buurt goedemorgen - de hele dag . ' Goedemorgen dame	geluidloos	geluidloos/adj/volkskrant_20000510_100/157	geluidloos/adj
299	de_standaard_20000515_01_49	bestaande . Daardoor zouden ze onzichtbaar zijn vanop het strand . Verder zouden ze vrijwel	zijn en hoger dan de bestaande op de havendam in Zeebrugge . Het project past	geluidloos	geluidloos/adj/de_standaard_20000515_01_49/183	geluidloos/adj
