_model	model.x	model.y	LEMMAPATH	LEMMAREL	bound	foc_base	foc_context_words	foc_pmi	foc_pos	foc_win	soc_length	soc_pos	tokens	pam_cluster	medoid
harden.LEMMAPATH2.PPMIno.LENGTH5000.SOCPOSall	-0.9877395903012506	-1.1543997943321136	LEMMAPATH2	NA	NA	LEMMAPATH	349	no	NA	NA	5000	all	275	1	harden.LEMMAPATH3.PPMIno.LENGTH5000.SOCPOSnav
harden.LEMMAPATH2.PPMIno.LENGTH5000.SOCPOSnav	-1.0000102044756958	-1.1985189464357546	LEMMAPATH2	NA	NA	LEMMAPATH	349	no	NA	NA	5000	nav	275	1	harden.LEMMAPATH3.PPMIno.LENGTH5000.SOCPOSnav
harden.LEMMAPATH2.PPMIno.LENGTHFOC.SOCPOSall	-0.9138576062771784	-1.076284254817686	LEMMAPATH2	NA	NA	LEMMAPATH	349	no	NA	NA	FOC	all	275	2	harden.LEMMAREL1.PPMIselection.LENGTH5000.SOCPOSall
harden.LEMMAPATH2.PPMIno.LENGTHFOC.SOCPOSnav	-0.963158462214041	-1.3303512753897822	LEMMAPATH2	NA	NA	LEMMAPATH	349	no	NA	NA	FOC	nav	275	1	harden.LEMMAPATH3.PPMIno.LENGTH5000.SOCPOSnav
harden.LEMMAPATH2.PPMIselection.LENGTH5000.SOCPOSall	-0.8383301490763444	-0.6850417562463894	LEMMAPATH2	NA	NA	LEMMAPATH	204	selection	NA	NA	5000	all	273	2	harden.LEMMAREL1.PPMIselection.LENGTH5000.SOCPOSall
harden.LEMMAPATH2.PPMIselection.LENGTH5000.SOCPOSnav	-0.897293465980951	-0.7611682354817388	LEMMAPATH2	NA	NA	LEMMAPATH	204	selection	NA	NA	5000	nav	273	2	harden.LEMMAREL1.PPMIselection.LENGTH5000.SOCPOSall
harden.LEMMAPATH2.PPMIselection.LENGTHFOC.SOCPOSall	-0.8438178806144527	-0.7100079499305827	LEMMAPATH2	NA	NA	LEMMAPATH	204	selection	NA	NA	FOC	all	273	2	harden.LEMMAREL1.PPMIselection.LENGTH5000.SOCPOSall
harden.LEMMAPATH2.PPMIselection.LENGTHFOC.SOCPOSnav	-0.9737798890119048	-0.9325012047275872	LEMMAPATH2	NA	NA	LEMMAPATH	204	selection	NA	NA	FOC	nav	273	2	harden.LEMMAREL1.PPMIselection.LENGTH5000.SOCPOSall
harden.LEMMAPATH2.PPMIweight.LENGTH5000.SOCPOSall	-0.9850704477826384	-0.7060645381587564	LEMMAPATH2	NA	NA	LEMMAPATH	204	weight	NA	NA	5000	all	273	3	harden.LEMMAPATH3.PPMIweight.LENGTH5000.SOCPOSall
harden.LEMMAPATH2.PPMIweight.LENGTH5000.SOCPOSnav	-0.9764005408611596	-0.6767152193642714	LEMMAPATH2	NA	NA	LEMMAPATH	204	weight	NA	NA	5000	nav	273	3	harden.LEMMAPATH3.PPMIweight.LENGTH5000.SOCPOSall
harden.LEMMAPATH2.PPMIweight.LENGTHFOC.SOCPOSall	-0.9859718762293804	-0.738313996080453	LEMMAPATH2	NA	NA	LEMMAPATH	204	weight	NA	NA	FOC	all	273	2	harden.LEMMAREL1.PPMIselection.LENGTH5000.SOCPOSall
harden.LEMMAPATH2.PPMIweight.LENGTHFOC.SOCPOSnav	-1.0403937837180584	-0.8355996810473074	LEMMAPATH2	NA	NA	LEMMAPATH	204	weight	NA	NA	FOC	nav	273	2	harden.LEMMAREL1.PPMIselection.LENGTH5000.SOCPOSall
harden.LEMMAPATH3.PPMIno.LENGTH5000.SOCPOSall	0.07509561594877238	-1.2054709808548787	LEMMAPATH3	NA	NA	LEMMAPATH	520	no	NA	NA	5000	all	269	1	harden.LEMMAPATH3.PPMIno.LENGTH5000.SOCPOSnav
harden.LEMMAPATH3.PPMIno.LENGTH5000.SOCPOSnav	0.20660792930149272	-1.1345025298955411	LEMMAPATH3	NA	NA	LEMMAPATH	520	no	NA	NA	5000	nav	269	1	harden.LEMMAPATH3.PPMIno.LENGTH5000.SOCPOSnav
harden.LEMMAPATH3.PPMIno.LENGTHFOC.SOCPOSall	0.4055754207883626	-0.9374115237801572	LEMMAPATH3	NA	NA	LEMMAPATH	520	no	NA	NA	FOC	all	269	1	harden.LEMMAPATH3.PPMIno.LENGTH5000.SOCPOSnav
harden.LEMMAPATH3.PPMIno.LENGTHFOC.SOCPOSnav	0.6222816659470533	-1.0467344601862003	LEMMAPATH3	NA	NA	LEMMAPATH	520	no	NA	NA	FOC	nav	269	1	harden.LEMMAPATH3.PPMIno.LENGTH5000.SOCPOSnav
harden.LEMMAPATH3.PPMIselection.LENGTH5000.SOCPOSall	-0.02410961814460508	-0.4541439508723984	LEMMAPATH3	NA	NA	LEMMAPATH	277	selection	NA	NA	5000	all	269	3	harden.LEMMAPATH3.PPMIweight.LENGTH5000.SOCPOSall
harden.LEMMAPATH3.PPMIselection.LENGTH5000.SOCPOSnav	0.04548704908146572	-0.4478710532492336	LEMMAPATH3	NA	NA	LEMMAPATH	277	selection	NA	NA	5000	nav	269	3	harden.LEMMAPATH3.PPMIweight.LENGTH5000.SOCPOSall
harden.LEMMAPATH3.PPMIselection.LENGTHFOC.SOCPOSall	0.2382118331346446	-0.4631280159628945	LEMMAPATH3	NA	NA	LEMMAPATH	277	selection	NA	NA	FOC	all	269	3	harden.LEMMAPATH3.PPMIweight.LENGTH5000.SOCPOSall
harden.LEMMAPATH3.PPMIselection.LENGTHFOC.SOCPOSnav	0.47605429923277054	-0.5976198318225655	LEMMAPATH3	NA	NA	LEMMAPATH	277	selection	NA	NA	FOC	nav	269	3	harden.LEMMAPATH3.PPMIweight.LENGTH5000.SOCPOSall
harden.LEMMAPATH3.PPMIweight.LENGTH5000.SOCPOSall	0.19408131018933392	-0.36574852525318213	LEMMAPATH3	NA	NA	LEMMAPATH	277	weight	NA	NA	5000	all	269	3	harden.LEMMAPATH3.PPMIweight.LENGTH5000.SOCPOSall
harden.LEMMAPATH3.PPMIweight.LENGTH5000.SOCPOSnav	0.2506820428500723	-0.3890580592381951	LEMMAPATH3	NA	NA	LEMMAPATH	277	weight	NA	NA	5000	nav	269	3	harden.LEMMAPATH3.PPMIweight.LENGTH5000.SOCPOSall
harden.LEMMAPATH3.PPMIweight.LENGTHFOC.SOCPOSall	0.40659531279143873	-0.43750578692631686	LEMMAPATH3	NA	NA	LEMMAPATH	277	weight	NA	NA	FOC	all	269	3	harden.LEMMAPATH3.PPMIweight.LENGTH5000.SOCPOSall
harden.LEMMAPATH3.PPMIweight.LENGTHFOC.SOCPOSnav	0.6230300161977732	-0.5734249224483	LEMMAPATH3	NA	NA	LEMMAPATH	277	weight	NA	NA	FOC	nav	269	3	harden.LEMMAPATH3.PPMIweight.LENGTH5000.SOCPOSall
harden.LEMMAPATHweight.PPMIno.LENGTH5000.SOCPOSall	0.07509561594877238	-1.2054709808548787	LEMMAPATHweight	NA	NA	LEMMAPATH	520	no	NA	NA	5000	all	269	1	harden.LEMMAPATH3.PPMIno.LENGTH5000.SOCPOSnav
harden.LEMMAPATHweight.PPMIno.LENGTH5000.SOCPOSnav	0.20660792930149272	-1.1345025298955411	LEMMAPATHweight	NA	NA	LEMMAPATH	520	no	NA	NA	5000	nav	269	1	harden.LEMMAPATH3.PPMIno.LENGTH5000.SOCPOSnav
harden.LEMMAPATHweight.PPMIno.LENGTHFOC.SOCPOSall	0.4055754207883626	-0.9374115237801572	LEMMAPATHweight	NA	NA	LEMMAPATH	520	no	NA	NA	FOC	all	269	1	harden.LEMMAPATH3.PPMIno.LENGTH5000.SOCPOSnav
harden.LEMMAPATHweight.PPMIno.LENGTHFOC.SOCPOSnav	0.6222816659470533	-1.0467344601862003	LEMMAPATHweight	NA	NA	LEMMAPATH	520	no	NA	NA	FOC	nav	269	1	harden.LEMMAPATH3.PPMIno.LENGTH5000.SOCPOSnav
harden.LEMMAPATHweight.PPMIselection.LENGTH5000.SOCPOSall	-0.02410961814460508	-0.4541439508723984	LEMMAPATHweight	NA	NA	LEMMAPATH	277	selection	NA	NA	5000	all	269	3	harden.LEMMAPATH3.PPMIweight.LENGTH5000.SOCPOSall
harden.LEMMAPATHweight.PPMIselection.LENGTH5000.SOCPOSnav	0.04548704908146572	-0.4478710532492336	LEMMAPATHweight	NA	NA	LEMMAPATH	277	selection	NA	NA	5000	nav	269	3	harden.LEMMAPATH3.PPMIweight.LENGTH5000.SOCPOSall
harden.LEMMAPATHweight.PPMIselection.LENGTHFOC.SOCPOSall	0.2382118331346446	-0.4631280159628945	LEMMAPATHweight	NA	NA	LEMMAPATH	277	selection	NA	NA	FOC	all	269	3	harden.LEMMAPATH3.PPMIweight.LENGTH5000.SOCPOSall
harden.LEMMAPATHweight.PPMIselection.LENGTHFOC.SOCPOSnav	0.47605429923277054	-0.5976198318225655	LEMMAPATHweight	NA	NA	LEMMAPATH	277	selection	NA	NA	FOC	nav	269	3	harden.LEMMAPATH3.PPMIweight.LENGTH5000.SOCPOSall
harden.LEMMAPATHweight.PPMIweight.LENGTH5000.SOCPOSall	0.19408131018933392	-0.36574852525318213	LEMMAPATHweight	NA	NA	LEMMAPATH	277	weight	NA	NA	5000	all	269	3	harden.LEMMAPATH3.PPMIweight.LENGTH5000.SOCPOSall
harden.LEMMAPATHweight.PPMIweight.LENGTH5000.SOCPOSnav	0.2506820428500723	-0.3890580592381951	LEMMAPATHweight	NA	NA	LEMMAPATH	277	weight	NA	NA	5000	nav	269	3	harden.LEMMAPATH3.PPMIweight.LENGTH5000.SOCPOSall
harden.LEMMAPATHweight.PPMIweight.LENGTHFOC.SOCPOSall	0.40659531279143873	-0.4375057869263168	LEMMAPATHweight	NA	NA	LEMMAPATH	277	weight	NA	NA	FOC	all	269	3	harden.LEMMAPATH3.PPMIweight.LENGTH5000.SOCPOSall
harden.LEMMAPATHweight.PPMIweight.LENGTHFOC.SOCPOSnav	0.6230300161977732	-0.5734249224483	LEMMAPATHweight	NA	NA	LEMMAPATH	277	weight	NA	NA	FOC	nav	269	3	harden.LEMMAPATH3.PPMIweight.LENGTH5000.SOCPOSall
harden.LEMMAREL1.PPMIno.LENGTH5000.SOCPOSall	-0.728698371654454	-1.2808292259124383	NA	LEMMAREL1	NA	LEMMAREL	162	no	NA	NA	5000	all	251	2	harden.LEMMAREL1.PPMIselection.LENGTH5000.SOCPOSall
harden.LEMMAREL1.PPMIno.LENGTH5000.SOCPOSnav	-0.6306790835085204	-1.1307204265702075	NA	LEMMAREL1	NA	LEMMAREL	162	no	NA	NA	5000	nav	251	2	harden.LEMMAREL1.PPMIselection.LENGTH5000.SOCPOSall
harden.LEMMAREL1.PPMIno.LENGTHFOC.SOCPOSall	-0.6453043314760925	-1.1139132748965612	NA	LEMMAREL1	NA	LEMMAREL	162	no	NA	NA	FOC	all	251	2	harden.LEMMAREL1.PPMIselection.LENGTH5000.SOCPOSall
harden.LEMMAREL1.PPMIno.LENGTHFOC.SOCPOSnav	-0.8563211276325425	-1.5966449901089772	NA	LEMMAREL1	NA	LEMMAREL	162	no	NA	NA	FOC	nav	251	2	harden.LEMMAREL1.PPMIselection.LENGTH5000.SOCPOSall
harden.LEMMAREL1.PPMIselection.LENGTH5000.SOCPOSall	-0.6389610697451827	-0.7646823649744526	NA	LEMMAREL1	NA	LEMMAREL	116	selection	NA	NA	5000	all	244	2	harden.LEMMAREL1.PPMIselection.LENGTH5000.SOCPOSall
harden.LEMMAREL1.PPMIselection.LENGTH5000.SOCPOSnav	-0.5250469581542118	-0.5013278857695217	NA	LEMMAREL1	NA	LEMMAREL	116	selection	NA	NA	5000	nav	244	2	harden.LEMMAREL1.PPMIselection.LENGTH5000.SOCPOSall
harden.LEMMAREL1.PPMIselection.LENGTHFOC.SOCPOSall	-0.6606689215059879	-0.8902537202176924	NA	LEMMAREL1	NA	LEMMAREL	116	selection	NA	NA	FOC	all	244	2	harden.LEMMAREL1.PPMIselection.LENGTH5000.SOCPOSall
harden.LEMMAREL1.PPMIselection.LENGTHFOC.SOCPOSnav	-0.7538840332382785	-1.111304420458969	NA	LEMMAREL1	NA	LEMMAREL	116	selection	NA	NA	FOC	nav	244	2	harden.LEMMAREL1.PPMIselection.LENGTH5000.SOCPOSall
harden.LEMMAREL1.PPMIweight.LENGTH5000.SOCPOSall	-0.6956367751286954	-0.8354635844488958	NA	LEMMAREL1	NA	LEMMAREL	116	weight	NA	NA	5000	all	244	2	harden.LEMMAREL1.PPMIselection.LENGTH5000.SOCPOSall
harden.LEMMAREL1.PPMIweight.LENGTH5000.SOCPOSnav	-0.5652761803236566	-0.5618627410242458	NA	LEMMAREL1	NA	LEMMAREL	116	weight	NA	NA	5000	nav	244	2	harden.LEMMAREL1.PPMIselection.LENGTH5000.SOCPOSall
harden.LEMMAREL1.PPMIweight.LENGTHFOC.SOCPOSall	-0.741304981514652	-0.9636501593715932	NA	LEMMAREL1	NA	LEMMAREL	116	weight	NA	NA	FOC	all	244	2	harden.LEMMAREL1.PPMIselection.LENGTH5000.SOCPOSall
harden.LEMMAREL1.PPMIweight.LENGTHFOC.SOCPOSnav	-0.7897831829198798	-1.0910901803283797	NA	LEMMAREL1	NA	LEMMAREL	116	weight	NA	NA	FOC	nav	244	2	harden.LEMMAREL1.PPMIselection.LENGTH5000.SOCPOSall
harden.LEMMAREL2.PPMIno.LENGTH5000.SOCPOSall	-0.02387930443487558	-1.0906748771375994	NA	LEMMAREL2	NA	LEMMAREL	267	no	NA	NA	5000	all	268	1	harden.LEMMAPATH3.PPMIno.LENGTH5000.SOCPOSnav
harden.LEMMAREL2.PPMIno.LENGTH5000.SOCPOSnav	0.0649190412154769	-1.0212542170348056	NA	LEMMAREL2	NA	LEMMAREL	267	no	NA	NA	5000	nav	268	1	harden.LEMMAPATH3.PPMIno.LENGTH5000.SOCPOSnav
harden.LEMMAREL2.PPMIno.LENGTHFOC.SOCPOSall	0.4011578776304907	-1.085063932839919	NA	LEMMAREL2	NA	LEMMAREL	267	no	NA	NA	FOC	all	268	3	harden.LEMMAPATH3.PPMIweight.LENGTH5000.SOCPOSall
harden.LEMMAREL2.PPMIno.LENGTHFOC.SOCPOSnav	0.6145691587342599	-1.3471881884435113	NA	LEMMAREL2	NA	LEMMAREL	267	no	NA	NA	FOC	nav	268	1	harden.LEMMAPATH3.PPMIno.LENGTH5000.SOCPOSnav
harden.LEMMAREL2.PPMIselection.LENGTH5000.SOCPOSall	-0.08606795837276866	-0.6109055691823199	NA	LEMMAREL2	NA	LEMMAREL	173	selection	NA	NA	5000	all	266	2	harden.LEMMAREL1.PPMIselection.LENGTH5000.SOCPOSall
harden.LEMMAREL2.PPMIselection.LENGTH5000.SOCPOSnav	-0.03852772833133611	-0.5673412490800653	NA	LEMMAREL2	NA	LEMMAREL	173	selection	NA	NA	5000	nav	266	3	harden.LEMMAPATH3.PPMIweight.LENGTH5000.SOCPOSall
harden.LEMMAREL2.PPMIselection.LENGTHFOC.SOCPOSall	0.21955670875248937	-0.7752744066696523	NA	LEMMAREL2	NA	LEMMAREL	173	selection	NA	NA	FOC	all	266	3	harden.LEMMAPATH3.PPMIweight.LENGTH5000.SOCPOSall
harden.LEMMAREL2.PPMIselection.LENGTHFOC.SOCPOSnav	0.4753947250168172	-0.9929552385627052	NA	LEMMAREL2	NA	LEMMAREL	173	selection	NA	NA	FOC	nav	266	3	harden.LEMMAPATH3.PPMIweight.LENGTH5000.SOCPOSall
harden.LEMMAREL2.PPMIweight.LENGTH5000.SOCPOSall	0.1779687156000005	-0.6308954572112084	NA	LEMMAREL2	NA	LEMMAREL	173	weight	NA	NA	5000	all	266	3	harden.LEMMAPATH3.PPMIweight.LENGTH5000.SOCPOSall
harden.LEMMAREL2.PPMIweight.LENGTH5000.SOCPOSnav	0.21388325309559011	-0.6426049889796549	NA	LEMMAREL2	NA	LEMMAREL	173	weight	NA	NA	5000	nav	266	3	harden.LEMMAPATH3.PPMIweight.LENGTH5000.SOCPOSall
harden.LEMMAREL2.PPMIweight.LENGTHFOC.SOCPOSall	0.4824349850385285	-0.8196914717732122	NA	LEMMAREL2	NA	LEMMAREL	173	weight	NA	NA	FOC	all	266	3	harden.LEMMAPATH3.PPMIweight.LENGTH5000.SOCPOSall
harden.LEMMAREL2.PPMIweight.LENGTHFOC.SOCPOSnav	0.6516062805235363	-1.1301878500403502	NA	LEMMAREL2	NA	LEMMAREL	173	weight	NA	NA	FOC	nav	266	3	harden.LEMMAPATH3.PPMIweight.LENGTH5000.SOCPOSall
harden.bound10-10all.PPMIno.LENGTH5000.SOCPOSall	1.3406802170003436	-1.0271708809459488	NA	NA	TRUE	BOW	896	no	all	10-10	5000	all	279	4	harden.nobound10-10all.PPMIno.LENGTHFOC.SOCPOSnav
harden.bound10-10all.PPMIno.LENGTH5000.SOCPOSnav	1.3239550325863918	-0.8379182050951791	NA	NA	TRUE	BOW	896	no	all	10-10	5000	nav	279	4	harden.nobound10-10all.PPMIno.LENGTHFOC.SOCPOSnav
harden.bound10-10all.PPMIno.LENGTHFOC.SOCPOSall	1.380494597113065	-0.5408366279873326	NA	NA	TRUE	BOW	896	no	all	10-10	FOC	all	279	4	harden.nobound10-10all.PPMIno.LENGTHFOC.SOCPOSnav
harden.bound10-10all.PPMIno.LENGTHFOC.SOCPOSnav	1.5505143124455425	-0.6214631745236767	NA	NA	TRUE	BOW	896	no	all	10-10	FOC	nav	279	4	harden.nobound10-10all.PPMIno.LENGTHFOC.SOCPOSnav
harden.bound10-10all.PPMIselection.LENGTH5000.SOCPOSall	0.3747790194558283	-0.1251809823683035	NA	NA	TRUE	BOW	417	selection	all	10-10	5000	all	279	5	harden.bound5-5all.PPMIselection.LENGTHFOC.SOCPOSall
harden.bound10-10all.PPMIselection.LENGTH5000.SOCPOSnav	0.42855458395994817	-0.1205316155500625	NA	NA	TRUE	BOW	417	selection	all	10-10	5000	nav	279	5	harden.bound5-5all.PPMIselection.LENGTHFOC.SOCPOSall
harden.bound10-10all.PPMIselection.LENGTHFOC.SOCPOSall	0.6583694045056175	-0.11616825057582644	NA	NA	TRUE	BOW	417	selection	all	10-10	FOC	all	279	5	harden.bound5-5all.PPMIselection.LENGTHFOC.SOCPOSall
harden.bound10-10all.PPMIselection.LENGTHFOC.SOCPOSnav	0.8358265630895935	-0.18059615500343867	NA	NA	TRUE	BOW	417	selection	all	10-10	FOC	nav	279	5	harden.bound5-5all.PPMIselection.LENGTHFOC.SOCPOSall
harden.bound10-10all.PPMIweight.LENGTH5000.SOCPOSall	0.4787290233414711	-0.02728306119339787	NA	NA	TRUE	BOW	417	weight	all	10-10	5000	all	279	6	harden.bound10-10lex.PPMIweight.LENGTH5000.SOCPOSnav
harden.bound10-10all.PPMIweight.LENGTH5000.SOCPOSnav	0.5403958320574981	-0.02816349464764843	NA	NA	TRUE	BOW	417	weight	all	10-10	5000	nav	279	6	harden.bound10-10lex.PPMIweight.LENGTH5000.SOCPOSnav
harden.bound10-10all.PPMIweight.LENGTHFOC.SOCPOSall	0.7124560555127671	-0.06990622595819868	NA	NA	TRUE	BOW	417	weight	all	10-10	FOC	all	279	6	harden.bound10-10lex.PPMIweight.LENGTH5000.SOCPOSnav
harden.bound10-10all.PPMIweight.LENGTHFOC.SOCPOSnav	0.9073449026225062	-0.10576314974667551	NA	NA	TRUE	BOW	417	weight	all	10-10	FOC	nav	279	6	harden.bound10-10lex.PPMIweight.LENGTH5000.SOCPOSnav
harden.bound10-10lex.PPMIno.LENGTH5000.SOCPOSall	1.34474255990024	-0.25837290217955367	NA	NA	TRUE	BOW	691	no	lex	10-10	5000	all	279	6	harden.bound10-10lex.PPMIweight.LENGTH5000.SOCPOSnav
harden.bound10-10lex.PPMIno.LENGTH5000.SOCPOSnav	1.3284890810758516	-0.20254702060186655	NA	NA	TRUE	BOW	691	no	lex	10-10	5000	nav	279	6	harden.bound10-10lex.PPMIweight.LENGTH5000.SOCPOSnav
harden.bound10-10lex.PPMIno.LENGTHFOC.SOCPOSall	1.316005980503755	-0.10696658133157802	NA	NA	TRUE	BOW	691	no	lex	10-10	FOC	all	279	6	harden.bound10-10lex.PPMIweight.LENGTH5000.SOCPOSnav
harden.bound10-10lex.PPMIno.LENGTHFOC.SOCPOSnav	1.5373959587297037	-0.14993128960165944	NA	NA	TRUE	BOW	691	no	lex	10-10	FOC	nav	279	6	harden.bound10-10lex.PPMIweight.LENGTH5000.SOCPOSnav
harden.bound10-10lex.PPMIselection.LENGTH5000.SOCPOSall	0.5328339563962077	0.19745592121656896	NA	NA	TRUE	BOW	326	selection	lex	10-10	5000	all	277	6	harden.bound10-10lex.PPMIweight.LENGTH5000.SOCPOSnav
harden.bound10-10lex.PPMIselection.LENGTH5000.SOCPOSnav	0.5983655427232201	0.15703330956391165	NA	NA	TRUE	BOW	326	selection	lex	10-10	5000	nav	277	6	harden.bound10-10lex.PPMIweight.LENGTH5000.SOCPOSnav
harden.bound10-10lex.PPMIselection.LENGTHFOC.SOCPOSall	0.7314668704000236	0.12464966105057255	NA	NA	TRUE	BOW	326	selection	lex	10-10	FOC	all	277	6	harden.bound10-10lex.PPMIweight.LENGTH5000.SOCPOSnav
harden.bound10-10lex.PPMIselection.LENGTHFOC.SOCPOSnav	0.9573112200864056	0.07352029834595661	NA	NA	TRUE	BOW	326	selection	lex	10-10	FOC	nav	277	6	harden.bound10-10lex.PPMIweight.LENGTH5000.SOCPOSnav
harden.bound10-10lex.PPMIweight.LENGTH5000.SOCPOSall	0.6105607642197748	0.17628786721106732	NA	NA	TRUE	BOW	326	weight	lex	10-10	5000	all	277	6	harden.bound10-10lex.PPMIweight.LENGTH5000.SOCPOSnav
harden.bound10-10lex.PPMIweight.LENGTH5000.SOCPOSnav	0.6781422929715243	0.18535283092874624	NA	NA	TRUE	BOW	326	weight	lex	10-10	5000	nav	277	6	harden.bound10-10lex.PPMIweight.LENGTH5000.SOCPOSnav
harden.bound10-10lex.PPMIweight.LENGTHFOC.SOCPOSall	0.855399924318689	0.12714073638896936	NA	NA	TRUE	BOW	326	weight	lex	10-10	FOC	all	277	6	harden.bound10-10lex.PPMIweight.LENGTH5000.SOCPOSnav
harden.bound10-10lex.PPMIweight.LENGTHFOC.SOCPOSnav	1.0270802993773371	0.12918587399478187	NA	NA	TRUE	BOW	326	weight	lex	10-10	FOC	nav	277	6	harden.bound10-10lex.PPMIweight.LENGTH5000.SOCPOSnav
harden.bound3-3all.PPMIno.LENGTH5000.SOCPOSall	-1.4285040873913375	-0.14897264864293164	NA	NA	TRUE	BOW	295	no	all	3-3	5000	all	279	7	harden.bound3-3lex.PPMIselection.LENGTHFOC.SOCPOSall
harden.bound3-3all.PPMIno.LENGTH5000.SOCPOSnav	-1.391823644490095	-0.14438657550363446	NA	NA	TRUE	BOW	295	no	all	3-3	5000	nav	279	7	harden.bound3-3lex.PPMIselection.LENGTHFOC.SOCPOSall
harden.bound3-3all.PPMIno.LENGTHFOC.SOCPOSall	-1.2364827630842146	-0.07732128891516019	NA	NA	TRUE	BOW	295	no	all	3-3	FOC	all	279	7	harden.bound3-3lex.PPMIselection.LENGTHFOC.SOCPOSall
harden.bound3-3all.PPMIno.LENGTHFOC.SOCPOSnav	-1.3638106687125715	-0.07588883156367435	NA	NA	TRUE	BOW	295	no	all	3-3	FOC	nav	279	7	harden.bound3-3lex.PPMIselection.LENGTHFOC.SOCPOSall
harden.bound3-3all.PPMIselection.LENGTH5000.SOCPOSall	-1.1721076320006	-0.01195208127837125	NA	NA	TRUE	BOW	232	selection	all	3-3	5000	all	279	7	harden.bound3-3lex.PPMIselection.LENGTHFOC.SOCPOSall
harden.bound3-3all.PPMIselection.LENGTH5000.SOCPOSnav	-1.126846147395418	-0.01185957072001765	NA	NA	TRUE	BOW	232	selection	all	3-3	5000	nav	279	7	harden.bound3-3lex.PPMIselection.LENGTHFOC.SOCPOSall
harden.bound3-3all.PPMIselection.LENGTHFOC.SOCPOSall	-1.1313002209742231	0.00368791111105713	NA	NA	TRUE	BOW	232	selection	all	3-3	FOC	all	279	7	harden.bound3-3lex.PPMIselection.LENGTHFOC.SOCPOSall
harden.bound3-3all.PPMIselection.LENGTHFOC.SOCPOSnav	-1.1933310767170773	0.01698710812459767	NA	NA	TRUE	BOW	232	selection	all	3-3	FOC	nav	279	7	harden.bound3-3lex.PPMIselection.LENGTHFOC.SOCPOSall
harden.bound3-3all.PPMIweight.LENGTH5000.SOCPOSall	-1.2392774637202932	-0.00459158244827206	NA	NA	TRUE	BOW	232	weight	all	3-3	5000	all	279	7	harden.bound3-3lex.PPMIselection.LENGTHFOC.SOCPOSall
harden.bound3-3all.PPMIweight.LENGTH5000.SOCPOSnav	-1.1535039155616351	0.0489253291512637	NA	NA	TRUE	BOW	232	weight	all	3-3	5000	nav	279	7	harden.bound3-3lex.PPMIselection.LENGTHFOC.SOCPOSall
harden.bound3-3all.PPMIweight.LENGTHFOC.SOCPOSall	-1.1316538738263613	0.02282012781963123	NA	NA	TRUE	BOW	232	weight	all	3-3	FOC	all	279	7	harden.bound3-3lex.PPMIselection.LENGTHFOC.SOCPOSall
harden.bound3-3all.PPMIweight.LENGTHFOC.SOCPOSnav	-1.3975195859958254	-0.00742833138202304	NA	NA	TRUE	BOW	232	weight	all	3-3	FOC	nav	279	7	harden.bound3-3lex.PPMIselection.LENGTHFOC.SOCPOSall
harden.bound3-3lex.PPMIno.LENGTH5000.SOCPOSall	-1.3217376432711463	0.5323202803907092	NA	NA	TRUE	BOW	204	no	lex	3-3	5000	all	279	7	harden.bound3-3lex.PPMIselection.LENGTHFOC.SOCPOSall
harden.bound3-3lex.PPMIno.LENGTH5000.SOCPOSnav	-1.3395391263468956	0.5592479065515681	NA	NA	TRUE	BOW	204	no	lex	3-3	5000	nav	279	7	harden.bound3-3lex.PPMIselection.LENGTHFOC.SOCPOSall
harden.bound3-3lex.PPMIno.LENGTHFOC.SOCPOSall	-1.2976626693440487	0.5017812755962542	NA	NA	TRUE	BOW	204	no	lex	3-3	FOC	all	279	7	harden.bound3-3lex.PPMIselection.LENGTHFOC.SOCPOSall
harden.bound3-3lex.PPMIno.LENGTHFOC.SOCPOSnav	-1.2909023458264866	0.5819255129143772	NA	NA	TRUE	BOW	204	no	lex	3-3	FOC	nav	279	7	harden.bound3-3lex.PPMIselection.LENGTHFOC.SOCPOSall
harden.bound3-3lex.PPMIselection.LENGTH5000.SOCPOSall	-1.1462806341039748	0.43139554643910866	NA	NA	TRUE	BOW	176	selection	lex	3-3	5000	all	271	7	harden.bound3-3lex.PPMIselection.LENGTHFOC.SOCPOSall
harden.bound3-3lex.PPMIselection.LENGTH5000.SOCPOSnav	-1.1502524143732975	0.45797563981759853	NA	NA	TRUE	BOW	176	selection	lex	3-3	5000	nav	271	7	harden.bound3-3lex.PPMIselection.LENGTHFOC.SOCPOSall
harden.bound3-3lex.PPMIselection.LENGTHFOC.SOCPOSall	-1.1505069213180474	0.3897746432275469	NA	NA	TRUE	BOW	176	selection	lex	3-3	FOC	all	271	7	harden.bound3-3lex.PPMIselection.LENGTHFOC.SOCPOSall
harden.bound3-3lex.PPMIselection.LENGTHFOC.SOCPOSnav	-1.2100125077991513	0.4866469523601081	NA	NA	TRUE	BOW	176	selection	lex	3-3	FOC	nav	271	7	harden.bound3-3lex.PPMIselection.LENGTHFOC.SOCPOSall
harden.bound3-3lex.PPMIweight.LENGTH5000.SOCPOSall	-1.0383140558708666	0.3571987186056916	NA	NA	TRUE	BOW	176	weight	lex	3-3	5000	all	271	7	harden.bound3-3lex.PPMIselection.LENGTHFOC.SOCPOSall
harden.bound3-3lex.PPMIweight.LENGTH5000.SOCPOSnav	-1.109657692917458	0.3859070527204664	NA	NA	TRUE	BOW	176	weight	lex	3-3	5000	nav	271	7	harden.bound3-3lex.PPMIselection.LENGTHFOC.SOCPOSall
harden.bound3-3lex.PPMIweight.LENGTHFOC.SOCPOSall	-1.2299771591935933	0.4357905552262805	NA	NA	TRUE	BOW	176	weight	lex	3-3	FOC	all	271	7	harden.bound3-3lex.PPMIselection.LENGTHFOC.SOCPOSall
harden.bound3-3lex.PPMIweight.LENGTHFOC.SOCPOSnav	-1.3937915691628642	0.5419185461862036	NA	NA	TRUE	BOW	176	weight	lex	3-3	FOC	nav	271	7	harden.bound3-3lex.PPMIselection.LENGTHFOC.SOCPOSall
harden.bound5-5all.PPMIno.LENGTH5000.SOCPOSall	-0.15807265929351996	0.8683665488996779	NA	NA	TRUE	BOW	504	no	all	5-5	5000	all	279	5	harden.bound5-5all.PPMIselection.LENGTHFOC.SOCPOSall
harden.bound5-5all.PPMIno.LENGTH5000.SOCPOSnav	-0.069524623099704	0.6392509315393121	NA	NA	TRUE	BOW	504	no	all	5-5	5000	nav	279	5	harden.bound5-5all.PPMIselection.LENGTHFOC.SOCPOSall
harden.bound5-5all.PPMIno.LENGTHFOC.SOCPOSall	0.27828981248696333	0.2641790987777952	NA	NA	TRUE	BOW	504	no	all	5-5	FOC	all	279	5	harden.bound5-5all.PPMIselection.LENGTHFOC.SOCPOSall
harden.bound5-5all.PPMIno.LENGTHFOC.SOCPOSnav	0.5959726576725354	0.3966972836494415	NA	NA	TRUE	BOW	504	no	all	5-5	FOC	nav	279	5	harden.bound5-5all.PPMIselection.LENGTHFOC.SOCPOSall
harden.bound5-5all.PPMIselection.LENGTH5000.SOCPOSall	-0.11785619795138191	0.174374999733445	NA	NA	TRUE	BOW	340	selection	all	5-5	5000	all	279	5	harden.bound5-5all.PPMIselection.LENGTHFOC.SOCPOSall
harden.bound5-5all.PPMIselection.LENGTH5000.SOCPOSnav	-0.05636634908935892	0.15344132613075093	NA	NA	TRUE	BOW	340	selection	all	5-5	5000	nav	279	5	harden.bound5-5all.PPMIselection.LENGTHFOC.SOCPOSall
harden.bound5-5all.PPMIselection.LENGTHFOC.SOCPOSall	0.11530188381270293	0.1657266295845201	NA	NA	TRUE	BOW	340	selection	all	5-5	FOC	all	279	5	harden.bound5-5all.PPMIselection.LENGTHFOC.SOCPOSall
harden.bound5-5all.PPMIselection.LENGTHFOC.SOCPOSnav	0.2802550836353556	0.16117821184018516	NA	NA	TRUE	BOW	340	selection	all	5-5	FOC	nav	279	5	harden.bound5-5all.PPMIselection.LENGTHFOC.SOCPOSall
harden.bound5-5all.PPMIweight.LENGTH5000.SOCPOSall	0.05200309672264652	0.1523355694620645	NA	NA	TRUE	BOW	340	weight	all	5-5	5000	all	279	5	harden.bound5-5all.PPMIselection.LENGTHFOC.SOCPOSall
harden.bound5-5all.PPMIweight.LENGTH5000.SOCPOSnav	0.08306466353685717	0.15396624247188337	NA	NA	TRUE	BOW	340	weight	all	5-5	5000	nav	279	5	harden.bound5-5all.PPMIselection.LENGTHFOC.SOCPOSall
harden.bound5-5all.PPMIweight.LENGTHFOC.SOCPOSall	0.2171514786416016	0.16036674211600804	NA	NA	TRUE	BOW	340	weight	all	5-5	FOC	all	279	5	harden.bound5-5all.PPMIselection.LENGTHFOC.SOCPOSall
harden.bound5-5all.PPMIweight.LENGTHFOC.SOCPOSnav	0.39975848061145625	0.19043848854123616	NA	NA	TRUE	BOW	340	weight	all	5-5	FOC	nav	279	5	harden.bound5-5all.PPMIselection.LENGTHFOC.SOCPOSall
harden.bound5-5lex.PPMIno.LENGTH5000.SOCPOSall	-0.02081997950834968	0.7328302333729815	NA	NA	TRUE	BOW	365	no	lex	5-5	5000	all	279	8	harden.nobound5-5lex.PPMIselection.LENGTH5000.SOCPOSnav
harden.bound5-5lex.PPMIno.LENGTH5000.SOCPOSnav	0.07647989122760705	0.6941808311765756	NA	NA	TRUE	BOW	365	no	lex	5-5	5000	nav	279	8	harden.nobound5-5lex.PPMIselection.LENGTH5000.SOCPOSnav
harden.bound5-5lex.PPMIno.LENGTHFOC.SOCPOSall	0.24409809321313025	0.5704113700695966	NA	NA	TRUE	BOW	365	no	lex	5-5	FOC	all	279	5	harden.bound5-5all.PPMIselection.LENGTHFOC.SOCPOSall
harden.bound5-5lex.PPMIno.LENGTHFOC.SOCPOSnav	0.54321169607268	0.6784299929314158	NA	NA	TRUE	BOW	365	no	lex	5-5	FOC	nav	279	5	harden.bound5-5all.PPMIselection.LENGTHFOC.SOCPOSall
harden.bound5-5lex.PPMIselection.LENGTH5000.SOCPOSall	-0.08873773748765282	0.5230761271322981	NA	NA	TRUE	BOW	259	selection	lex	5-5	5000	all	276	8	harden.nobound5-5lex.PPMIselection.LENGTH5000.SOCPOSnav
harden.bound5-5lex.PPMIselection.LENGTH5000.SOCPOSnav	-0.01700438663197348	0.5024968470970118	NA	NA	TRUE	BOW	259	selection	lex	5-5	5000	nav	276	8	harden.nobound5-5lex.PPMIselection.LENGTH5000.SOCPOSnav
harden.bound5-5lex.PPMIselection.LENGTHFOC.SOCPOSall	0.11103633683573796	0.4419482803781308	NA	NA	TRUE	BOW	259	selection	lex	5-5	FOC	all	276	5	harden.bound5-5all.PPMIselection.LENGTHFOC.SOCPOSall
harden.bound5-5lex.PPMIselection.LENGTHFOC.SOCPOSnav	0.3705398500894545	0.5373191456507712	NA	NA	TRUE	BOW	259	selection	lex	5-5	FOC	nav	276	5	harden.bound5-5all.PPMIselection.LENGTHFOC.SOCPOSall
harden.bound5-5lex.PPMIweight.LENGTH5000.SOCPOSall	0.08219163550596988	0.3950862622172373	NA	NA	TRUE	BOW	259	weight	lex	5-5	5000	all	276	6	harden.bound10-10lex.PPMIweight.LENGTH5000.SOCPOSnav
harden.bound5-5lex.PPMIweight.LENGTH5000.SOCPOSnav	0.1296988364212156	0.4054072466080869	NA	NA	TRUE	BOW	259	weight	lex	5-5	5000	nav	276	6	harden.bound10-10lex.PPMIweight.LENGTH5000.SOCPOSnav
harden.bound5-5lex.PPMIweight.LENGTHFOC.SOCPOSall	0.26062968066393943	0.45904195847281976	NA	NA	TRUE	BOW	259	weight	lex	5-5	FOC	all	276	6	harden.bound10-10lex.PPMIweight.LENGTH5000.SOCPOSnav
harden.bound5-5lex.PPMIweight.LENGTHFOC.SOCPOSnav	0.4916404088144837	0.6016586880759719	NA	NA	TRUE	BOW	259	weight	lex	5-5	FOC	nav	276	6	harden.bound10-10lex.PPMIweight.LENGTH5000.SOCPOSnav
harden.nobound10-10all.PPMIno.LENGTH5000.SOCPOSall	2.4644838489767102	-0.6108635326094167	NA	NA	FALSE	BOW	1444	no	all	10-10	5000	all	279	4	harden.nobound10-10all.PPMIno.LENGTHFOC.SOCPOSnav
harden.nobound10-10all.PPMIno.LENGTH5000.SOCPOSnav	2.2686403435573834	-0.4872920805343835	NA	NA	FALSE	BOW	1444	no	all	10-10	5000	nav	279	4	harden.nobound10-10all.PPMIno.LENGTHFOC.SOCPOSnav
harden.nobound10-10all.PPMIno.LENGTHFOC.SOCPOSall	2.247598897052786	-0.17591320089106507	NA	NA	FALSE	BOW	1444	no	all	10-10	FOC	all	279	4	harden.nobound10-10all.PPMIno.LENGTHFOC.SOCPOSnav
harden.nobound10-10all.PPMIno.LENGTHFOC.SOCPOSnav	2.203983559944356	-0.2521558889861674	NA	NA	FALSE	BOW	1444	no	all	10-10	FOC	nav	279	4	harden.nobound10-10all.PPMIno.LENGTHFOC.SOCPOSnav
harden.nobound10-10all.PPMIselection.LENGTH5000.SOCPOSall	1.0803515013717475	0.6286184508521695	NA	NA	FALSE	BOW	556	selection	all	10-10	5000	all	279	4	harden.nobound10-10all.PPMIno.LENGTHFOC.SOCPOSnav
harden.nobound10-10all.PPMIselection.LENGTH5000.SOCPOSnav	1.038956472620406	0.2554577421213001	NA	NA	FALSE	BOW	556	selection	all	10-10	5000	nav	279	4	harden.nobound10-10all.PPMIno.LENGTHFOC.SOCPOSnav
harden.nobound10-10all.PPMIselection.LENGTHFOC.SOCPOSall	1.216048036559397	0.2534185968789444	NA	NA	FALSE	BOW	556	selection	all	10-10	FOC	all	279	4	harden.nobound10-10all.PPMIno.LENGTHFOC.SOCPOSnav
harden.nobound10-10all.PPMIselection.LENGTHFOC.SOCPOSnav	1.3142731502653744	0.19941887319162951	NA	NA	FALSE	BOW	556	selection	all	10-10	FOC	nav	279	4	harden.nobound10-10all.PPMIno.LENGTHFOC.SOCPOSnav
harden.nobound10-10all.PPMIweight.LENGTH5000.SOCPOSall	0.874236097346938	0.2141222877657835	NA	NA	FALSE	BOW	556	weight	all	10-10	5000	all	279	6	harden.bound10-10lex.PPMIweight.LENGTH5000.SOCPOSnav
harden.nobound10-10all.PPMIweight.LENGTH5000.SOCPOSnav	0.9082450085725864	0.2082445922815564	NA	NA	FALSE	BOW	556	weight	all	10-10	5000	nav	279	6	harden.bound10-10lex.PPMIweight.LENGTH5000.SOCPOSnav
harden.nobound10-10all.PPMIweight.LENGTHFOC.SOCPOSall	1.0866824298926228	0.1823367355558478	NA	NA	FALSE	BOW	556	weight	all	10-10	FOC	all	279	6	harden.bound10-10lex.PPMIweight.LENGTH5000.SOCPOSnav
harden.nobound10-10all.PPMIweight.LENGTHFOC.SOCPOSnav	1.228578256765395	0.2209370099790378	NA	NA	FALSE	BOW	556	weight	all	10-10	FOC	nav	279	6	harden.bound10-10lex.PPMIweight.LENGTH5000.SOCPOSnav
harden.nobound10-10lex.PPMIno.LENGTH5000.SOCPOSall	2.185382878670894	0.44519166534464383	NA	NA	FALSE	BOW	1107	no	lex	10-10	5000	all	279	4	harden.nobound10-10all.PPMIno.LENGTHFOC.SOCPOSnav
harden.nobound10-10lex.PPMIno.LENGTH5000.SOCPOSnav	2.1625796905304906	0.36346098220698286	NA	NA	FALSE	BOW	1107	no	lex	10-10	5000	nav	279	4	harden.nobound10-10all.PPMIno.LENGTHFOC.SOCPOSnav
harden.nobound10-10lex.PPMIno.LENGTHFOC.SOCPOSall	2.014041280984278	0.29993436346305585	NA	NA	FALSE	BOW	1107	no	lex	10-10	FOC	all	279	4	harden.nobound10-10all.PPMIno.LENGTHFOC.SOCPOSnav
harden.nobound10-10lex.PPMIno.LENGTHFOC.SOCPOSnav	2.1423479462848825	0.2609058623666526	NA	NA	FALSE	BOW	1107	no	lex	10-10	FOC	nav	279	4	harden.nobound10-10all.PPMIno.LENGTHFOC.SOCPOSnav
harden.nobound10-10lex.PPMIselection.LENGTH5000.SOCPOSall	1.0694814431215889	0.7449281681886547	NA	NA	FALSE	BOW	431	selection	lex	10-10	5000	all	279	8	harden.nobound5-5lex.PPMIselection.LENGTH5000.SOCPOSnav
harden.nobound10-10lex.PPMIselection.LENGTH5000.SOCPOSnav	1.1005758199098528	0.6054964551813766	NA	NA	FALSE	BOW	431	selection	lex	10-10	5000	nav	279	8	harden.nobound5-5lex.PPMIselection.LENGTH5000.SOCPOSnav
harden.nobound10-10lex.PPMIselection.LENGTHFOC.SOCPOSall	1.2116846361501024	0.47241062922883686	NA	NA	FALSE	BOW	431	selection	lex	10-10	FOC	all	279	6	harden.bound10-10lex.PPMIweight.LENGTH5000.SOCPOSnav
harden.nobound10-10lex.PPMIselection.LENGTHFOC.SOCPOSnav	1.3876490929141696	0.4692041424645645	NA	NA	FALSE	BOW	431	selection	lex	10-10	FOC	nav	279	6	harden.bound10-10lex.PPMIweight.LENGTH5000.SOCPOSnav
harden.nobound10-10lex.PPMIweight.LENGTH5000.SOCPOSall	0.974592869260366	0.45180164126093825	NA	NA	FALSE	BOW	431	weight	lex	10-10	5000	all	279	6	harden.bound10-10lex.PPMIweight.LENGTH5000.SOCPOSnav
harden.nobound10-10lex.PPMIweight.LENGTH5000.SOCPOSnav	1.04060554328194	0.4533753709499844	NA	NA	FALSE	BOW	431	weight	lex	10-10	5000	nav	279	6	harden.bound10-10lex.PPMIweight.LENGTH5000.SOCPOSnav
harden.nobound10-10lex.PPMIweight.LENGTHFOC.SOCPOSall	1.224384533815492	0.439292593763866	NA	NA	FALSE	BOW	431	weight	lex	10-10	FOC	all	279	6	harden.bound10-10lex.PPMIweight.LENGTH5000.SOCPOSnav
harden.nobound10-10lex.PPMIweight.LENGTHFOC.SOCPOSnav	1.356442885832055	0.5023555910603379	NA	NA	FALSE	BOW	431	weight	lex	10-10	FOC	nav	279	6	harden.bound10-10lex.PPMIweight.LENGTH5000.SOCPOSnav
harden.nobound3-3all.PPMIno.LENGTH5000.SOCPOSall	-1.7225509221915705	0.20849534058070093	NA	NA	FALSE	BOW	384	no	all	3-3	5000	all	279	7	harden.bound3-3lex.PPMIselection.LENGTHFOC.SOCPOSall
harden.nobound3-3all.PPMIno.LENGTH5000.SOCPOSnav	-1.6713423869777837	0.17728524453248382	NA	NA	FALSE	BOW	384	no	all	3-3	5000	nav	279	7	harden.bound3-3lex.PPMIselection.LENGTHFOC.SOCPOSall
harden.nobound3-3all.PPMIno.LENGTHFOC.SOCPOSall	-1.5009983344186872	0.28597492679551295	NA	NA	FALSE	BOW	384	no	all	3-3	FOC	all	279	7	harden.bound3-3lex.PPMIselection.LENGTHFOC.SOCPOSall
harden.nobound3-3all.PPMIno.LENGTHFOC.SOCPOSnav	-1.617432307081575	0.2898276073160366	NA	NA	FALSE	BOW	384	no	all	3-3	FOC	nav	279	7	harden.bound3-3lex.PPMIselection.LENGTHFOC.SOCPOSall
harden.nobound3-3all.PPMIselection.LENGTH5000.SOCPOSall	-1.335910349029094	0.3332776137761982	NA	NA	FALSE	BOW	300	selection	all	3-3	5000	all	279	7	harden.bound3-3lex.PPMIselection.LENGTHFOC.SOCPOSall
harden.nobound3-3all.PPMIselection.LENGTH5000.SOCPOSnav	-1.2924569798893912	0.2886677723405359	NA	NA	FALSE	BOW	300	selection	all	3-3	5000	nav	279	7	harden.bound3-3lex.PPMIselection.LENGTHFOC.SOCPOSall
harden.nobound3-3all.PPMIselection.LENGTHFOC.SOCPOSall	-1.2519630850182175	0.30889267985399277	NA	NA	FALSE	BOW	300	selection	all	3-3	FOC	all	279	7	harden.bound3-3lex.PPMIselection.LENGTHFOC.SOCPOSall
harden.nobound3-3all.PPMIselection.LENGTHFOC.SOCPOSnav	-1.3882580163792968	0.31613939218934534	NA	NA	FALSE	BOW	300	selection	all	3-3	FOC	nav	279	7	harden.bound3-3lex.PPMIselection.LENGTHFOC.SOCPOSall
harden.nobound3-3all.PPMIweight.LENGTH5000.SOCPOSall	-1.2766523771617646	0.1965571254878116	NA	NA	FALSE	BOW	300	weight	all	3-3	5000	all	279	7	harden.bound3-3lex.PPMIselection.LENGTHFOC.SOCPOSall
harden.nobound3-3all.PPMIweight.LENGTH5000.SOCPOSnav	-1.2554844529426612	0.20111346445566863	NA	NA	FALSE	BOW	300	weight	all	3-3	5000	nav	279	7	harden.bound3-3lex.PPMIselection.LENGTHFOC.SOCPOSall
harden.nobound3-3all.PPMIweight.LENGTHFOC.SOCPOSall	-1.2098076264294406	0.2074784046956062	NA	NA	FALSE	BOW	300	weight	all	3-3	FOC	all	279	7	harden.bound3-3lex.PPMIselection.LENGTHFOC.SOCPOSall
harden.nobound3-3all.PPMIweight.LENGTHFOC.SOCPOSnav	-1.3909397061978508	0.2294501083155921	NA	NA	FALSE	BOW	300	weight	all	3-3	FOC	nav	279	7	harden.bound3-3lex.PPMIselection.LENGTHFOC.SOCPOSall
harden.nobound3-3lex.PPMIno.LENGTH5000.SOCPOSall	-1.3236380620503936	0.8086895777254245	NA	NA	FALSE	BOW	259	no	lex	3-3	5000	all	279	7	harden.bound3-3lex.PPMIselection.LENGTHFOC.SOCPOSall
harden.nobound3-3lex.PPMIno.LENGTH5000.SOCPOSnav	-1.3229096950637451	0.8195530546463355	NA	NA	FALSE	BOW	259	no	lex	3-3	5000	nav	279	7	harden.bound3-3lex.PPMIselection.LENGTHFOC.SOCPOSall
harden.nobound3-3lex.PPMIno.LENGTHFOC.SOCPOSall	-1.340709239277305	0.7326789966519437	NA	NA	FALSE	BOW	259	no	lex	3-3	FOC	all	279	7	harden.bound3-3lex.PPMIselection.LENGTHFOC.SOCPOSall
harden.nobound3-3lex.PPMIno.LENGTHFOC.SOCPOSnav	-1.353444958119146	0.8008323229938128	NA	NA	FALSE	BOW	259	no	lex	3-3	FOC	nav	279	7	harden.bound3-3lex.PPMIselection.LENGTHFOC.SOCPOSall
harden.nobound3-3lex.PPMIselection.LENGTH5000.SOCPOSall	-1.1944572570354637	0.698408276267803	NA	NA	FALSE	BOW	221	selection	lex	3-3	5000	all	273	7	harden.bound3-3lex.PPMIselection.LENGTHFOC.SOCPOSall
harden.nobound3-3lex.PPMIselection.LENGTH5000.SOCPOSnav	-1.18170721582668	0.698471823150172	NA	NA	FALSE	BOW	221	selection	lex	3-3	5000	nav	273	7	harden.bound3-3lex.PPMIselection.LENGTHFOC.SOCPOSall
harden.nobound3-3lex.PPMIselection.LENGTHFOC.SOCPOSall	-1.2158517613975537	0.6381125826804681	NA	NA	FALSE	BOW	221	selection	lex	3-3	FOC	all	273	7	harden.bound3-3lex.PPMIselection.LENGTHFOC.SOCPOSall
harden.nobound3-3lex.PPMIselection.LENGTHFOC.SOCPOSnav	-1.1855985451591124	0.7430722987401855	NA	NA	FALSE	BOW	221	selection	lex	3-3	FOC	nav	273	7	harden.bound3-3lex.PPMIselection.LENGTHFOC.SOCPOSall
harden.nobound3-3lex.PPMIweight.LENGTH5000.SOCPOSall	-1.0992052585579255	0.5980913409865994	NA	NA	FALSE	BOW	221	weight	lex	3-3	5000	all	273	7	harden.bound3-3lex.PPMIselection.LENGTHFOC.SOCPOSall
harden.nobound3-3lex.PPMIweight.LENGTH5000.SOCPOSnav	-1.1342886764172362	0.635993890879792	NA	NA	FALSE	BOW	221	weight	lex	3-3	5000	nav	273	7	harden.bound3-3lex.PPMIselection.LENGTHFOC.SOCPOSall
harden.nobound3-3lex.PPMIweight.LENGTHFOC.SOCPOSall	-1.2231884954071528	0.6674747941547408	NA	NA	FALSE	BOW	221	weight	lex	3-3	FOC	all	273	7	harden.bound3-3lex.PPMIselection.LENGTHFOC.SOCPOSall
harden.nobound3-3lex.PPMIweight.LENGTHFOC.SOCPOSnav	-1.2410625047811903	0.7670007272001874	NA	NA	FALSE	BOW	221	weight	lex	3-3	FOC	nav	273	7	harden.bound3-3lex.PPMIselection.LENGTHFOC.SOCPOSall
harden.nobound5-5all.PPMIno.LENGTH5000.SOCPOSall	0.23791514996168983	1.49997238905699	NA	NA	FALSE	BOW	704	no	all	5-5	5000	all	279	8	harden.nobound5-5lex.PPMIselection.LENGTH5000.SOCPOSnav
harden.nobound5-5all.PPMIno.LENGTH5000.SOCPOSnav	0.36334257100412626	1.3081351372084231	NA	NA	FALSE	BOW	704	no	all	5-5	5000	nav	279	8	harden.nobound5-5lex.PPMIselection.LENGTH5000.SOCPOSnav
harden.nobound5-5all.PPMIno.LENGTHFOC.SOCPOSall	0.5808557708691984	1.097652551408387	NA	NA	FALSE	BOW	704	no	all	5-5	FOC	all	279	5	harden.bound5-5all.PPMIselection.LENGTHFOC.SOCPOSall
harden.nobound5-5all.PPMIno.LENGTHFOC.SOCPOSnav	0.7634606354068544	1.0451797622858134	NA	NA	FALSE	BOW	704	no	all	5-5	FOC	nav	279	5	harden.bound5-5all.PPMIselection.LENGTHFOC.SOCPOSall
harden.nobound5-5all.PPMIselection.LENGTH5000.SOCPOSall	0.03200616035307378	0.8166975689035401	NA	NA	FALSE	BOW	462	selection	all	5-5	5000	all	279	8	harden.nobound5-5lex.PPMIselection.LENGTH5000.SOCPOSnav
harden.nobound5-5all.PPMIselection.LENGTH5000.SOCPOSnav	0.09551675628719752	0.59429037212611735	NA	NA	FALSE	BOW	462	selection	all	5-5	5000	nav	279	8	harden.nobound5-5lex.PPMIselection.LENGTH5000.SOCPOSnav
harden.nobound5-5all.PPMIselection.LENGTHFOC.SOCPOSall	0.3301816491067219	0.6196378306876779	NA	NA	FALSE	BOW	462	selection	all	5-5	FOC	all	279	5	harden.bound5-5all.PPMIselection.LENGTHFOC.SOCPOSall
harden.nobound5-5all.PPMIselection.LENGTHFOC.SOCPOSnav	0.5130031230025092	0.6041193203116372	NA	NA	FALSE	BOW	462	selection	all	5-5	FOC	nav	279	5	harden.bound5-5all.PPMIselection.LENGTHFOC.SOCPOSall
harden.nobound5-5all.PPMIweight.LENGTH5000.SOCPOSall	0.24090991327093103	0.4055447916663838	NA	NA	FALSE	BOW	462	weight	all	5-5	5000	all	279	5	harden.bound5-5all.PPMIselection.LENGTHFOC.SOCPOSall
harden.nobound5-5all.PPMIweight.LENGTH5000.SOCPOSnav	0.28958914990265777	0.4029025366734663	NA	NA	FALSE	BOW	462	weight	all	5-5	5000	nav	279	5	harden.bound5-5all.PPMIselection.LENGTHFOC.SOCPOSall
harden.nobound5-5all.PPMIweight.LENGTHFOC.SOCPOSall	0.42955072997986193	0.433848415131312	NA	NA	FALSE	BOW	462	weight	all	5-5	FOC	all	279	5	harden.bound5-5all.PPMIselection.LENGTHFOC.SOCPOSall
harden.nobound5-5all.PPMIweight.LENGTHFOC.SOCPOSnav	0.5881062811580253	0.5526145555027879	NA	NA	FALSE	BOW	462	weight	all	5-5	FOC	nav	279	5	harden.bound5-5all.PPMIselection.LENGTHFOC.SOCPOSall
harden.nobound5-5lex.PPMIno.LENGTH5000.SOCPOSall	0.2679405295645106	1.1694415739503434	NA	NA	FALSE	BOW	515	no	lex	5-5	5000	all	279	8	harden.nobound5-5lex.PPMIselection.LENGTH5000.SOCPOSnav
harden.nobound5-5lex.PPMIno.LENGTH5000.SOCPOSnav	0.3888740742389392	1.0993443010552375	NA	NA	FALSE	BOW	515	no	lex	5-5	5000	nav	279	8	harden.nobound5-5lex.PPMIselection.LENGTH5000.SOCPOSnav
harden.nobound5-5lex.PPMIno.LENGTHFOC.SOCPOSall	0.4978309114009205	0.9545547608037218	NA	NA	FALSE	BOW	515	no	lex	5-5	FOC	all	279	8	harden.nobound5-5lex.PPMIselection.LENGTH5000.SOCPOSnav
harden.nobound5-5lex.PPMIno.LENGTHFOC.SOCPOSnav	0.710184509196139	1.005391712741908	NA	NA	FALSE	BOW	515	no	lex	5-5	FOC	nav	279	8	harden.nobound5-5lex.PPMIselection.LENGTH5000.SOCPOSnav
harden.nobound5-5lex.PPMIselection.LENGTH5000.SOCPOSall	0.112088368915868	0.8919473951616218	NA	NA	FALSE	BOW	349	selection	lex	5-5	5000	all	278	8	harden.nobound5-5lex.PPMIselection.LENGTH5000.SOCPOSnav
harden.nobound5-5lex.PPMIselection.LENGTH5000.SOCPOSnav	0.2010865385650471	0.8425065098044916	NA	NA	FALSE	BOW	349	selection	lex	5-5	5000	nav	278	8	harden.nobound5-5lex.PPMIselection.LENGTH5000.SOCPOSnav
harden.nobound5-5lex.PPMIselection.LENGTHFOC.SOCPOSall	0.32303327916852576	0.7447007816138659	NA	NA	FALSE	BOW	349	selection	lex	5-5	FOC	all	278	8	harden.nobound5-5lex.PPMIselection.LENGTH5000.SOCPOSnav
harden.nobound5-5lex.PPMIselection.LENGTHFOC.SOCPOSnav	0.5135664351803452	0.8122802056328481	NA	NA	FALSE	BOW	349	selection	lex	5-5	FOC	nav	278	8	harden.nobound5-5lex.PPMIselection.LENGTH5000.SOCPOSnav
harden.nobound5-5lex.PPMIweight.LENGTH5000.SOCPOSall	0.2800824215835553	0.6675934032778826	NA	NA	FALSE	BOW	349	weight	lex	5-5	5000	all	278	8	harden.nobound5-5lex.PPMIselection.LENGTH5000.SOCPOSnav
harden.nobound5-5lex.PPMIweight.LENGTH5000.SOCPOSnav	0.3397757833876416	0.6740765524570916	NA	NA	FALSE	BOW	349	weight	lex	5-5	5000	nav	278	8	harden.nobound5-5lex.PPMIselection.LENGTH5000.SOCPOSnav
harden.nobound5-5lex.PPMIweight.LENGTHFOC.SOCPOSall	0.4570590680547742	0.6943300169711033	NA	NA	FALSE	BOW	349	weight	lex	5-5	FOC	all	278	8	harden.nobound5-5lex.PPMIselection.LENGTH5000.SOCPOSnav
harden.nobound5-5lex.PPMIweight.LENGTHFOC.SOCPOSnav	0.6091997559109419	0.7870595589865349	NA	NA	FALSE	BOW	349	weight	lex	5-5	FOC	nav	278	8	harden.nobound5-5lex.PPMIselection.LENGTH5000.SOCPOSnav
