_model	model.x	model.y	LEMMAPATH	LEMMAREL	foc_boundaries	foc_context_words	foc_foc_pos	foc_foc_win	foc_minimum_features	foc_ppmi	soc_length	soc_length_num	soc_soc_pos	soc_soc_win	tokens	type	foc_base
heet.BOWbound10lex.PPMIweight.LENGTH5000.SOCPOSnav	-0.57889524531774	0.11894759549024099	NA	NA	bound	495	lex	10_10	1	weight	5000	5000	nav	4_4	325	heet	BOW
heet.BOWbound10lex.PPMIweight.LENGTH5000.SOCPOSall	-0.5541559322604559	-0.6523861144711002	NA	NA	bound	495	lex	10_10	1	weight	5000	5000	all	4_4	325	heet	BOW
heet.BOWbound10lex.PPMIweight.LENGTHFOC.SOCPOSnav	-0.5475735772597066	0.3295097240476692	NA	NA	bound	495	lex	10_10	1	weight	FOC	359	nav	4_4	325	heet	BOW
heet.BOWbound10lex.PPMIweight.LENGTHFOC.SOCPOSall	-0.5273767171552523	0.3100938829073349	NA	NA	bound	495	lex	10_10	1	weight	FOC	495	all	4_4	325	heet	BOW
heet.BOWbound10lex.PPMIselection.LENGTH5000.SOCPOSnav	-0.5887454173683353	0.4684372396090655	NA	NA	bound	495	lex	10_10	1	selection	5000	5000	nav	4_4	325	heet	BOW
heet.BOWbound10lex.PPMIselection.LENGTH5000.SOCPOSall	-0.6914208783535715	-0.7168460482225082	NA	NA	bound	495	lex	10_10	1	selection	5000	5000	all	4_4	325	heet	BOW
heet.BOWbound10lex.PPMIselection.LENGTHFOC.SOCPOSnav	-0.4984714868556832	0.41016909041971183	NA	NA	bound	495	lex	10_10	1	selection	FOC	359	nav	4_4	325	heet	BOW
heet.BOWbound10lex.PPMIselection.LENGTHFOC.SOCPOSall	-0.4875230533802166	0.39416034619042406	NA	NA	bound	495	lex	10_10	1	selection	FOC	495	all	4_4	325	heet	BOW
heet.BOWbound10lex.PPMIno.LENGTH5000.SOCPOSnav	-0.7596438637847726	0.8301614407888666	NA	NA	bound	975	lex	10_10	1	no	5000	5000	nav	4_4	331	heet	BOW
heet.BOWbound10lex.PPMIno.LENGTH5000.SOCPOSall	-1.0747106565417273	-1.3730925167603758	NA	NA	bound	975	lex	10_10	1	no	5000	5000	all	4_4	331	heet	BOW
heet.BOWbound10lex.PPMIno.LENGTHFOC.SOCPOSnav	-0.6361649818114662	0.6256501053312595	NA	NA	bound	975	lex	10_10	1	no	FOC	726	nav	4_4	331	heet	BOW
heet.BOWbound10lex.PPMIno.LENGTHFOC.SOCPOSall	-0.622209700368432	0.6337253917031903	NA	NA	bound	975	lex	10_10	1	no	FOC	975	all	4_4	331	heet	BOW
heet.BOWbound10all.PPMIweight.LENGTH5000.SOCPOSnav	-0.34400260094308766	0.33316434757295255	NA	NA	bound	622	all	10_10	1	weight	5000	5000	nav	4_4	331	heet	BOW
heet.BOWbound10all.PPMIweight.LENGTH5000.SOCPOSall	-0.07310703432474266	-0.8715714458875738	NA	NA	bound	622	all	10_10	1	weight	5000	5000	all	4_4	331	heet	BOW
heet.BOWbound10all.PPMIweight.LENGTHFOC.SOCPOSnav	-0.44123848990421277	0.37354359211208843	NA	NA	bound	622	all	10_10	1	weight	FOC	359	nav	4_4	331	heet	BOW
heet.BOWbound10all.PPMIweight.LENGTHFOC.SOCPOSall	-0.41496587827006953	0.3547863791500317	NA	NA	bound	622	all	10_10	1	weight	FOC	622	all	4_4	331	heet	BOW
heet.BOWbound10all.PPMIselection.LENGTH5000.SOCPOSnav	0.5341519499211826	0.9017873072233625	NA	NA	bound	622	all	10_10	1	selection	5000	5000	nav	4_4	331	heet	BOW
heet.BOWbound10all.PPMIselection.LENGTH5000.SOCPOSall	1.6213307004826678	0.34013358171805114	NA	NA	bound	622	all	10_10	1	selection	5000	5000	all	4_4	331	heet	BOW
heet.BOWbound10all.PPMIselection.LENGTHFOC.SOCPOSnav	-0.10255597163988756	0.6171580739340612	NA	NA	bound	622	all	10_10	1	selection	FOC	359	nav	4_4	331	heet	BOW
heet.BOWbound10all.PPMIselection.LENGTHFOC.SOCPOSall	-0.049964807801164586	0.6021379335756247	NA	NA	bound	622	all	10_10	1	selection	FOC	622	all	4_4	331	heet	BOW
heet.BOWbound10all.PPMIno.LENGTH5000.SOCPOSnav	0.6114141782315657	1.320568450084494	NA	NA	bound	1294	all	10_10	1	no	5000	5000	nav	4_4	331	heet	BOW
heet.BOWbound10all.PPMIno.LENGTH5000.SOCPOSall	2.0504401154237173	0.8724902077408895	NA	NA	bound	1294	all	10_10	1	no	5000	5000	all	4_4	331	heet	BOW
heet.BOWbound10all.PPMIno.LENGTHFOC.SOCPOSnav	-0.02806228666874418	0.9858649160264408	NA	NA	bound	1294	all	10_10	1	no	FOC	726	nav	4_4	331	heet	BOW
heet.BOWbound10all.PPMIno.LENGTHFOC.SOCPOSall	0.04342145401732579	1.0439545791507556	NA	NA	bound	1294	all	10_10	1	no	FOC	1294	all	4_4	331	heet	BOW
heet.BOWbound5lex.PPMIweight.LENGTH5000.SOCPOSnav	-0.4545936758525391	-0.018691651668473572	NA	NA	bound	400	lex	5_5	1	weight	5000	5000	nav	4_4	324	heet	BOW
heet.BOWbound5lex.PPMIweight.LENGTH5000.SOCPOSall	-0.3928881655327712	-0.7082401018797482	NA	NA	bound	400	lex	5_5	1	weight	5000	5000	all	4_4	324	heet	BOW
heet.BOWbound5lex.PPMIweight.LENGTHFOC.SOCPOSnav	-0.43578025933473186	0.1570711830194844	NA	NA	bound	400	lex	5_5	1	weight	FOC	287	nav	4_4	324	heet	BOW
heet.BOWbound5lex.PPMIweight.LENGTHFOC.SOCPOSall	-0.41463745002629476	0.1354598593852852	NA	NA	bound	400	lex	5_5	1	weight	FOC	400	all	4_4	324	heet	BOW
heet.BOWbound5lex.PPMIselection.LENGTH5000.SOCPOSnav	-0.5207094009427987	-0.0225522335660643	NA	NA	bound	400	lex	5_5	1	selection	5000	5000	nav	4_4	324	heet	BOW
heet.BOWbound5lex.PPMIselection.LENGTH5000.SOCPOSall	-0.4088765048381854	-0.7934061296656543	NA	NA	bound	400	lex	5_5	1	selection	5000	5000	all	4_4	324	heet	BOW
heet.BOWbound5lex.PPMIselection.LENGTHFOC.SOCPOSnav	-0.3868410406204546	0.20875089718994297	NA	NA	bound	400	lex	5_5	1	selection	FOC	287	nav	4_4	324	heet	BOW
heet.BOWbound5lex.PPMIselection.LENGTHFOC.SOCPOSall	-0.36960085115166125	0.19247189759972277	NA	NA	bound	400	lex	5_5	1	selection	FOC	400	all	4_4	324	heet	BOW
heet.BOWbound5lex.PPMIno.LENGTH5000.SOCPOSnav	-0.7604978767296107	0.019530157570006323	NA	NA	bound	623	lex	5_5	1	no	5000	5000	nav	4_4	331	heet	BOW
heet.BOWbound5lex.PPMIno.LENGTH5000.SOCPOSall	-0.5789576803183756	-1.2436381966997039	NA	NA	bound	623	lex	5_5	1	no	5000	5000	all	4_4	331	heet	BOW
heet.BOWbound5lex.PPMIno.LENGTHFOC.SOCPOSnav	-0.49677670066627033	0.28434518635141964	NA	NA	bound	623	lex	5_5	1	no	FOC	462	nav	4_4	331	heet	BOW
heet.BOWbound5lex.PPMIno.LENGTHFOC.SOCPOSall	-0.48457342251461	0.2730842753947417	NA	NA	bound	623	lex	5_5	1	no	FOC	623	all	4_4	331	heet	BOW
heet.BOWbound5all.PPMIweight.LENGTH5000.SOCPOSnav	-0.2923974797184453	-0.06611505185698698	NA	NA	bound	501	all	5_5	1	weight	5000	5000	nav	4_4	331	heet	BOW
heet.BOWbound5all.PPMIweight.LENGTH5000.SOCPOSall	0.042673863937017414	-0.8299341896493454	NA	NA	bound	501	all	5_5	1	weight	5000	5000	all	4_4	331	heet	BOW
heet.BOWbound5all.PPMIweight.LENGTHFOC.SOCPOSnav	-0.30715705398998083	0.20809075460627807	NA	NA	bound	501	all	5_5	1	weight	FOC	287	nav	4_4	331	heet	BOW
heet.BOWbound5all.PPMIweight.LENGTHFOC.SOCPOSall	-0.2782499928498355	0.18428152283305815	NA	NA	bound	501	all	5_5	1	weight	FOC	501	all	4_4	331	heet	BOW
heet.BOWbound5all.PPMIselection.LENGTH5000.SOCPOSnav	0.6856086575218358	0.3962550587310232	NA	NA	bound	501	all	5_5	1	selection	5000	5000	nav	4_4	331	heet	BOW
heet.BOWbound5all.PPMIselection.LENGTH5000.SOCPOSall	1.4781971665083886	-0.2435121107172613	NA	NA	bound	501	all	5_5	1	selection	5000	5000	all	4_4	331	heet	BOW
heet.BOWbound5all.PPMIselection.LENGTHFOC.SOCPOSnav	0.026336827736517028	0.34525191391464716	NA	NA	bound	501	all	5_5	1	selection	FOC	287	nav	4_4	331	heet	BOW
heet.BOWbound5all.PPMIselection.LENGTHFOC.SOCPOSall	0.06277160511907971	0.3238473758800501	NA	NA	bound	501	all	5_5	1	selection	FOC	501	all	4_4	331	heet	BOW
heet.BOWbound5all.PPMIno.LENGTH5000.SOCPOSnav	0.8144672488323145	0.6937814766321141	NA	NA	bound	830	all	5_5	1	no	5000	5000	nav	4_4	331	heet	BOW
heet.BOWbound5all.PPMIno.LENGTH5000.SOCPOSall	2.025044917517201	-0.041527938263082	NA	NA	bound	830	all	5_5	1	no	5000	5000	all	4_4	331	heet	BOW
heet.BOWbound5all.PPMIno.LENGTHFOC.SOCPOSnav	0.09992540213050935	0.5351280294964266	NA	NA	bound	830	all	5_5	1	no	FOC	462	nav	4_4	331	heet	BOW
heet.BOWbound5all.PPMIno.LENGTHFOC.SOCPOSall	0.1671124511373205	0.5331430524650281	NA	NA	bound	830	all	5_5	1	no	FOC	830	all	4_4	331	heet	BOW
heet.BOWbound3lex.PPMIweight.LENGTH5000.SOCPOSnav	-0.3301806153462539	-0.11314805829750574	NA	NA	bound	286	lex	3_3	1	weight	5000	5000	nav	4_4	316	heet	BOW
heet.BOWbound3lex.PPMIweight.LENGTH5000.SOCPOSall	-0.24529108158614818	-0.7882028667049047	NA	NA	bound	286	lex	3_3	1	weight	5000	5000	all	4_4	316	heet	BOW
heet.BOWbound3lex.PPMIweight.LENGTHFOC.SOCPOSnav	-0.295002745986873	0.07035431666141237	NA	NA	bound	286	lex	3_3	1	weight	FOC	205	nav	4_4	316	heet	BOW
heet.BOWbound3lex.PPMIweight.LENGTHFOC.SOCPOSall	-0.28730020576033166	0.05012433901438271	NA	NA	bound	286	lex	3_3	1	weight	FOC	286	all	4_4	316	heet	BOW
heet.BOWbound3lex.PPMIselection.LENGTH5000.SOCPOSnav	-0.3715075270025026	-0.14242725512243584	NA	NA	bound	286	lex	3_3	1	selection	5000	5000	nav	4_4	316	heet	BOW
heet.BOWbound3lex.PPMIselection.LENGTH5000.SOCPOSall	-0.25495916363106275	-0.8298848146972386	NA	NA	bound	286	lex	3_3	1	selection	5000	5000	all	4_4	316	heet	BOW
heet.BOWbound3lex.PPMIselection.LENGTHFOC.SOCPOSnav	-0.2680083512792122	0.09641231182668382	NA	NA	bound	286	lex	3_3	1	selection	FOC	205	nav	4_4	316	heet	BOW
heet.BOWbound3lex.PPMIselection.LENGTHFOC.SOCPOSall	-0.25779165679764576	0.07626001925014281	NA	NA	bound	286	lex	3_3	1	selection	FOC	286	all	4_4	316	heet	BOW
heet.BOWbound3lex.PPMIno.LENGTH5000.SOCPOSnav	-0.541141942766634	-0.17037303210248667	NA	NA	bound	388	lex	3_3	1	no	5000	5000	nav	4_4	325	heet	BOW
heet.BOWbound3lex.PPMIno.LENGTH5000.SOCPOSall	-0.34232452417242576	-1.1073691969662842	NA	NA	bound	388	lex	3_3	1	no	5000	5000	all	4_4	325	heet	BOW
heet.BOWbound3lex.PPMIno.LENGTHFOC.SOCPOSnav	-0.34416073877376	0.10949896805346819	NA	NA	bound	388	lex	3_3	1	no	FOC	287	nav	4_4	325	heet	BOW
heet.BOWbound3lex.PPMIno.LENGTHFOC.SOCPOSall	-0.34583710944039164	0.0786128755778923	NA	NA	bound	388	lex	3_3	1	no	FOC	388	all	4_4	325	heet	BOW
heet.BOWbound3all.PPMIweight.LENGTH5000.SOCPOSnav	-0.1889414205725871	-0.1984144936254426	NA	NA	bound	361	all	3_3	1	weight	5000	5000	nav	4_4	331	heet	BOW
heet.BOWbound3all.PPMIweight.LENGTH5000.SOCPOSall	0.18655085569445995	-0.9224681969344978	NA	NA	bound	361	all	3_3	1	weight	5000	5000	all	4_4	331	heet	BOW
heet.BOWbound3all.PPMIweight.LENGTHFOC.SOCPOSnav	-0.2121129939529521	0.0912273850000234	NA	NA	bound	361	all	3_3	1	weight	FOC	205	nav	4_4	331	heet	BOW
heet.BOWbound3all.PPMIweight.LENGTHFOC.SOCPOSall	-0.18907378160763513	0.06728494115357443	NA	NA	bound	361	all	3_3	1	weight	FOC	361	all	4_4	331	heet	BOW
heet.BOWbound3all.PPMIselection.LENGTH5000.SOCPOSnav	0.8201863242412655	0.030533706129677336	NA	NA	bound	361	all	3_3	1	selection	5000	5000	nav	4_4	331	heet	BOW
heet.BOWbound3all.PPMIselection.LENGTH5000.SOCPOSall	1.372724071273123	-0.6669410859741424	NA	NA	bound	361	all	3_3	1	selection	5000	5000	all	4_4	331	heet	BOW
heet.BOWbound3all.PPMIselection.LENGTHFOC.SOCPOSnav	0.12081863520418458	0.18229422460988096	NA	NA	bound	361	all	3_3	1	selection	FOC	205	nav	4_4	331	heet	BOW
heet.BOWbound3all.PPMIselection.LENGTHFOC.SOCPOSall	0.1836774290649975	0.15332707620089625	NA	NA	bound	361	all	3_3	1	selection	FOC	361	all	4_4	331	heet	BOW
heet.BOWbound3all.PPMIno.LENGTH5000.SOCPOSnav	0.962248521761964	0.19421310550801138	NA	NA	bound	532	all	3_3	1	no	5000	5000	nav	4_4	331	heet	BOW
heet.BOWbound3all.PPMIno.LENGTH5000.SOCPOSall	1.810457872286188	-0.6384506989489832	NA	NA	bound	532	all	3_3	1	no	5000	5000	all	4_4	331	heet	BOW
heet.BOWbound3all.PPMIno.LENGTHFOC.SOCPOSnav	0.19057982167600349	0.25367555965116306	NA	NA	bound	532	all	3_3	1	no	FOC	287	nav	4_4	331	heet	BOW
heet.BOWbound3all.PPMIno.LENGTHFOC.SOCPOSall	0.2579698798537943	0.22850497256417376	NA	NA	bound	532	all	3_3	1	no	FOC	532	all	4_4	331	heet	BOW
heet.BOWnobound10lex.PPMIweight.LENGTH5000.SOCPOSnav	-0.7679853602386664	0.16913602343712936	NA	NA	nobound	599	lex	10_10	1	weight	5000	5000	nav	4_4	331	heet	BOW
heet.BOWnobound10lex.PPMIweight.LENGTH5000.SOCPOSall	-0.8208713603179226	-0.6297755076513579	NA	NA	nobound	599	lex	10_10	1	weight	5000	5000	all	4_4	331	heet	BOW
heet.BOWnobound10lex.PPMIweight.LENGTHFOC.SOCPOSnav	-0.7694078931152547	0.34468628430362114	NA	NA	nobound	599	lex	10_10	1	weight	FOC	424	nav	4_4	331	heet	BOW
heet.BOWnobound10lex.PPMIweight.LENGTHFOC.SOCPOSall	-0.7529310096226074	0.3216216081372715	NA	NA	nobound	599	lex	10_10	1	weight	FOC	599	all	4_4	331	heet	BOW
heet.BOWnobound10lex.PPMIselection.LENGTH5000.SOCPOSnav	-0.8888197664561721	0.4565295848503384	NA	NA	nobound	599	lex	10_10	1	selection	5000	5000	nav	4_4	331	heet	BOW
heet.BOWnobound10lex.PPMIselection.LENGTH5000.SOCPOSall	-1.0646867475252335	-0.6821622987190535	NA	NA	nobound	599	lex	10_10	1	selection	5000	5000	all	4_4	331	heet	BOW
heet.BOWnobound10lex.PPMIselection.LENGTHFOC.SOCPOSnav	-0.7466070800833908	0.47227732184631416	NA	NA	nobound	599	lex	10_10	1	selection	FOC	424	nav	4_4	331	heet	BOW
heet.BOWnobound10lex.PPMIselection.LENGTHFOC.SOCPOSall	-0.7441349064200176	0.4573155802630419	NA	NA	nobound	599	lex	10_10	1	selection	FOC	599	all	4_4	331	heet	BOW
heet.BOWnobound10lex.PPMIno.LENGTH5000.SOCPOSnav	-1.115405298461652	0.9154508815821104	NA	NA	nobound	1366	lex	10_10	1	no	5000	5000	nav	4_4	332	heet	BOW
heet.BOWnobound10lex.PPMIno.LENGTH5000.SOCPOSall	-1.6356553487409728	-1.4313006517412619	NA	NA	nobound	1366	lex	10_10	1	no	5000	5000	all	4_4	332	heet	BOW
heet.BOWnobound10lex.PPMIno.LENGTHFOC.SOCPOSnav	-0.8996958510251368	0.7769927699817691	NA	NA	nobound	1366	lex	10_10	1	no	FOC	1001	nav	4_4	332	heet	BOW
heet.BOWnobound10lex.PPMIno.LENGTHFOC.SOCPOSall	-0.9017636583825961	0.7819163299582357	NA	NA	nobound	1366	lex	10_10	1	no	FOC	1366	all	4_4	332	heet	BOW
heet.BOWnobound10all.PPMIweight.LENGTH5000.SOCPOSnav	-0.7247487306040618	0.1615603405093306	NA	NA	nobound	764	all	10_10	1	weight	5000	5000	nav	4_4	332	heet	BOW
heet.BOWnobound10all.PPMIweight.LENGTH5000.SOCPOSall	-0.6460341462114374	-0.8430737592125875	NA	NA	nobound	764	all	10_10	1	weight	5000	5000	all	4_4	332	heet	BOW
heet.BOWnobound10all.PPMIweight.LENGTHFOC.SOCPOSnav	-0.6935062497862584	0.3608245674127514	NA	NA	nobound	764	all	10_10	1	weight	FOC	424	nav	4_4	332	heet	BOW
heet.BOWnobound10all.PPMIweight.LENGTHFOC.SOCPOSall	-0.6890445931090244	0.33915289811370947	NA	NA	nobound	764	all	10_10	1	weight	FOC	764	all	4_4	332	heet	BOW
heet.BOWnobound10all.PPMIselection.LENGTH5000.SOCPOSnav	0.3217822547402984	1.2356147426835005	NA	NA	nobound	764	all	10_10	1	selection	5000	5000	nav	4_4	332	heet	BOW
heet.BOWnobound10all.PPMIselection.LENGTH5000.SOCPOSall	1.6490488746773708	1.0159064046297903	NA	NA	nobound	764	all	10_10	1	selection	5000	5000	all	4_4	332	heet	BOW
heet.BOWnobound10all.PPMIselection.LENGTHFOC.SOCPOSnav	-0.27997735019471937	0.8108783307415024	NA	NA	nobound	764	all	10_10	1	selection	FOC	424	nav	4_4	332	heet	BOW
heet.BOWnobound10all.PPMIselection.LENGTHFOC.SOCPOSall	-0.22034568345551264	0.8152012502568949	NA	NA	nobound	764	all	10_10	1	selection	FOC	764	all	4_4	332	heet	BOW
heet.BOWnobound10all.PPMIno.LENGTH5000.SOCPOSnav	0.31433074354920465	1.7249158675269045	NA	NA	nobound	1838	all	10_10	1	no	5000	5000	nav	4_4	332	heet	BOW
heet.BOWnobound10all.PPMIno.LENGTH5000.SOCPOSall	1.8735196326494612	1.6676510473668809	NA	NA	nobound	1838	all	10_10	1	no	5000	5000	all	4_4	332	heet	BOW
heet.BOWnobound10all.PPMIno.LENGTHFOC.SOCPOSnav	-0.23570256084922878	1.401843860101638	NA	NA	nobound	1838	all	10_10	1	no	FOC	1001	nav	4_4	332	heet	BOW
heet.BOWnobound10all.PPMIno.LENGTHFOC.SOCPOSall	-0.1501570517980975	1.5035646286528184	NA	NA	nobound	1838	all	10_10	1	no	FOC	1838	all	4_4	332	heet	BOW
heet.BOWnobound5lex.PPMIweight.LENGTH5000.SOCPOSnav	-0.5503090133253715	-0.007319681563748825	NA	NA	nobound	443	lex	5_5	1	weight	5000	5000	nav	4_4	328	heet	BOW
heet.BOWnobound5lex.PPMIweight.LENGTH5000.SOCPOSall	-0.5024013889892645	-0.7332289851100576	NA	NA	nobound	443	lex	5_5	1	weight	5000	5000	all	4_4	328	heet	BOW
heet.BOWnobound5lex.PPMIweight.LENGTHFOC.SOCPOSnav	-0.5359452037051741	0.1648151874444466	NA	NA	nobound	443	lex	5_5	1	weight	FOC	312	nav	4_4	328	heet	BOW
heet.BOWnobound5lex.PPMIweight.LENGTHFOC.SOCPOSall	-0.5097897609510648	0.14584367317316133	NA	NA	nobound	443	lex	5_5	1	weight	FOC	443	all	4_4	328	heet	BOW
heet.BOWnobound5lex.PPMIselection.LENGTH5000.SOCPOSnav	-0.6357876809921116	0.006338142750555831	NA	NA	nobound	443	lex	5_5	1	selection	5000	5000	nav	4_4	328	heet	BOW
heet.BOWnobound5lex.PPMIselection.LENGTH5000.SOCPOSall	-0.5611668095442612	-0.8406581913789221	NA	NA	nobound	443	lex	5_5	1	selection	5000	5000	all	4_4	328	heet	BOW
heet.BOWnobound5lex.PPMIselection.LENGTHFOC.SOCPOSnav	-0.48121923159773533	0.2208256041853782	NA	NA	nobound	443	lex	5_5	1	selection	FOC	312	nav	4_4	328	heet	BOW
heet.BOWnobound5lex.PPMIselection.LENGTHFOC.SOCPOSall	-0.4701405873892017	0.19924901248653956	NA	NA	nobound	443	lex	5_5	1	selection	FOC	443	all	4_4	328	heet	BOW
heet.BOWnobound5lex.PPMIno.LENGTH5000.SOCPOSnav	-0.8450605459444548	0.09129376129689842	NA	NA	nobound	709	lex	5_5	1	no	5000	5000	nav	4_4	332	heet	BOW
heet.BOWnobound5lex.PPMIno.LENGTH5000.SOCPOSall	-0.7058740908086948	-1.3899586805530035	NA	NA	nobound	709	lex	5_5	1	no	5000	5000	all	4_4	332	heet	BOW
heet.BOWnobound5lex.PPMIno.LENGTHFOC.SOCPOSnav	-0.5827418357829338	0.2937718100885198	NA	NA	nobound	709	lex	5_5	1	no	FOC	521	nav	4_4	332	heet	BOW
heet.BOWnobound5lex.PPMIno.LENGTHFOC.SOCPOSall	-0.5779093873695799	0.2731273551405936	NA	NA	nobound	709	lex	5_5	1	no	FOC	709	all	4_4	332	heet	BOW
heet.BOWnobound5all.PPMIweight.LENGTH5000.SOCPOSnav	-0.41220173868613946	-0.04942332785162956	NA	NA	nobound	564	all	5_5	1	weight	5000	5000	nav	4_4	332	heet	BOW
heet.BOWnobound5all.PPMIweight.LENGTH5000.SOCPOSall	-0.09308652600699537	-0.8617214737621027	NA	NA	nobound	564	all	5_5	1	weight	5000	5000	all	4_4	332	heet	BOW
heet.BOWnobound5all.PPMIweight.LENGTHFOC.SOCPOSnav	-0.4097627108610949	0.22001927382591685	NA	NA	nobound	564	all	5_5	1	weight	FOC	312	nav	4_4	332	heet	BOW
heet.BOWnobound5all.PPMIweight.LENGTHFOC.SOCPOSall	-0.3955047521779119	0.18819231986344245	NA	NA	nobound	564	all	5_5	1	weight	FOC	564	all	4_4	332	heet	BOW
heet.BOWnobound5all.PPMIselection.LENGTH5000.SOCPOSnav	0.6471759885739174	0.5036961788312735	NA	NA	nobound	564	all	5_5	1	selection	5000	5000	nav	4_4	332	heet	BOW
heet.BOWnobound5all.PPMIselection.LENGTH5000.SOCPOSall	1.5540200254090977	-0.13840749009016867	NA	NA	nobound	564	all	5_5	1	selection	5000	5000	all	4_4	332	heet	BOW
heet.BOWnobound5all.PPMIselection.LENGTHFOC.SOCPOSnav	-0.02815213835713101	0.397000383323474	NA	NA	nobound	564	all	5_5	1	selection	FOC	312	nav	4_4	332	heet	BOW
heet.BOWnobound5all.PPMIselection.LENGTHFOC.SOCPOSall	0.02513312618513293	0.3809894014286619	NA	NA	nobound	564	all	5_5	1	selection	FOC	564	all	4_4	332	heet	BOW
heet.BOWnobound5all.PPMIno.LENGTH5000.SOCPOSnav	0.7741282610683602	0.8156911285705423	NA	NA	nobound	955	all	5_5	1	no	5000	5000	nav	4_4	332	heet	BOW
heet.BOWnobound5all.PPMIno.LENGTH5000.SOCPOSall	2.118612300970848	0.09200817924979147	NA	NA	nobound	955	all	5_5	1	no	5000	5000	all	4_4	332	heet	BOW
heet.BOWnobound5all.PPMIno.LENGTHFOC.SOCPOSnav	0.06230541974780432	0.6021247554364638	NA	NA	nobound	955	all	5_5	1	no	FOC	521	nav	4_4	332	heet	BOW
heet.BOWnobound5all.PPMIno.LENGTHFOC.SOCPOSall	0.13696078800061	0.6178788567231797	NA	NA	nobound	955	all	5_5	1	no	FOC	955	all	4_4	332	heet	BOW
heet.BOWnobound3lex.PPMIweight.LENGTH5000.SOCPOSnav	-0.36002411776693954	-0.11665707590702855	NA	NA	nobound	297	lex	3_3	1	weight	5000	5000	nav	4_4	316	heet	BOW
heet.BOWnobound3lex.PPMIweight.LENGTH5000.SOCPOSall	-0.27549093564746047	-0.8125783776361436	NA	NA	nobound	297	lex	3_3	1	weight	5000	5000	all	4_4	316	heet	BOW
heet.BOWnobound3lex.PPMIweight.LENGTHFOC.SOCPOSnav	-0.3307266637261208	0.06858793855141712	NA	NA	nobound	297	lex	3_3	1	weight	FOC	212	nav	4_4	316	heet	BOW
heet.BOWnobound3lex.PPMIweight.LENGTHFOC.SOCPOSall	-0.32267991378520905	0.04734861876113487	NA	NA	nobound	297	lex	3_3	1	weight	FOC	297	all	4_4	316	heet	BOW
heet.BOWnobound3lex.PPMIselection.LENGTH5000.SOCPOSnav	-0.40595757638300495	-0.14247866057397918	NA	NA	nobound	297	lex	3_3	1	selection	5000	5000	nav	4_4	316	heet	BOW
heet.BOWnobound3lex.PPMIselection.LENGTH5000.SOCPOSall	-0.2945223862701847	-0.8640796432944234	NA	NA	nobound	297	lex	3_3	1	selection	5000	5000	all	4_4	316	heet	BOW
heet.BOWnobound3lex.PPMIselection.LENGTHFOC.SOCPOSnav	-0.297901280181676	0.10052656812850685	NA	NA	nobound	297	lex	3_3	1	selection	FOC	212	nav	4_4	316	heet	BOW
heet.BOWnobound3lex.PPMIselection.LENGTHFOC.SOCPOSall	-0.2825022314612429	0.07740369186327369	NA	NA	nobound	297	lex	3_3	1	selection	FOC	297	all	4_4	316	heet	BOW
heet.BOWnobound3lex.PPMIno.LENGTH5000.SOCPOSnav	-0.5937071561499245	-0.16563328596892143	NA	NA	nobound	406	lex	3_3	1	no	5000	5000	nav	4_4	326	heet	BOW
heet.BOWnobound3lex.PPMIno.LENGTH5000.SOCPOSall	-0.3662762228890848	-1.1567623895597328	NA	NA	nobound	406	lex	3_3	1	no	5000	5000	all	4_4	326	heet	BOW
heet.BOWnobound3lex.PPMIno.LENGTHFOC.SOCPOSnav	-0.39628838067330213	0.09396677318402988	NA	NA	nobound	406	lex	3_3	1	no	FOC	301	nav	4_4	326	heet	BOW
heet.BOWnobound3lex.PPMIno.LENGTHFOC.SOCPOSall	-0.39549557861993734	0.06969922203638697	NA	NA	nobound	406	lex	3_3	1	no	FOC	406	all	4_4	326	heet	BOW
heet.BOWnobound3all.PPMIweight.LENGTH5000.SOCPOSnav	-0.2146529704138219	-0.22467515225600077	NA	NA	nobound	377	all	3_3	1	weight	5000	5000	nav	4_4	331	heet	BOW
heet.BOWnobound3all.PPMIweight.LENGTH5000.SOCPOSall	0.16060458412556775	-0.9656116082256643	NA	NA	nobound	377	all	3_3	1	weight	5000	5000	all	4_4	331	heet	BOW
heet.BOWnobound3all.PPMIweight.LENGTHFOC.SOCPOSnav	-0.2360344152202421	0.09759678646707902	NA	NA	nobound	377	all	3_3	1	weight	FOC	212	nav	4_4	331	heet	BOW
heet.BOWnobound3all.PPMIweight.LENGTHFOC.SOCPOSall	-0.21969586839855193	0.0609303192116924	NA	NA	nobound	377	all	3_3	1	weight	FOC	377	all	4_4	331	heet	BOW
heet.BOWnobound3all.PPMIselection.LENGTH5000.SOCPOSnav	0.8348940629834113	0.04788341880216209	NA	NA	nobound	377	all	3_3	1	selection	5000	5000	nav	4_4	331	heet	BOW
heet.BOWnobound3all.PPMIselection.LENGTH5000.SOCPOSall	1.417769010640005	-0.6600745768636573	NA	NA	nobound	377	all	3_3	1	selection	5000	5000	all	4_4	331	heet	BOW
heet.BOWnobound3all.PPMIselection.LENGTHFOC.SOCPOSnav	0.10219958677616602	0.1986071162634121	NA	NA	nobound	377	all	3_3	1	selection	FOC	212	nav	4_4	331	heet	BOW
heet.BOWnobound3all.PPMIselection.LENGTHFOC.SOCPOSall	0.17308614764852365	0.17244302575245407	NA	NA	nobound	377	all	3_3	1	selection	FOC	377	all	4_4	331	heet	BOW
heet.BOWnobound3all.PPMIno.LENGTH5000.SOCPOSnav	0.9839698728131292	0.2209011052930691	NA	NA	nobound	560	all	3_3	1	no	5000	5000	nav	4_4	332	heet	BOW
heet.BOWnobound3all.PPMIno.LENGTH5000.SOCPOSall	1.8633558328954878	-0.6350337633794106	NA	NA	nobound	560	all	3_3	1	no	5000	5000	all	4_4	332	heet	BOW
heet.BOWnobound3all.PPMIno.LENGTHFOC.SOCPOSnav	0.18126350470298153	0.2713955059657877	NA	NA	nobound	560	all	3_3	1	no	FOC	301	nav	4_4	332	heet	BOW
heet.BOWnobound3all.PPMIno.LENGTHFOC.SOCPOSall	0.258416139141148	0.2551216316762511	NA	NA	nobound	560	all	3_3	1	no	FOC	560	all	4_4	332	heet	BOW
heet.LEMMAPATHselection2.PPMIweight.LENGTH5000.SOCPOSnav	0.040758069972305196	-0.3459441147766697	selection2	NA	bound	233	NA	NA	1	weight	5000	5000	nav	4_4	329	heet	LEMMAPATH
heet.LEMMAPATHselection2.PPMIweight.LENGTH5000.SOCPOSall	0.33780245244445345	-1.030072457984625	selection2	NA	bound	233	NA	NA	1	weight	5000	5000	all	4_4	329	heet	LEMMAPATH
heet.LEMMAPATHselection2.PPMIweight.LENGTHFOC.SOCPOSnav	-0.04021046349248506	-0.034646821705282355	selection2	NA	bound	233	NA	NA	1	weight	FOC	148	nav	4_4	329	heet	LEMMAPATH
heet.LEMMAPATHselection2.PPMIweight.LENGTHFOC.SOCPOSall	-0.04483056120208132	-0.024842268660574887	selection2	NA	bound	233	NA	NA	1	weight	FOC	233	all	4_4	329	heet	LEMMAPATH
heet.LEMMAPATHselection2.PPMIselection.LENGTH5000.SOCPOSnav	0.8048436284501769	-0.30374004528540455	selection2	NA	bound	233	NA	NA	1	selection	5000	5000	nav	4_4	329	heet	LEMMAPATH
heet.LEMMAPATHselection2.PPMIselection.LENGTH5000.SOCPOSall	1.1478400516662746	-0.9167459422660997	selection2	NA	bound	233	NA	NA	1	selection	5000	5000	all	4_4	329	heet	LEMMAPATH
heet.LEMMAPATHselection2.PPMIselection.LENGTHFOC.SOCPOSnav	0.27556890693770847	-0.031212640849587945	selection2	NA	bound	233	NA	NA	1	selection	FOC	148	nav	4_4	329	heet	LEMMAPATH
heet.LEMMAPATHselection2.PPMIselection.LENGTHFOC.SOCPOSall	0.28678379776917173	-0.03290239253251588	selection2	NA	bound	233	NA	NA	1	selection	FOC	233	all	4_4	329	heet	LEMMAPATH
heet.LEMMAPATHselection2.PPMIno.LENGTH5000.SOCPOSnav	0.9807355623898009	-0.2946505838576988	selection2	NA	bound	335	NA	NA	1	no	5000	5000	nav	4_4	330	heet	LEMMAPATH
heet.LEMMAPATHselection2.PPMIno.LENGTH5000.SOCPOSall	1.4974843556808455	-0.9893447363088881	selection2	NA	bound	335	NA	NA	1	no	5000	5000	all	4_4	330	heet	LEMMAPATH
heet.LEMMAPATHselection2.PPMIno.LENGTHFOC.SOCPOSnav	0.30899232146633404	-0.0056969596277338394	selection2	NA	bound	335	NA	NA	1	no	FOC	195	nav	4_4	330	heet	LEMMAPATH
heet.LEMMAPATHselection2.PPMIno.LENGTHFOC.SOCPOSall	0.3455949606437215	-0.013902384913798724	selection2	NA	bound	335	NA	NA	1	no	FOC	335	all	4_4	330	heet	LEMMAPATH
heet.LEMMAPATHselection3.PPMIweight.LENGTH5000.SOCPOSnav	-0.18481164026270405	-0.18429401238677107	selection3	NA	bound	366	NA	NA	1	weight	5000	5000	nav	4_4	331	heet	LEMMAPATH
heet.LEMMAPATHselection3.PPMIweight.LENGTH5000.SOCPOSall	0.22409353748347963	-0.8878458119407578	selection3	NA	bound	366	NA	NA	1	weight	5000	5000	all	4_4	331	heet	LEMMAPATH
heet.LEMMAPATHselection3.PPMIweight.LENGTHFOC.SOCPOSnav	-0.1917408689205984	0.16864464806326182	selection3	NA	bound	366	NA	NA	1	weight	FOC	215	nav	4_4	331	heet	LEMMAPATH
heet.LEMMAPATHselection3.PPMIweight.LENGTHFOC.SOCPOSall	-0.17467655114375497	0.1397763212673433	selection3	NA	bound	366	NA	NA	1	weight	FOC	366	all	4_4	331	heet	LEMMAPATH
heet.LEMMAPATHselection3.PPMIselection.LENGTH5000.SOCPOSnav	0.7624963751743639	-0.020324422947498148	selection3	NA	bound	366	NA	NA	1	selection	5000	5000	nav	4_4	331	heet	LEMMAPATH
heet.LEMMAPATHselection3.PPMIselection.LENGTH5000.SOCPOSall	1.3159493978070012	-0.7514132830648086	selection3	NA	bound	366	NA	NA	1	selection	5000	5000	all	4_4	331	heet	LEMMAPATH
heet.LEMMAPATHselection3.PPMIselection.LENGTHFOC.SOCPOSnav	0.14035194375406285	0.1708233636228089	selection3	NA	bound	366	NA	NA	1	selection	FOC	215	nav	4_4	331	heet	LEMMAPATH
heet.LEMMAPATHselection3.PPMIselection.LENGTHFOC.SOCPOSall	0.17619373151300693	0.13686449162330913	selection3	NA	bound	366	NA	NA	1	selection	FOC	366	all	4_4	331	heet	LEMMAPATH
heet.LEMMAPATHselection3.PPMIno.LENGTH5000.SOCPOSnav	0.9854620197393221	0.13380859313637147	selection3	NA	bound	608	NA	NA	1	no	5000	5000	nav	4_4	331	heet	LEMMAPATH
heet.LEMMAPATHselection3.PPMIno.LENGTH5000.SOCPOSall	1.793495652110221	-0.741121570763381	selection3	NA	bound	608	NA	NA	1	no	5000	5000	all	4_4	331	heet	LEMMAPATH
heet.LEMMAPATHselection3.PPMIno.LENGTHFOC.SOCPOSnav	0.23310702162529023	0.27480125384657866	selection3	NA	bound	608	NA	NA	1	no	FOC	348	nav	4_4	331	heet	LEMMAPATH
heet.LEMMAPATHselection3.PPMIno.LENGTHFOC.SOCPOSall	0.2963419638441177	0.23382983566059207	selection3	NA	bound	608	NA	NA	1	no	FOC	608	all	4_4	331	heet	LEMMAPATH
heet.LEMMAPATHweight.PPMIselection.LENGTH5000.SOCPOSnav	0.7624963751743639	-0.020324422947498148	weight	NA	bound	366	NA	NA	1	selection	5000	5000	nav	4_4	331	heet	LEMMAPATH
heet.LEMMAPATHweight.PPMIselection.LENGTH5000.SOCPOSall	1.3159493978070012	-0.7514132830648086	weight	NA	bound	366	NA	NA	1	selection	5000	5000	all	4_4	331	heet	LEMMAPATH
heet.LEMMAPATHweight.PPMIselection.LENGTHFOC.SOCPOSnav	0.14035194375406285	0.1708233636228089	weight	NA	bound	366	NA	NA	1	selection	FOC	215	nav	4_4	331	heet	LEMMAPATH
heet.LEMMAPATHweight.PPMIselection.LENGTHFOC.SOCPOSall	0.17619373151300693	0.13686449162330913	weight	NA	bound	366	NA	NA	1	selection	FOC	366	all	4_4	331	heet	LEMMAPATH
heet.LEMMAPATHweight.PPMIno.LENGTH5000.SOCPOSnav	0.6471017639631899	-0.10586409109443114	weight	NA	bound	608	NA	NA	1	no	5000	5000	nav	4_4	331	heet	LEMMAPATH
heet.LEMMAPATHweight.PPMIno.LENGTH5000.SOCPOSall	1.2847233986237738	-0.7829210527167461	weight	NA	bound	608	NA	NA	1	no	5000	5000	all	4_4	331	heet	LEMMAPATH
heet.LEMMAPATHweight.PPMIno.LENGTHFOC.SOCPOSnav	0.14294506617035563	0.08603738871060604	weight	NA	bound	608	NA	NA	1	no	FOC	348	nav	4_4	331	heet	LEMMAPATH
heet.LEMMAPATHweight.PPMIno.LENGTHFOC.SOCPOSall	0.18903371325641055	0.06509224781309259	weight	NA	bound	608	NA	NA	1	no	FOC	608	all	4_4	331	heet	LEMMAPATH
heet.LEMMAREL1.PPMIweight.LENGTH5000.SOCPOSnav	-0.06540076391859571	-0.17127817030532583	NA	group1	bound	111	NA	NA	1	weight	5000	5000	nav	4_4	280	heet	LEMMAREL
heet.LEMMAREL1.PPMIweight.LENGTH5000.SOCPOSall	0.08972061224235989	-0.6147732505000976	NA	group1	bound	111	NA	NA	1	weight	5000	5000	all	4_4	280	heet	LEMMAREL
heet.LEMMAREL1.PPMIweight.LENGTHFOC.SOCPOSnav	-0.020883072370700462	-0.1570843810372238	NA	group1	bound	111	NA	NA	1	weight	FOC	85	nav	4_4	280	heet	LEMMAREL
heet.LEMMAREL1.PPMIweight.LENGTHFOC.SOCPOSall	-0.018580218727724074	-0.14702570505181764	NA	group1	bound	111	NA	NA	1	weight	FOC	111	all	4_4	280	heet	LEMMAREL
heet.LEMMAREL1.PPMIselection.LENGTH5000.SOCPOSnav	-0.06063482232247265	-0.18740108963880822	NA	group1	bound	111	NA	NA	1	selection	5000	5000	nav	4_4	280	heet	LEMMAREL
heet.LEMMAREL1.PPMIselection.LENGTH5000.SOCPOSall	0.10584442576361533	-0.6408611517451511	NA	group1	bound	111	NA	NA	1	selection	5000	5000	all	4_4	280	heet	LEMMAREL
heet.LEMMAREL1.PPMIselection.LENGTHFOC.SOCPOSnav	0.006965361335119108	-0.15591558391691898	NA	group1	bound	111	NA	NA	1	selection	FOC	85	nav	4_4	280	heet	LEMMAREL
heet.LEMMAREL1.PPMIselection.LENGTHFOC.SOCPOSall	0.003500324950138827	-0.14793901056656555	NA	group1	bound	111	NA	NA	1	selection	FOC	111	all	4_4	280	heet	LEMMAREL
heet.LEMMAREL1.PPMIno.LENGTH5000.SOCPOSnav	-0.06890812847861098	-0.22070871663991282	NA	group1	bound	131	NA	NA	1	no	5000	5000	nav	4_4	290	heet	LEMMAREL
heet.LEMMAREL1.PPMIno.LENGTH5000.SOCPOSall	0.11824343710017558	-0.7176578749102763	NA	group1	bound	131	NA	NA	1	no	5000	5000	all	4_4	290	heet	LEMMAREL
heet.LEMMAREL1.PPMIno.LENGTHFOC.SOCPOSnav	0.010693130447501784	-0.19651301477340274	NA	group1	bound	131	NA	NA	1	no	FOC	94	nav	4_4	290	heet	LEMMAREL
heet.LEMMAREL1.PPMIno.LENGTHFOC.SOCPOSall	0.006617469265079721	-0.17998124662193887	NA	group1	bound	131	NA	NA	1	no	FOC	131	all	4_4	290	heet	LEMMAREL
heet.LEMMAREL2.PPMIweight.LENGTH5000.SOCPOSnav	-0.09567503564681197	-0.21336905591777525	NA	group2	bound	155	NA	NA	1	weight	5000	5000	nav	4_4	299	heet	LEMMAREL
heet.LEMMAREL2.PPMIweight.LENGTH5000.SOCPOSall	0.14794358428623947	-0.7399362285966977	NA	group2	bound	155	NA	NA	1	weight	5000	5000	all	4_4	299	heet	LEMMAREL
heet.LEMMAREL2.PPMIweight.LENGTHFOC.SOCPOSnav	-0.10052719816608324	-0.1389420018951183	NA	group2	bound	155	NA	NA	1	weight	FOC	111	nav	4_4	299	heet	LEMMAREL
heet.LEMMAREL2.PPMIweight.LENGTHFOC.SOCPOSall	-0.09662421835919902	-0.12490792750450909	NA	group2	bound	155	NA	NA	1	weight	FOC	155	all	4_4	299	heet	LEMMAREL
heet.LEMMAREL2.PPMIselection.LENGTH5000.SOCPOSnav	0.01563998713248538	-0.2439500651089945	NA	group2	bound	155	NA	NA	1	selection	5000	5000	nav	4_4	299	heet	LEMMAREL
heet.LEMMAREL2.PPMIselection.LENGTH5000.SOCPOSall	0.25933437332748793	-0.7835397183877246	NA	group2	bound	155	NA	NA	1	selection	5000	5000	all	4_4	299	heet	LEMMAREL
heet.LEMMAREL2.PPMIselection.LENGTHFOC.SOCPOSnav	-0.03743155302389367	-0.13771878127725984	NA	group2	bound	155	NA	NA	1	selection	FOC	111	nav	4_4	299	heet	LEMMAREL
heet.LEMMAREL2.PPMIselection.LENGTHFOC.SOCPOSall	-0.03427872550742524	-0.12737673703847438	NA	group2	bound	155	NA	NA	1	selection	FOC	155	all	4_4	299	heet	LEMMAREL
heet.LEMMAREL2.PPMIno.LENGTH5000.SOCPOSnav	0.04464837757473968	-0.2941621111852786	NA	group2	bound	199	NA	NA	1	no	5000	5000	nav	4_4	308	heet	LEMMAREL
heet.LEMMAREL2.PPMIno.LENGTH5000.SOCPOSall	0.35824758638105536	-0.9589601857503987	NA	group2	bound	199	NA	NA	1	no	5000	5000	all	4_4	308	heet	LEMMAREL
heet.LEMMAREL2.PPMIno.LENGTHFOC.SOCPOSnav	-0.035113526908664636	-0.20761979003906705	NA	group2	bound	199	NA	NA	1	no	FOC	136	nav	4_4	308	heet	LEMMAREL
heet.LEMMAREL2.PPMIno.LENGTHFOC.SOCPOSall	-0.016998828713127134	-0.19829058608328567	NA	group2	bound	199	NA	NA	1	no	FOC	199	all	4_4	308	heet	LEMMAREL
