_model	model.x	model.y	LEMMAPATH	LEMMAREL	foc_base	foc_boundaries	foc_context_words	foc_foc_pos	foc_foc_win	foc_minimum_features	foc_ppmi	soc_length	soc_length_num	soc_soc_pos	soc_soc_win	stress	tokens	type
haken.BOWbound10lex.PPMIweight.LENGTH5000.SOCPOSnav	-0.9325865870950735	-0.2549660874585387	NA	NA	BOW	bound	375	lex	10_10	1	weight	5000	5000	nav	4_4	NA	246	haken
haken.BOWbound10lex.PPMIweight.LENGTH5000.SOCPOSall	-1.3588801240641966	-0.18243654633248627	NA	NA	BOW	bound	375	lex	10_10	1	weight	5000	5000	all	4_4	NA	246	haken
haken.BOWbound10lex.PPMIweight.LENGTHFOC.SOCPOSnav	-0.8336617892141555	-0.28889181633024347	NA	NA	BOW	bound	375	lex	10_10	1	weight	FOC	258	nav	4_4	NA	246	haken
haken.BOWbound10lex.PPMIweight.LENGTHFOC.SOCPOSall	-0.8117241078558676	-0.2922256254147667	NA	NA	BOW	bound	375	lex	10_10	1	weight	FOC	375	all	4_4	NA	246	haken
haken.BOWbound10lex.PPMIselection.LENGTH5000.SOCPOSnav	-1.0052309469074676	-0.3896071735169338	NA	NA	BOW	bound	375	lex	10_10	1	selection	5000	5000	nav	4_4	NA	246	haken
haken.BOWbound10lex.PPMIselection.LENGTH5000.SOCPOSall	-1.423578750844609	-0.525855926009154	NA	NA	BOW	bound	375	lex	10_10	1	selection	5000	5000	all	4_4	NA	246	haken
haken.BOWbound10lex.PPMIselection.LENGTHFOC.SOCPOSnav	-0.827583637250617	-0.365548872713534	NA	NA	BOW	bound	375	lex	10_10	1	selection	FOC	258	nav	4_4	NA	246	haken
haken.BOWbound10lex.PPMIselection.LENGTHFOC.SOCPOSall	-0.8119127022903955	-0.3845026220395637	NA	NA	BOW	bound	375	lex	10_10	1	selection	FOC	375	all	4_4	NA	246	haken
haken.BOWbound10lex.PPMIno.LENGTH5000.SOCPOSnav	-1.1879290099132456	-0.87134189348754	NA	NA	BOW	bound	722	lex	10_10	1	no	5000	5000	nav	4_4	NA	249	haken
haken.BOWbound10lex.PPMIno.LENGTH5000.SOCPOSall	-1.240242536459037	-1.3175338917189765	NA	NA	BOW	bound	722	lex	10_10	1	no	5000	5000	all	4_4	NA	249	haken
haken.BOWbound10lex.PPMIno.LENGTHFOC.SOCPOSnav	-0.9511852351295635	-0.8026003583365249	NA	NA	BOW	bound	722	lex	10_10	1	no	FOC	521	nav	4_4	NA	249	haken
haken.BOWbound10lex.PPMIno.LENGTHFOC.SOCPOSall	-0.9307866254016357	-0.8014301734956626	NA	NA	BOW	bound	722	lex	10_10	1	no	FOC	722	all	4_4	NA	249	haken
haken.BOWbound10all.PPMIweight.LENGTH5000.SOCPOSnav	-0.042248644992248674	-0.20638340775641492	NA	NA	BOW	bound	556	all	10_10	1	weight	5000	5000	nav	4_4	NA	251	haken
haken.BOWbound10all.PPMIweight.LENGTH5000.SOCPOSall	0.16877828547222512	-0.26909119797840114	NA	NA	BOW	bound	556	all	10_10	1	weight	5000	5000	all	4_4	NA	251	haken
haken.BOWbound10all.PPMIweight.LENGTHFOC.SOCPOSnav	-0.1104017179558278	-0.21510744653645747	NA	NA	BOW	bound	556	all	10_10	1	weight	FOC	258	nav	4_4	NA	251	haken
haken.BOWbound10all.PPMIweight.LENGTHFOC.SOCPOSall	-0.0928829493970061	-0.21536138951426992	NA	NA	BOW	bound	556	all	10_10	1	weight	FOC	556	all	4_4	NA	251	haken
haken.BOWbound10all.PPMIselection.LENGTH5000.SOCPOSnav	0.5561555619972126	-0.6041556211338168	NA	NA	BOW	bound	556	all	10_10	1	selection	5000	5000	nav	4_4	NA	251	haken
haken.BOWbound10all.PPMIselection.LENGTH5000.SOCPOSall	1.0471093528846755	-0.8620790221771031	NA	NA	BOW	bound	556	all	10_10	1	selection	5000	5000	all	4_4	NA	251	haken
haken.BOWbound10all.PPMIselection.LENGTHFOC.SOCPOSnav	0.15069981103192534	-0.44469838368381276	NA	NA	BOW	bound	556	all	10_10	1	selection	FOC	258	nav	4_4	NA	251	haken
haken.BOWbound10all.PPMIselection.LENGTHFOC.SOCPOSall	0.16286024746636654	-0.46105402733974943	NA	NA	BOW	bound	556	all	10_10	1	selection	FOC	556	all	4_4	NA	251	haken
haken.BOWbound10all.PPMIno.LENGTH5000.SOCPOSnav	0.5212100118428625	-1.1479463700827433	NA	NA	BOW	bound	1040	all	10_10	1	no	5000	5000	nav	4_4	NA	251	haken
haken.BOWbound10all.PPMIno.LENGTH5000.SOCPOSall	1.2375027627701187	-1.4188974144202313	NA	NA	BOW	bound	1040	all	10_10	1	no	5000	5000	all	4_4	NA	251	haken
haken.BOWbound10all.PPMIno.LENGTHFOC.SOCPOSnav	0.08821292803019404	-0.8996027224249602	NA	NA	BOW	bound	1040	all	10_10	1	no	FOC	521	nav	4_4	NA	251	haken
haken.BOWbound10all.PPMIno.LENGTHFOC.SOCPOSall	0.10987929486223376	-0.8961901198654479	NA	NA	BOW	bound	1040	all	10_10	1	no	FOC	1040	all	4_4	NA	251	haken
haken.BOWbound5lex.PPMIweight.LENGTH5000.SOCPOSnav	-1.0586618389351754	0.1441118247662381	NA	NA	BOW	bound	320	lex	5_5	1	weight	5000	5000	nav	4_4	NA	244	haken
haken.BOWbound5lex.PPMIweight.LENGTH5000.SOCPOSall	-1.422661919446174	0.4817742126344649	NA	NA	BOW	bound	320	lex	5_5	1	weight	5000	5000	all	4_4	NA	244	haken
haken.BOWbound5lex.PPMIweight.LENGTHFOC.SOCPOSnav	-0.9428539766721132	0.04473537928455607	NA	NA	BOW	bound	320	lex	5_5	1	weight	FOC	218	nav	4_4	NA	244	haken
haken.BOWbound5lex.PPMIweight.LENGTHFOC.SOCPOSall	-0.9101603487653026	0.029419581378588043	NA	NA	BOW	bound	320	lex	5_5	1	weight	FOC	320	all	4_4	NA	244	haken
haken.BOWbound5lex.PPMIselection.LENGTH5000.SOCPOSnav	-1.1410938156288266	0.11094101236649277	NA	NA	BOW	bound	320	lex	5_5	1	selection	5000	5000	nav	4_4	NA	244	haken
haken.BOWbound5lex.PPMIselection.LENGTH5000.SOCPOSall	-1.5291487892620141	0.3513813259783352	NA	NA	BOW	bound	320	lex	5_5	1	selection	5000	5000	all	4_4	NA	244	haken
haken.BOWbound5lex.PPMIselection.LENGTHFOC.SOCPOSnav	-0.908004236438108	-0.02374215923745197	NA	NA	BOW	bound	320	lex	5_5	1	selection	FOC	218	nav	4_4	NA	244	haken
haken.BOWbound5lex.PPMIselection.LENGTHFOC.SOCPOSall	-0.8791180543121365	-0.02854633389044665	NA	NA	BOW	bound	320	lex	5_5	1	selection	FOC	320	all	4_4	NA	244	haken
haken.BOWbound5lex.PPMIno.LENGTH5000.SOCPOSnav	-1.423917536075022	-0.007243053279115345	NA	NA	BOW	bound	440	lex	5_5	1	no	5000	5000	nav	4_4	NA	247	haken
haken.BOWbound5lex.PPMIno.LENGTH5000.SOCPOSall	-1.7882168573235822	0.14667145925592556	NA	NA	BOW	bound	440	lex	5_5	1	no	5000	5000	all	4_4	NA	247	haken
haken.BOWbound5lex.PPMIno.LENGTHFOC.SOCPOSnav	-1.098503263038936	-0.1326903698791107	NA	NA	BOW	bound	440	lex	5_5	1	no	FOC	305	nav	4_4	NA	247	haken
haken.BOWbound5lex.PPMIno.LENGTHFOC.SOCPOSall	-1.0832033757410335	-0.15371165448364676	NA	NA	BOW	bound	440	lex	5_5	1	no	FOC	440	all	4_4	NA	247	haken
haken.BOWbound5all.PPMIweight.LENGTH5000.SOCPOSnav	-0.10143855315721254	0.12112928469577586	NA	NA	BOW	bound	474	all	5_5	1	weight	5000	5000	nav	4_4	NA	251	haken
haken.BOWbound5all.PPMIweight.LENGTH5000.SOCPOSall	0.15509144265417993	0.3146367926814977	NA	NA	BOW	bound	474	all	5_5	1	weight	5000	5000	all	4_4	NA	251	haken
haken.BOWbound5all.PPMIweight.LENGTHFOC.SOCPOSnav	-0.20121528626930832	0.037950842705744156	NA	NA	BOW	bound	474	all	5_5	1	weight	FOC	218	nav	4_4	NA	251	haken
haken.BOWbound5all.PPMIweight.LENGTHFOC.SOCPOSall	-0.15989933374547113	0.018081526239035122	NA	NA	BOW	bound	474	all	5_5	1	weight	FOC	474	all	4_4	NA	251	haken
haken.BOWbound5all.PPMIselection.LENGTH5000.SOCPOSnav	0.5868501424050313	-0.3320192817993296	NA	NA	BOW	bound	474	all	5_5	1	selection	5000	5000	nav	4_4	NA	251	haken
haken.BOWbound5all.PPMIselection.LENGTH5000.SOCPOSall	1.189320484379517	-0.44290609070589493	NA	NA	BOW	bound	474	all	5_5	1	selection	5000	5000	all	4_4	NA	251	haken
haken.BOWbound5all.PPMIselection.LENGTHFOC.SOCPOSnav	0.1148882089460704	-0.12837596255864062	NA	NA	BOW	bound	474	all	5_5	1	selection	FOC	218	nav	4_4	NA	251	haken
haken.BOWbound5all.PPMIselection.LENGTHFOC.SOCPOSall	0.13024424314212568	-0.12974826561978967	NA	NA	BOW	bound	474	all	5_5	1	selection	FOC	474	all	4_4	NA	251	haken
haken.BOWbound5all.PPMIno.LENGTH5000.SOCPOSnav	0.7825308997261149	-0.76999314532135	NA	NA	BOW	bound	658	all	5_5	1	no	5000	5000	nav	4_4	NA	251	haken
haken.BOWbound5all.PPMIno.LENGTH5000.SOCPOSall	1.5583107027155254	-0.895361512030345	NA	NA	BOW	bound	658	all	5_5	1	no	5000	5000	all	4_4	NA	251	haken
haken.BOWbound5all.PPMIno.LENGTHFOC.SOCPOSnav	0.15699030453001986	-0.40275849068989383	NA	NA	BOW	bound	658	all	5_5	1	no	FOC	305	nav	4_4	NA	251	haken
haken.BOWbound5all.PPMIno.LENGTHFOC.SOCPOSall	0.16869172149962597	-0.39723170042982403	NA	NA	BOW	bound	658	all	5_5	1	no	FOC	658	all	4_4	NA	251	haken
haken.BOWbound3lex.PPMIweight.LENGTH5000.SOCPOSnav	-0.7166668525671991	0.5382449084589982	NA	NA	BOW	bound	216	lex	3_3	1	weight	5000	5000	nav	4_4	NA	225	haken
haken.BOWbound3lex.PPMIweight.LENGTH5000.SOCPOSall	-0.7470428298019136	1.0696715690076877	NA	NA	BOW	bound	216	lex	3_3	1	weight	5000	5000	all	4_4	NA	225	haken
haken.BOWbound3lex.PPMIweight.LENGTHFOC.SOCPOSnav	-0.6619259103490228	0.4113473326380595	NA	NA	BOW	bound	216	lex	3_3	1	weight	FOC	145	nav	4_4	NA	225	haken
haken.BOWbound3lex.PPMIweight.LENGTHFOC.SOCPOSall	-0.6271991246118697	0.3924697404298058	NA	NA	BOW	bound	216	lex	3_3	1	weight	FOC	216	all	4_4	NA	225	haken
haken.BOWbound3lex.PPMIselection.LENGTH5000.SOCPOSnav	-0.766646616816193	0.5577394454232054	NA	NA	BOW	bound	216	lex	3_3	1	selection	5000	5000	nav	4_4	NA	225	haken
haken.BOWbound3lex.PPMIselection.LENGTH5000.SOCPOSall	-0.7768405677281852	1.0274774165235216	NA	NA	BOW	bound	216	lex	3_3	1	selection	5000	5000	all	4_4	NA	225	haken
haken.BOWbound3lex.PPMIselection.LENGTHFOC.SOCPOSnav	-0.6526717812765149	0.3699008513347296	NA	NA	BOW	bound	216	lex	3_3	1	selection	FOC	145	nav	4_4	NA	225	haken
haken.BOWbound3lex.PPMIselection.LENGTHFOC.SOCPOSall	-0.6255611376105005	0.36471401887172833	NA	NA	BOW	bound	216	lex	3_3	1	selection	FOC	216	all	4_4	NA	225	haken
haken.BOWbound3lex.PPMIno.LENGTH5000.SOCPOSnav	-1.0521809403218745	0.6788264030597803	NA	NA	BOW	bound	267	lex	3_3	1	no	5000	5000	nav	4_4	NA	230	haken
haken.BOWbound3lex.PPMIno.LENGTH5000.SOCPOSall	-0.9621433725985375	1.1848679559030104	NA	NA	BOW	bound	267	lex	3_3	1	no	5000	5000	all	4_4	NA	230	haken
haken.BOWbound3lex.PPMIno.LENGTHFOC.SOCPOSnav	-0.8139565292261975	0.4384346275575403	NA	NA	BOW	bound	267	lex	3_3	1	no	FOC	185	nav	4_4	NA	230	haken
haken.BOWbound3lex.PPMIno.LENGTHFOC.SOCPOSall	-0.8197694186185281	0.45472740289380204	NA	NA	BOW	bound	267	lex	3_3	1	no	FOC	267	all	4_4	NA	230	haken
haken.BOWbound3all.PPMIweight.LENGTH5000.SOCPOSnav	-0.060005118161639205	0.9421444612079679	NA	NA	BOW	bound	342	all	3_3	1	weight	5000	5000	nav	4_4	NA	251	haken
haken.BOWbound3all.PPMIweight.LENGTH5000.SOCPOSall	0.2119884694346673	1.2560089211454908	NA	NA	BOW	bound	342	all	3_3	1	weight	5000	5000	all	4_4	NA	251	haken
haken.BOWbound3all.PPMIweight.LENGTHFOC.SOCPOSnav	-0.19897692031562267	0.7648789911234534	NA	NA	BOW	bound	342	all	3_3	1	weight	FOC	145	nav	4_4	NA	251	haken
haken.BOWbound3all.PPMIweight.LENGTHFOC.SOCPOSall	-0.14033017939706008	0.7163832941589874	NA	NA	BOW	bound	342	all	3_3	1	weight	FOC	342	all	4_4	NA	251	haken
haken.BOWbound3all.PPMIselection.LENGTH5000.SOCPOSnav	0.4039474770048735	0.9881159810017093	NA	NA	BOW	bound	342	all	3_3	1	selection	5000	5000	nav	4_4	NA	251	haken
haken.BOWbound3all.PPMIselection.LENGTH5000.SOCPOSall	0.845515886250082	1.3188712999726826	NA	NA	BOW	bound	342	all	3_3	1	selection	5000	5000	all	4_4	NA	251	haken
haken.BOWbound3all.PPMIselection.LENGTHFOC.SOCPOSnav	0.09294167333510846	0.6361359393063257	NA	NA	BOW	bound	342	all	3_3	1	selection	FOC	145	nav	4_4	NA	251	haken
haken.BOWbound3all.PPMIselection.LENGTHFOC.SOCPOSall	0.14305566653904583	0.6094333497562734	NA	NA	BOW	bound	342	all	3_3	1	selection	FOC	342	all	4_4	NA	251	haken
haken.BOWbound3all.PPMIno.LENGTH5000.SOCPOSnav	0.605524111763069	1.2380486177128553	NA	NA	BOW	bound	427	all	3_3	1	no	5000	5000	nav	4_4	NA	251	haken
haken.BOWbound3all.PPMIno.LENGTH5000.SOCPOSall	1.1765115358042886	1.434145538702503	NA	NA	BOW	bound	427	all	3_3	1	no	5000	5000	all	4_4	NA	251	haken
haken.BOWbound3all.PPMIno.LENGTHFOC.SOCPOSnav	0.18816466530529632	0.7450080549443079	NA	NA	BOW	bound	427	all	3_3	1	no	FOC	185	nav	4_4	NA	251	haken
haken.BOWbound3all.PPMIno.LENGTHFOC.SOCPOSall	0.22367896700179377	0.696860944713208	NA	NA	BOW	bound	427	all	3_3	1	no	FOC	427	all	4_4	NA	251	haken
haken.BOWnobound10lex.PPMIweight.LENGTH5000.SOCPOSnav	-1.0530949677539987	-0.38921862016618924	NA	NA	BOW	nobound	463	lex	10_10	1	weight	5000	5000	nav	4_4	NA	248	haken
haken.BOWnobound10lex.PPMIweight.LENGTH5000.SOCPOSall	-1.401532576720993	-0.4049383852632232	NA	NA	BOW	nobound	463	lex	10_10	1	weight	5000	5000	all	4_4	NA	248	haken
haken.BOWnobound10lex.PPMIweight.LENGTHFOC.SOCPOSnav	-1.0520418321336782	-0.509880457905677	NA	NA	BOW	nobound	463	lex	10_10	1	weight	FOC	319	nav	4_4	NA	248	haken
haken.BOWnobound10lex.PPMIweight.LENGTHFOC.SOCPOSall	-0.9890822662803447	-0.4839914565392377	NA	NA	BOW	nobound	463	lex	10_10	1	weight	FOC	463	all	4_4	NA	248	haken
haken.BOWnobound10lex.PPMIselection.LENGTH5000.SOCPOSnav	-1.2160058500357174	-0.5695867838163723	NA	NA	BOW	nobound	463	lex	10_10	1	selection	5000	5000	nav	4_4	NA	248	haken
haken.BOWnobound10lex.PPMIselection.LENGTH5000.SOCPOSall	-1.5314530823531924	-0.6982317833441393	NA	NA	BOW	nobound	463	lex	10_10	1	selection	5000	5000	all	4_4	NA	248	haken
haken.BOWnobound10lex.PPMIselection.LENGTHFOC.SOCPOSnav	-1.0506535678968822	-0.5905744786702625	NA	NA	BOW	nobound	463	lex	10_10	1	selection	FOC	319	nav	4_4	NA	248	haken
haken.BOWnobound10lex.PPMIselection.LENGTHFOC.SOCPOSall	-0.9947658952547836	-0.5827089879092581	NA	NA	BOW	nobound	463	lex	10_10	1	selection	FOC	463	all	4_4	NA	248	haken
haken.BOWnobound10lex.PPMIno.LENGTH5000.SOCPOSnav	-1.360477281978338	-1.0521838634907672	NA	NA	BOW	nobound	1030	lex	10_10	1	no	5000	5000	nav	4_4	NA	250	haken
haken.BOWnobound10lex.PPMIno.LENGTH5000.SOCPOSall	-1.337148111904124	-1.503749037284317	NA	NA	BOW	nobound	1030	lex	10_10	1	no	5000	5000	all	4_4	NA	250	haken
haken.BOWnobound10lex.PPMIno.LENGTHFOC.SOCPOSnav	-1.1388551493288697	-1.0011024172427803	NA	NA	BOW	nobound	1030	lex	10_10	1	no	FOC	734	nav	4_4	NA	250	haken
haken.BOWnobound10lex.PPMIno.LENGTHFOC.SOCPOSall	-1.0924217138753711	-1.01167529175863	NA	NA	BOW	nobound	1030	lex	10_10	1	no	FOC	1030	all	4_4	NA	250	haken
haken.BOWnobound10all.PPMIweight.LENGTH5000.SOCPOSnav	-0.1056875471079571	-0.32040794676434964	NA	NA	BOW	nobound	675	all	10_10	1	weight	5000	5000	nav	4_4	NA	251	haken
haken.BOWnobound10all.PPMIweight.LENGTH5000.SOCPOSall	-0.018939082936684566	-0.6054172765654137	NA	NA	BOW	nobound	675	all	10_10	1	weight	5000	5000	all	4_4	NA	251	haken
haken.BOWnobound10all.PPMIweight.LENGTHFOC.SOCPOSnav	-0.18490703330686029	-0.34967417449513116	NA	NA	BOW	nobound	675	all	10_10	1	weight	FOC	319	nav	4_4	NA	251	haken
haken.BOWnobound10all.PPMIweight.LENGTHFOC.SOCPOSall	-0.15182704212671877	-0.33695518015245474	NA	NA	BOW	nobound	675	all	10_10	1	weight	FOC	675	all	4_4	NA	251	haken
haken.BOWnobound10all.PPMIselection.LENGTH5000.SOCPOSnav	0.3755228686996345	-0.8403686862445592	NA	NA	BOW	nobound	675	all	10_10	1	selection	5000	5000	nav	4_4	NA	251	haken
haken.BOWnobound10all.PPMIselection.LENGTH5000.SOCPOSall	0.8696031105863435	-1.3180590395980822	NA	NA	BOW	nobound	675	all	10_10	1	selection	5000	5000	all	4_4	NA	251	haken
haken.BOWnobound10all.PPMIselection.LENGTHFOC.SOCPOSnav	0.014478957946464806	-0.6280320084766099	NA	NA	BOW	nobound	675	all	10_10	1	selection	FOC	319	nav	4_4	NA	251	haken
haken.BOWnobound10all.PPMIselection.LENGTHFOC.SOCPOSall	0.03272586700228709	-0.6558049126160687	NA	NA	BOW	nobound	675	all	10_10	1	selection	FOC	675	all	4_4	NA	251	haken
haken.BOWnobound10all.PPMIno.LENGTH5000.SOCPOSnav	0.20503689404141234	-1.302037056883915	NA	NA	BOW	nobound	1473	all	10_10	1	no	5000	5000	nav	4_4	NA	251	haken
haken.BOWnobound10all.PPMIno.LENGTH5000.SOCPOSall	0.7226051999523885	-1.8781003117499657	NA	NA	BOW	nobound	1473	all	10_10	1	no	5000	5000	all	4_4	NA	251	haken
haken.BOWnobound10all.PPMIno.LENGTHFOC.SOCPOSnav	-0.08877954930223131	-1.1175247128701182	NA	NA	BOW	nobound	1473	all	10_10	1	no	FOC	734	nav	4_4	NA	251	haken
haken.BOWnobound10all.PPMIno.LENGTHFOC.SOCPOSall	-0.06387345673746868	-1.1803733165999426	NA	NA	BOW	nobound	1473	all	10_10	1	no	FOC	1473	all	4_4	NA	251	haken
haken.BOWnobound5lex.PPMIweight.LENGTH5000.SOCPOSnav	-1.1747709369680515	0.11047696127250611	NA	NA	BOW	nobound	367	lex	5_5	1	weight	5000	5000	nav	4_4	NA	246	haken
haken.BOWnobound5lex.PPMIweight.LENGTH5000.SOCPOSall	-1.5108293624692324	0.44227191708882235	NA	NA	BOW	nobound	367	lex	5_5	1	weight	5000	5000	all	4_4	NA	246	haken
haken.BOWnobound5lex.PPMIweight.LENGTHFOC.SOCPOSnav	-1.0625915656380853	-0.0013675760910775317	NA	NA	BOW	nobound	367	lex	5_5	1	weight	FOC	251	nav	4_4	NA	246	haken
haken.BOWnobound5lex.PPMIweight.LENGTHFOC.SOCPOSall	-1.012241240422345	-0.012682568837112862	NA	NA	BOW	nobound	367	lex	5_5	1	weight	FOC	367	all	4_4	NA	246	haken
haken.BOWnobound5lex.PPMIselection.LENGTH5000.SOCPOSnav	-1.2888077296455598	0.06192434619535172	NA	NA	BOW	nobound	367	lex	5_5	1	selection	5000	5000	nav	4_4	NA	246	haken
haken.BOWnobound5lex.PPMIselection.LENGTH5000.SOCPOSall	-1.6767870832541967	0.2467344701252515	NA	NA	BOW	nobound	367	lex	5_5	1	selection	5000	5000	all	4_4	NA	246	haken
haken.BOWnobound5lex.PPMIselection.LENGTHFOC.SOCPOSnav	-1.0370704886162494	-0.07525711233817355	NA	NA	BOW	nobound	367	lex	5_5	1	selection	FOC	251	nav	4_4	NA	246	haken
haken.BOWnobound5lex.PPMIselection.LENGTHFOC.SOCPOSall	-1.0089821952206128	-0.08720942444461507	NA	NA	BOW	nobound	367	lex	5_5	1	selection	FOC	367	all	4_4	NA	246	haken
haken.BOWnobound5lex.PPMIno.LENGTH5000.SOCPOSnav	-1.6075030950405433	-0.13612354088538198	NA	NA	BOW	nobound	534	lex	5_5	1	no	5000	5000	nav	4_4	NA	249	haken
haken.BOWnobound5lex.PPMIno.LENGTH5000.SOCPOSall	-1.949108363688072	-0.1132521699653354	NA	NA	BOW	nobound	534	lex	5_5	1	no	5000	5000	all	4_4	NA	249	haken
haken.BOWnobound5lex.PPMIno.LENGTHFOC.SOCPOSnav	-1.3099276246683818	-0.26085558901819783	NA	NA	BOW	nobound	534	lex	5_5	1	no	FOC	371	nav	4_4	NA	249	haken
haken.BOWnobound5lex.PPMIno.LENGTHFOC.SOCPOSall	-1.275966099032839	-0.2807323894656027	NA	NA	BOW	nobound	534	lex	5_5	1	no	FOC	534	all	4_4	NA	249	haken
haken.BOWnobound5all.PPMIweight.LENGTH5000.SOCPOSnav	-0.15376147774807628	0.05588736467629401	NA	NA	BOW	nobound	552	all	5_5	1	weight	5000	5000	nav	4_4	NA	251	haken
haken.BOWnobound5all.PPMIweight.LENGTH5000.SOCPOSall	0.06841604331928382	0.2777886054915623	NA	NA	BOW	nobound	552	all	5_5	1	weight	5000	5000	all	4_4	NA	251	haken
haken.BOWnobound5all.PPMIweight.LENGTHFOC.SOCPOSnav	-0.2417162404518423	-0.027872224996979108	NA	NA	BOW	nobound	552	all	5_5	1	weight	FOC	251	nav	4_4	NA	251	haken
haken.BOWnobound5all.PPMIweight.LENGTHFOC.SOCPOSall	-0.20033114580847097	-0.035785044401058855	NA	NA	BOW	nobound	552	all	5_5	1	weight	FOC	552	all	4_4	NA	251	haken
haken.BOWnobound5all.PPMIselection.LENGTH5000.SOCPOSnav	0.4875241872531018	-0.43878158242795895	NA	NA	BOW	nobound	552	all	5_5	1	selection	5000	5000	nav	4_4	NA	251	haken
haken.BOWnobound5all.PPMIselection.LENGTH5000.SOCPOSall	1.177303306729326	-0.6890166185339045	NA	NA	BOW	nobound	552	all	5_5	1	selection	5000	5000	all	4_4	NA	251	haken
haken.BOWnobound5all.PPMIselection.LENGTHFOC.SOCPOSnav	0.0566634725680496	-0.1980381826703839	NA	NA	BOW	nobound	552	all	5_5	1	selection	FOC	251	nav	4_4	NA	251	haken
haken.BOWnobound5all.PPMIselection.LENGTHFOC.SOCPOSall	0.08516554631792926	-0.21836888780002264	NA	NA	BOW	nobound	552	all	5_5	1	selection	FOC	552	all	4_4	NA	251	haken
haken.BOWnobound5all.PPMIno.LENGTH5000.SOCPOSnav	0.5573532078941741	-0.8470002451885447	NA	NA	BOW	nobound	803	all	5_5	1	no	5000	5000	nav	4_4	NA	251	haken
haken.BOWnobound5all.PPMIno.LENGTH5000.SOCPOSall	1.395767532112758	-1.1387647698558105	NA	NA	BOW	nobound	803	all	5_5	1	no	5000	5000	all	4_4	NA	251	haken
haken.BOWnobound5all.PPMIno.LENGTHFOC.SOCPOSnav	0.02716078308891402	-0.4910092357490742	NA	NA	BOW	nobound	803	all	5_5	1	no	FOC	371	nav	4_4	NA	251	haken
haken.BOWnobound5all.PPMIno.LENGTHFOC.SOCPOSall	0.05608894836175072	-0.5101237458806944	NA	NA	BOW	nobound	803	all	5_5	1	no	FOC	803	all	4_4	NA	251	haken
haken.BOWnobound3lex.PPMIweight.LENGTH5000.SOCPOSnav	-0.8807799370331004	0.6498836520447108	NA	NA	BOW	nobound	240	lex	3_3	1	weight	5000	5000	nav	4_4	NA	231	haken
haken.BOWnobound3lex.PPMIweight.LENGTH5000.SOCPOSall	-0.8815272675289357	1.2063421652764694	NA	NA	BOW	nobound	240	lex	3_3	1	weight	5000	5000	all	4_4	NA	231	haken
haken.BOWnobound3lex.PPMIweight.LENGTHFOC.SOCPOSnav	-0.8221396608921898	0.5355987520773235	NA	NA	BOW	nobound	240	lex	3_3	1	weight	FOC	160	nav	4_4	NA	231	haken
haken.BOWnobound3lex.PPMIweight.LENGTHFOC.SOCPOSall	-0.7981398957101818	0.5221132186540097	NA	NA	BOW	nobound	240	lex	3_3	1	weight	FOC	240	all	4_4	NA	231	haken
haken.BOWnobound3lex.PPMIselection.LENGTH5000.SOCPOSnav	-0.9471366109182145	0.6496631141204154	NA	NA	BOW	nobound	240	lex	3_3	1	selection	5000	5000	nav	4_4	NA	231	haken
haken.BOWnobound3lex.PPMIselection.LENGTH5000.SOCPOSall	-0.9387309458439456	1.163693568914072	NA	NA	BOW	nobound	240	lex	3_3	1	selection	5000	5000	all	4_4	NA	231	haken
haken.BOWnobound3lex.PPMIselection.LENGTHFOC.SOCPOSnav	-0.7892709173437195	0.4610575221392243	NA	NA	BOW	nobound	240	lex	3_3	1	selection	FOC	160	nav	4_4	NA	231	haken
haken.BOWnobound3lex.PPMIselection.LENGTHFOC.SOCPOSall	-0.7611791471442404	0.46008533870785484	NA	NA	BOW	nobound	240	lex	3_3	1	selection	FOC	240	all	4_4	NA	231	haken
haken.BOWnobound3lex.PPMIno.LENGTH5000.SOCPOSnav	-1.3392510119714416	0.7899344628657717	NA	NA	BOW	nobound	302	lex	3_3	1	no	5000	5000	nav	4_4	NA	238	haken
haken.BOWnobound3lex.PPMIno.LENGTH5000.SOCPOSall	-1.2323044158791259	1.3410367013471243	NA	NA	BOW	nobound	302	lex	3_3	1	no	5000	5000	all	4_4	NA	238	haken
haken.BOWnobound3lex.PPMIno.LENGTHFOC.SOCPOSnav	-1.0925107264672334	0.5916670140698792	NA	NA	BOW	nobound	302	lex	3_3	1	no	FOC	211	nav	4_4	NA	238	haken
haken.BOWnobound3lex.PPMIno.LENGTHFOC.SOCPOSall	-1.0843454052424861	0.6042050365232076	NA	NA	BOW	nobound	302	lex	3_3	1	no	FOC	302	all	4_4	NA	238	haken
haken.BOWnobound3all.PPMIweight.LENGTH5000.SOCPOSnav	-0.11080473666886206	0.9281547736939589	NA	NA	BOW	nobound	382	all	3_3	1	weight	5000	5000	nav	4_4	NA	251	haken
haken.BOWnobound3all.PPMIweight.LENGTH5000.SOCPOSall	0.14899295772581145	1.2907846750580625	NA	NA	BOW	nobound	382	all	3_3	1	weight	5000	5000	all	4_4	NA	251	haken
haken.BOWnobound3all.PPMIweight.LENGTHFOC.SOCPOSnav	-0.23451713698692112	0.711251291121948	NA	NA	BOW	nobound	382	all	3_3	1	weight	FOC	160	nav	4_4	NA	251	haken
haken.BOWnobound3all.PPMIweight.LENGTHFOC.SOCPOSall	-0.1790901407202634	0.6757989970175889	NA	NA	BOW	nobound	382	all	3_3	1	weight	FOC	382	all	4_4	NA	251	haken
haken.BOWnobound3all.PPMIselection.LENGTH5000.SOCPOSnav	0.3807911703879241	0.9983962393301118	NA	NA	BOW	nobound	382	all	3_3	1	selection	5000	5000	nav	4_4	NA	251	haken
haken.BOWnobound3all.PPMIselection.LENGTH5000.SOCPOSall	0.8811083565321517	1.3708293560976132	NA	NA	BOW	nobound	382	all	3_3	1	selection	5000	5000	all	4_4	NA	251	haken
haken.BOWnobound3all.PPMIselection.LENGTHFOC.SOCPOSnav	0.033940127732153706	0.6039537088656753	NA	NA	BOW	nobound	382	all	3_3	1	selection	FOC	160	nav	4_4	NA	251	haken
haken.BOWnobound3all.PPMIselection.LENGTHFOC.SOCPOSall	0.09302567394842907	0.5826117028125701	NA	NA	BOW	nobound	382	all	3_3	1	selection	FOC	382	all	4_4	NA	251	haken
haken.BOWnobound3all.PPMIno.LENGTH5000.SOCPOSnav	0.5570014147052651	1.2417801432235733	NA	NA	BOW	nobound	486	all	3_3	1	no	5000	5000	nav	4_4	NA	251	haken
haken.BOWnobound3all.PPMIno.LENGTH5000.SOCPOSall	1.2137775364154328	1.4532054023396856	NA	NA	BOW	nobound	486	all	3_3	1	no	5000	5000	all	4_4	NA	251	haken
haken.BOWnobound3all.PPMIno.LENGTHFOC.SOCPOSnav	0.1177661971791126	0.7089413462334753	NA	NA	BOW	nobound	486	all	3_3	1	no	FOC	211	nav	4_4	NA	251	haken
haken.BOWnobound3all.PPMIno.LENGTHFOC.SOCPOSall	0.1714878343697337	0.6618512099070476	NA	NA	BOW	nobound	486	all	3_3	1	no	FOC	486	all	4_4	NA	251	haken
haken.LEMMAPATHselection2.PPMIweight.LENGTH5000.SOCPOSnav	0.6200881605087508	0.30097966828495765	selection2	NA	LEMMAPATH	bound	342	NA	NA	1	weight	5000	5000	nav	4_4	NA	245	haken
haken.LEMMAPATHselection2.PPMIweight.LENGTH5000.SOCPOSall	0.9929002456959904	0.45427277105658376	selection2	NA	LEMMAPATH	bound	342	NA	NA	1	weight	5000	5000	all	4_4	NA	245	haken
haken.LEMMAPATHselection2.PPMIweight.LENGTHFOC.SOCPOSnav	0.37735040983286056	0.15044344147979244	selection2	NA	LEMMAPATH	bound	342	NA	NA	1	weight	FOC	147	nav	4_4	NA	245	haken
haken.LEMMAPATHselection2.PPMIweight.LENGTHFOC.SOCPOSall	0.3638952772708847	0.09662905147622343	selection2	NA	LEMMAPATH	bound	342	NA	NA	1	weight	FOC	342	all	4_4	NA	245	haken
haken.LEMMAPATHselection2.PPMIselection.LENGTH5000.SOCPOSnav	1.0874263762325833	-0.009197177841664773	selection2	NA	LEMMAPATH	bound	342	NA	NA	1	selection	5000	5000	nav	4_4	NA	245	haken
haken.LEMMAPATHselection2.PPMIselection.LENGTH5000.SOCPOSall	1.6818129183660688	-0.09025887004281347	selection2	NA	LEMMAPATH	bound	342	NA	NA	1	selection	5000	5000	all	4_4	NA	245	haken
haken.LEMMAPATHselection2.PPMIselection.LENGTHFOC.SOCPOSnav	0.6160799309061447	-0.03721735175048138	selection2	NA	LEMMAPATH	bound	342	NA	NA	1	selection	FOC	147	nav	4_4	NA	245	haken
haken.LEMMAPATHselection2.PPMIselection.LENGTHFOC.SOCPOSall	0.583284312036435	-0.04551426621532483	selection2	NA	LEMMAPATH	bound	342	NA	NA	1	selection	FOC	342	all	4_4	NA	245	haken
haken.LEMMAPATHselection2.PPMIno.LENGTH5000.SOCPOSnav	1.2169986031523519	-0.16924496981857556	selection2	NA	LEMMAPATH	bound	545	NA	NA	1	no	5000	5000	nav	4_4	NA	247	haken
haken.LEMMAPATHselection2.PPMIno.LENGTH5000.SOCPOSall	1.971691102490941	-0.273741856450707	selection2	NA	LEMMAPATH	bound	545	NA	NA	1	no	5000	5000	all	4_4	NA	247	haken
haken.LEMMAPATHselection2.PPMIno.LENGTHFOC.SOCPOSnav	0.7254154106582101	-0.16299453435151798	selection2	NA	LEMMAPATH	bound	545	NA	NA	1	no	FOC	262	nav	4_4	NA	247	haken
haken.LEMMAPATHselection2.PPMIno.LENGTHFOC.SOCPOSall	0.6919724577621404	-0.17083151968311286	selection2	NA	LEMMAPATH	bound	545	NA	NA	1	no	FOC	545	all	4_4	NA	247	haken
haken.LEMMAPATHselection3.PPMIweight.LENGTH5000.SOCPOSnav	0.31302121115814646	-0.03536111503095936	selection3	NA	LEMMAPATH	bound	442	NA	NA	1	weight	5000	5000	nav	4_4	NA	247	haken
haken.LEMMAPATHselection3.PPMIweight.LENGTH5000.SOCPOSall	0.7136104376331267	0.17460550804877634	selection3	NA	LEMMAPATH	bound	442	NA	NA	1	weight	5000	5000	all	4_4	NA	247	haken
haken.LEMMAPATHselection3.PPMIweight.LENGTHFOC.SOCPOSnav	0.1267736352805656	-0.06448772460844215	selection3	NA	LEMMAPATH	bound	442	NA	NA	1	weight	FOC	199	nav	4_4	NA	247	haken
haken.LEMMAPATHselection3.PPMIweight.LENGTHFOC.SOCPOSall	0.17069509114804804	-0.08413107918603312	selection3	NA	LEMMAPATH	bound	442	NA	NA	1	weight	FOC	442	all	4_4	NA	247	haken
haken.LEMMAPATHselection3.PPMIselection.LENGTH5000.SOCPOSnav	0.9425395342998535	-0.3369517784787222	selection3	NA	LEMMAPATH	bound	442	NA	NA	1	selection	5000	5000	nav	4_4	NA	247	haken
haken.LEMMAPATHselection3.PPMIselection.LENGTH5000.SOCPOSall	1.5471221433658406	-0.44745079226176443	selection3	NA	LEMMAPATH	bound	442	NA	NA	1	selection	5000	5000	all	4_4	NA	247	haken
haken.LEMMAPATHselection3.PPMIselection.LENGTHFOC.SOCPOSnav	0.44673684502876637	-0.26885148928932295	selection3	NA	LEMMAPATH	bound	442	NA	NA	1	selection	FOC	199	nav	4_4	NA	247	haken
haken.LEMMAPATHselection3.PPMIselection.LENGTHFOC.SOCPOSall	0.4474532520625897	-0.25323685432199633	selection3	NA	LEMMAPATH	bound	442	NA	NA	1	selection	FOC	442	all	4_4	NA	247	haken
haken.LEMMAPATHselection3.PPMIno.LENGTH5000.SOCPOSnav	1.1535947556503654	-0.7956440166281454	selection3	NA	LEMMAPATH	bound	803	NA	NA	1	no	5000	5000	nav	4_4	NA	247	haken
haken.LEMMAPATHselection3.PPMIno.LENGTH5000.SOCPOSall	1.947223222482349	-0.8853322699737842	selection3	NA	LEMMAPATH	bound	803	NA	NA	1	no	5000	5000	all	4_4	NA	247	haken
haken.LEMMAPATHselection3.PPMIno.LENGTHFOC.SOCPOSnav	0.47297273867547285	-0.6166310430765998	selection3	NA	LEMMAPATH	bound	803	NA	NA	1	no	FOC	411	nav	4_4	NA	247	haken
haken.LEMMAPATHselection3.PPMIno.LENGTHFOC.SOCPOSall	0.4980423721760075	-0.6148810542001085	selection3	NA	LEMMAPATH	bound	803	NA	NA	1	no	FOC	803	all	4_4	NA	247	haken
haken.LEMMAPATHweight.PPMIselection.LENGTH5000.SOCPOSnav	0.9425395342998535	-0.3369517784787222	weight	NA	LEMMAPATH	bound	442	NA	NA	1	selection	5000	5000	nav	4_4	NA	247	haken
haken.LEMMAPATHweight.PPMIselection.LENGTH5000.SOCPOSall	1.547122139977777	-0.4474507913872576	weight	NA	LEMMAPATH	bound	442	NA	NA	1	selection	5000	5000	all	4_4	NA	247	haken
haken.LEMMAPATHweight.PPMIselection.LENGTHFOC.SOCPOSnav	0.4467368450287663	-0.26885148928932295	weight	NA	LEMMAPATH	bound	442	NA	NA	1	selection	FOC	199	nav	4_4	NA	247	haken
haken.LEMMAPATHweight.PPMIselection.LENGTHFOC.SOCPOSall	0.4474532520625897	-0.25323685432199633	weight	NA	LEMMAPATH	bound	442	NA	NA	1	selection	FOC	442	all	4_4	NA	247	haken
haken.LEMMAPATHweight.PPMIno.LENGTH5000.SOCPOSnav	1.0870678846199786	-0.23325186257650168	weight	NA	LEMMAPATH	bound	803	NA	NA	1	no	5000	5000	nav	4_4	NA	247	haken
haken.LEMMAPATHweight.PPMIno.LENGTH5000.SOCPOSall	1.7776308091814643	-0.3277310688503674	weight	NA	LEMMAPATH	bound	803	NA	NA	1	no	5000	5000	all	4_4	NA	247	haken
haken.LEMMAPATHweight.PPMIno.LENGTHFOC.SOCPOSnav	0.5690423314586451	-0.20801158939340852	weight	NA	LEMMAPATH	bound	803	NA	NA	1	no	FOC	411	nav	4_4	NA	247	haken
haken.LEMMAPATHweight.PPMIno.LENGTHFOC.SOCPOSall	0.555674743732164	-0.21237695938166234	weight	NA	LEMMAPATH	bound	803	NA	NA	1	no	FOC	803	all	4_4	NA	247	haken
haken.LEMMAREL1.PPMIweight.LENGTH5000.SOCPOSnav	1.48704909234996	0.4389523126114455	NA	group1	LEMMAREL	bound	175	NA	NA	1	weight	5000	5000	nav	4_4	NA	222	haken
haken.LEMMAREL1.PPMIweight.LENGTH5000.SOCPOSall	1.757602608647203	0.4901409344571623	NA	group1	LEMMAREL	bound	175	NA	NA	1	weight	5000	5000	all	4_4	NA	222	haken
haken.LEMMAREL1.PPMIweight.LENGTHFOC.SOCPOSnav	1.5350072934082781	0.7185718334772351	NA	group1	LEMMAREL	bound	175	NA	NA	1	weight	FOC	66	nav	4_4	NA	222	haken
haken.LEMMAREL1.PPMIweight.LENGTHFOC.SOCPOSall	1.3865803414646967	0.5917063361795305	NA	group1	LEMMAREL	bound	175	NA	NA	1	weight	FOC	175	all	4_4	NA	222	haken
haken.LEMMAREL1.PPMIselection.LENGTH5000.SOCPOSnav	1.6035034288299055	0.3296063838673543	NA	group1	LEMMAREL	bound	175	NA	NA	1	selection	5000	5000	nav	4_4	NA	222	haken
haken.LEMMAREL1.PPMIselection.LENGTH5000.SOCPOSall	1.8607316386328014	0.3262519896828783	NA	group1	LEMMAREL	bound	175	NA	NA	1	selection	5000	5000	all	4_4	NA	222	haken
haken.LEMMAREL1.PPMIselection.LENGTHFOC.SOCPOSnav	1.5540879704376183	0.4620839846460662	NA	group1	LEMMAREL	bound	175	NA	NA	1	selection	FOC	66	nav	4_4	NA	222	haken
haken.LEMMAREL1.PPMIselection.LENGTHFOC.SOCPOSall	1.4517895447018174	0.35876501606432315	NA	group1	LEMMAREL	bound	175	NA	NA	1	selection	FOC	175	all	4_4	NA	222	haken
haken.LEMMAREL1.PPMIno.LENGTH5000.SOCPOSnav	1.9746963560560102	0.2556667302842692	NA	group1	LEMMAREL	bound	247	NA	NA	1	no	5000	5000	nav	4_4	NA	230	haken
haken.LEMMAREL1.PPMIno.LENGTH5000.SOCPOSall	2.229241671454821	0.23858339229368747	NA	group1	LEMMAREL	bound	247	NA	NA	1	no	5000	5000	all	4_4	NA	230	haken
haken.LEMMAREL1.PPMIno.LENGTHFOC.SOCPOSnav	1.9382011971972881	0.37546921888843193	NA	group1	LEMMAREL	bound	247	NA	NA	1	no	FOC	92	nav	4_4	NA	230	haken
haken.LEMMAREL1.PPMIno.LENGTHFOC.SOCPOSall	1.786065179145501	0.34968115792586696	NA	group1	LEMMAREL	bound	247	NA	NA	1	no	FOC	247	all	4_4	NA	230	haken
haken.LEMMAREL2.PPMIweight.LENGTH5000.SOCPOSnav	0.5117643025475089	0.31910167636302783	NA	group2	LEMMAREL	bound	266	NA	NA	1	weight	5000	5000	nav	4_4	NA	243	haken
haken.LEMMAREL2.PPMIweight.LENGTH5000.SOCPOSall	0.9110330079349545	0.5581308160294075	NA	group2	LEMMAREL	bound	266	NA	NA	1	weight	5000	5000	all	4_4	NA	243	haken
haken.LEMMAREL2.PPMIweight.LENGTHFOC.SOCPOSnav	0.42198435859979944	0.21959906283123343	NA	group2	LEMMAREL	bound	266	NA	NA	1	weight	FOC	124	nav	4_4	NA	243	haken
haken.LEMMAREL2.PPMIweight.LENGTHFOC.SOCPOSall	0.4392466847106346	0.2290162649813826	NA	group2	LEMMAREL	bound	266	NA	NA	1	weight	FOC	266	all	4_4	NA	243	haken
haken.LEMMAREL2.PPMIselection.LENGTH5000.SOCPOSnav	0.8545118219648776	0.20455744919601831	NA	group2	LEMMAREL	bound	266	NA	NA	1	selection	5000	5000	nav	4_4	NA	243	haken
haken.LEMMAREL2.PPMIselection.LENGTH5000.SOCPOSall	1.3675779374454484	0.3630566068147862	NA	group2	LEMMAREL	bound	266	NA	NA	1	selection	5000	5000	all	4_4	NA	243	haken
haken.LEMMAREL2.PPMIselection.LENGTHFOC.SOCPOSnav	0.6540377408557781	0.08459076142956477	NA	group2	LEMMAREL	bound	266	NA	NA	1	selection	FOC	124	nav	4_4	NA	243	haken
haken.LEMMAREL2.PPMIselection.LENGTHFOC.SOCPOSall	0.6673337414577436	0.10143529547198872	NA	group2	LEMMAREL	bound	266	NA	NA	1	selection	FOC	266	all	4_4	NA	243	haken
haken.LEMMAREL2.PPMIno.LENGTH5000.SOCPOSnav	0.9968046393967632	0.13030564638131023	NA	group2	LEMMAREL	bound	394	NA	NA	1	no	5000	5000	nav	4_4	NA	246	haken
haken.LEMMAREL2.PPMIno.LENGTH5000.SOCPOSall	1.7455770306348124	0.08224063991263171	NA	group2	LEMMAREL	bound	394	NA	NA	1	no	5000	5000	all	4_4	NA	246	haken
haken.LEMMAREL2.PPMIno.LENGTHFOC.SOCPOSnav	0.7768069978410961	0.018982723679248067	NA	group2	LEMMAREL	bound	394	NA	NA	1	no	FOC	190	nav	4_4	NA	246	haken
haken.LEMMAREL2.PPMIno.LENGTHFOC.SOCPOSall	0.7653538374247243	0.04785534259824574	NA	group2	LEMMAREL	bound	394	NA	NA	1	no	FOC	394	all	4_4	NA	246	haken
