_model	model.x	model.y	foc_minimum_features	soc_length	soc_length_num	tokens	type	LEMMAPATH	LEMMAREL	foc_boundaries	foc_context_words	foc_foc_pos	foc_foc_win	foc_ppmi	soc_soc_pos	soc_soc_win	stress	foc_base	base
horde.BOWbound10lex.PPMIweight.LENGTH5000.SOCPOSnav	-0.7359399804213757	-0.26244093985422734	1	5000	5000	268	horde	NA	NA	bound	480	lex	10_10	weight	nav	4_4	NA	NA	BOW
horde.BOWbound10lex.PPMIweight.LENGTH5000.SOCPOSall	-0.4975502681559339	-1.1264739692267336	1	5000	5000	268	horde	NA	NA	bound	480	lex	10_10	weight	all	4_4	NA	NA	BOW
horde.BOWbound10lex.PPMIweight.LENGTHFOC.SOCPOSnav	-0.7735835880798906	0.1147466275952349	1	FOC	354	268	horde	NA	NA	bound	480	lex	10_10	weight	nav	4_4	NA	NA	BOW
horde.BOWbound10lex.PPMIweight.LENGTHFOC.SOCPOSall	-0.7336237046469877	0.09287767219978106	1	FOC	480	268	horde	NA	NA	bound	480	lex	10_10	weight	all	4_4	NA	NA	BOW
horde.BOWbound10lex.PPMIselection.LENGTH5000.SOCPOSnav	-0.8526250980916095	-0.16766786687346202	1	5000	5000	268	horde	NA	NA	bound	480	lex	10_10	selection	nav	4_4	NA	NA	BOW
horde.BOWbound10lex.PPMIselection.LENGTH5000.SOCPOSall	-0.6260352572521065	-1.0344799048351256	1	5000	5000	268	horde	NA	NA	bound	480	lex	10_10	selection	all	4_4	NA	NA	BOW
horde.BOWbound10lex.PPMIselection.LENGTHFOC.SOCPOSnav	-0.7042777398506814	0.2168429913229777	1	FOC	354	268	horde	NA	NA	bound	480	lex	10_10	selection	nav	4_4	NA	NA	BOW
horde.BOWbound10lex.PPMIselection.LENGTHFOC.SOCPOSall	-0.6850297233035232	0.1938695633999627	1	FOC	480	268	horde	NA	NA	bound	480	lex	10_10	selection	all	4_4	NA	NA	BOW
horde.BOWbound10lex.PPMIno.LENGTH5000.SOCPOSnav	-1.2472965846931667	0.7453957962864547	1	5000	5000	273	horde	NA	NA	bound	926	lex	10_10	no	nav	4_4	NA	NA	BOW
horde.BOWbound10lex.PPMIno.LENGTH5000.SOCPOSall	-1.474000202615924	-1.2672141721126604	1	5000	5000	273	horde	NA	NA	bound	926	lex	10_10	no	all	4_4	NA	NA	BOW
horde.BOWbound10lex.PPMIno.LENGTHFOC.SOCPOSnav	-1.011604354454327	0.6659138035939176	1	FOC	685	273	horde	NA	NA	bound	926	lex	10_10	no	nav	4_4	NA	NA	BOW
horde.BOWbound10lex.PPMIno.LENGTHFOC.SOCPOSall	-1.0198011123639517	0.6429233609960522	1	FOC	926	273	horde	NA	NA	bound	926	lex	10_10	no	all	4_4	NA	NA	BOW
horde.BOWbound10all.PPMIweight.LENGTH5000.SOCPOSnav	-0.15969563511541898	-0.25109908340927456	1	5000	5000	277	horde	NA	NA	bound	659	all	10_10	weight	nav	4_4	NA	NA	BOW
horde.BOWbound10all.PPMIweight.LENGTH5000.SOCPOSall	-0.022505208931126827	-1.0453973178084675	1	5000	5000	277	horde	NA	NA	bound	659	all	10_10	weight	all	4_4	NA	NA	BOW
horde.BOWbound10all.PPMIweight.LENGTHFOC.SOCPOSnav	-0.4021479579254792	0.2537906660571308	1	FOC	354	277	horde	NA	NA	bound	659	all	10_10	weight	nav	4_4	NA	NA	BOW
horde.BOWbound10all.PPMIweight.LENGTHFOC.SOCPOSall	-0.36508882970270057	0.19199634737726595	1	FOC	659	277	horde	NA	NA	bound	659	all	10_10	weight	all	4_4	NA	NA	BOW
horde.BOWbound10all.PPMIselection.LENGTH5000.SOCPOSnav	0.39209296744820593	1.0540203363916616	1	5000	5000	277	horde	NA	NA	bound	659	all	10_10	selection	nav	4_4	NA	NA	BOW
horde.BOWbound10all.PPMIselection.LENGTH5000.SOCPOSall	0.5607979130928622	-1.0157025807484472	1	5000	5000	277	horde	NA	NA	bound	659	all	10_10	selection	all	4_4	NA	NA	BOW
horde.BOWbound10all.PPMIselection.LENGTHFOC.SOCPOSnav	-0.10509382885857588	0.6283166104363721	1	FOC	354	277	horde	NA	NA	bound	659	all	10_10	selection	nav	4_4	NA	NA	BOW
horde.BOWbound10all.PPMIselection.LENGTHFOC.SOCPOSall	-0.12351151341802782	0.5969013209375391	1	FOC	659	277	horde	NA	NA	bound	659	all	10_10	selection	all	4_4	NA	NA	BOW
horde.BOWbound10all.PPMIno.LENGTH5000.SOCPOSnav	0.26153213971607076	1.7560645459553847	1	5000	5000	277	horde	NA	NA	bound	1319	all	10_10	no	nav	4_4	NA	NA	BOW
horde.BOWbound10all.PPMIno.LENGTH5000.SOCPOSall	0.05677199343756435	2.2332034190399037	1	5000	5000	277	horde	NA	NA	bound	1319	all	10_10	no	all	4_4	NA	NA	BOW
horde.BOWbound10all.PPMIno.LENGTHFOC.SOCPOSnav	-0.09096346522265376	1.4018027965409574	1	FOC	685	277	horde	NA	NA	bound	1319	all	10_10	no	nav	4_4	NA	NA	BOW
horde.BOWbound10all.PPMIno.LENGTHFOC.SOCPOSall	-0.22064333188694832	1.470736410180493	1	FOC	1319	277	horde	NA	NA	bound	1319	all	10_10	no	all	4_4	NA	NA	BOW
horde.BOWbound5lex.PPMIweight.LENGTH5000.SOCPOSnav	-0.63908670538092	-0.27108954037138777	1	5000	5000	259	horde	NA	NA	bound	402	lex	5_5	weight	nav	4_4	NA	NA	BOW
horde.BOWbound5lex.PPMIweight.LENGTH5000.SOCPOSall	-0.46401703703380265	-1.0668359001160772	1	5000	5000	259	horde	NA	NA	bound	402	lex	5_5	weight	all	4_4	NA	NA	BOW
horde.BOWbound5lex.PPMIweight.LENGTHFOC.SOCPOSnav	-0.6380508260925167	-0.021020109493954747	1	FOC	295	259	horde	NA	NA	bound	402	lex	5_5	weight	nav	4_4	NA	NA	BOW
horde.BOWbound5lex.PPMIweight.LENGTHFOC.SOCPOSall	-0.6156210925009201	-0.045810532893554703	1	FOC	402	259	horde	NA	NA	bound	402	lex	5_5	weight	all	4_4	NA	NA	BOW
horde.BOWbound5lex.PPMIselection.LENGTH5000.SOCPOSnav	-0.6863569550387066	-0.26154828920095885	1	5000	5000	259	horde	NA	NA	bound	402	lex	5_5	selection	nav	4_4	NA	NA	BOW
horde.BOWbound5lex.PPMIselection.LENGTH5000.SOCPOSall	-0.5200466018055715	-1.01356425709038	1	5000	5000	259	horde	NA	NA	bound	402	lex	5_5	selection	all	4_4	NA	NA	BOW
horde.BOWbound5lex.PPMIselection.LENGTHFOC.SOCPOSnav	-0.5828320561525682	0.027446137822090818	1	FOC	295	259	horde	NA	NA	bound	402	lex	5_5	selection	nav	4_4	NA	NA	BOW
horde.BOWbound5lex.PPMIselection.LENGTHFOC.SOCPOSall	-0.5642843273327749	0.005889120071986621	1	FOC	402	259	horde	NA	NA	bound	402	lex	5_5	selection	all	4_4	NA	NA	BOW
horde.BOWbound5lex.PPMIno.LENGTH5000.SOCPOSnav	-1.2288588122820119	-0.14992716531210037	1	5000	5000	271	horde	NA	NA	bound	580	lex	5_5	no	nav	4_4	NA	NA	BOW
horde.BOWbound5lex.PPMIno.LENGTH5000.SOCPOSall	-0.9254061656592771	-1.3673305728202796	1	5000	5000	271	horde	NA	NA	bound	580	lex	5_5	no	all	4_4	NA	NA	BOW
horde.BOWbound5lex.PPMIno.LENGTHFOC.SOCPOSnav	-0.8594900277043946	0.20724422159694508	1	FOC	436	271	horde	NA	NA	bound	580	lex	5_5	no	nav	4_4	NA	NA	BOW
horde.BOWbound5lex.PPMIno.LENGTHFOC.SOCPOSall	-0.8843496541040904	0.19125263387122216	1	FOC	580	271	horde	NA	NA	bound	580	lex	5_5	no	all	4_4	NA	NA	BOW
horde.BOWbound5all.PPMIweight.LENGTH5000.SOCPOSnav	-0.03575137878132645	-0.21500255900471138	1	5000	5000	276	horde	NA	NA	bound	545	all	5_5	weight	nav	4_4	NA	NA	BOW
horde.BOWbound5all.PPMIweight.LENGTH5000.SOCPOSall	0.08768429495907575	-0.9617327682920955	1	5000	5000	276	horde	NA	NA	bound	545	all	5_5	weight	all	4_4	NA	NA	BOW
horde.BOWbound5all.PPMIweight.LENGTHFOC.SOCPOSnav	-0.2441638747913656	0.03885697164110164	1	FOC	295	276	horde	NA	NA	bound	545	all	5_5	weight	nav	4_4	NA	NA	BOW
horde.BOWbound5all.PPMIweight.LENGTHFOC.SOCPOSall	-0.2256396596539357	0.01597273153543876	1	FOC	545	276	horde	NA	NA	bound	545	all	5_5	weight	all	4_4	NA	NA	BOW
horde.BOWbound5all.PPMIselection.LENGTH5000.SOCPOSnav	0.5629798976585432	0.6665082691455578	1	5000	5000	276	horde	NA	NA	bound	545	all	5_5	selection	nav	4_4	NA	NA	BOW
horde.BOWbound5all.PPMIselection.LENGTH5000.SOCPOSall	0.6171846436584713	-0.7469479676289067	1	5000	5000	276	horde	NA	NA	bound	545	all	5_5	selection	all	4_4	NA	NA	BOW
horde.BOWbound5all.PPMIselection.LENGTHFOC.SOCPOSnav	0.03047744114124877	0.3178114970147571	1	FOC	295	276	horde	NA	NA	bound	545	all	5_5	selection	nav	4_4	NA	NA	BOW
horde.BOWbound5all.PPMIselection.LENGTHFOC.SOCPOSall	0.030408075944636074	0.29039767999289395	1	FOC	545	276	horde	NA	NA	bound	545	all	5_5	selection	all	4_4	NA	NA	BOW
horde.BOWbound5all.PPMIno.LENGTH5000.SOCPOSnav	0.6151784014865286	1.101861815331019	1	5000	5000	276	horde	NA	NA	bound	812	all	5_5	no	nav	4_4	NA	NA	BOW
horde.BOWbound5all.PPMIno.LENGTH5000.SOCPOSall	1.0121648527880378	-1.2035808585242265	1	5000	5000	276	horde	NA	NA	bound	812	all	5_5	no	all	4_4	NA	NA	BOW
horde.BOWbound5all.PPMIno.LENGTHFOC.SOCPOSnav	0.083901176898434085	0.7235848241351043	1	FOC	436	276	horde	NA	NA	bound	812	all	5_5	no	nav	4_4	NA	NA	BOW
horde.BOWbound5all.PPMIno.LENGTHFOC.SOCPOSall	0.03553391468925094	0.7669286590995725	1	FOC	812	276	horde	NA	NA	bound	812	all	5_5	no	all	4_4	NA	NA	BOW
horde.BOWbound3lex.PPMIweight.LENGTH5000.SOCPOSnav	-0.4959435610855222	-0.29015626557719304	1	5000	5000	248	horde	NA	NA	bound	313	lex	3_3	weight	nav	4_4	NA	NA	BOW
horde.BOWbound3lex.PPMIweight.LENGTH5000.SOCPOSall	-0.31061644895539026	-1.0313730416863962	1	5000	5000	248	horde	NA	NA	bound	313	lex	3_3	weight	all	4_4	NA	NA	BOW
horde.BOWbound3lex.PPMIweight.LENGTHFOC.SOCPOSnav	-0.4892807549407885	-0.08698801910261268	1	FOC	233	248	horde	NA	NA	bound	313	lex	3_3	weight	nav	4_4	NA	NA	BOW
horde.BOWbound3lex.PPMIweight.LENGTHFOC.SOCPOSall	-0.4693360504228596	-0.107219164312437	1	FOC	313	248	horde	NA	NA	bound	313	lex	3_3	weight	all	4_4	NA	NA	BOW
horde.BOWbound3lex.PPMIselection.LENGTH5000.SOCPOSnav	-0.5519092511088182	-0.3164241181734779	1	5000	5000	248	horde	NA	NA	bound	313	lex	3_3	selection	nav	4_4	NA	NA	BOW
horde.BOWbound3lex.PPMIselection.LENGTH5000.SOCPOSall	-0.3412983484811106	-1.0392826963717552	1	5000	5000	248	horde	NA	NA	bound	313	lex	3_3	selection	all	4_4	NA	NA	BOW
horde.BOWbound3lex.PPMIselection.LENGTHFOC.SOCPOSnav	-0.4908878419207997	-0.045950444975648756	1	FOC	233	248	horde	NA	NA	bound	313	lex	3_3	selection	nav	4_4	NA	NA	BOW
horde.BOWbound3lex.PPMIselection.LENGTHFOC.SOCPOSall	-0.4745213090218877	-0.06708118126230554	1	FOC	313	248	horde	NA	NA	bound	313	lex	3_3	selection	all	4_4	NA	NA	BOW
horde.BOWbound3lex.PPMIno.LENGTH5000.SOCPOSnav	-0.981992434081647	-0.33104341711819507	1	5000	5000	259	horde	NA	NA	bound	388	lex	3_3	no	nav	4_4	NA	NA	BOW
horde.BOWbound3lex.PPMIno.LENGTH5000.SOCPOSall	-0.5254658807083928	-1.3831779192017812	1	5000	5000	259	horde	NA	NA	bound	388	lex	3_3	no	all	4_4	NA	NA	BOW
horde.BOWbound3lex.PPMIno.LENGTHFOC.SOCPOSnav	-0.7202290700489901	0.06486482893989899	1	FOC	289	259	horde	NA	NA	bound	388	lex	3_3	no	nav	4_4	NA	NA	BOW
horde.BOWbound3lex.PPMIno.LENGTHFOC.SOCPOSall	-0.7248496989181513	0.04215744219699614	1	FOC	388	259	horde	NA	NA	bound	388	lex	3_3	no	all	4_4	NA	NA	BOW
horde.BOWbound3all.PPMIweight.LENGTH5000.SOCPOSnav	0.16315778632385528	-0.2951425250488499	1	5000	5000	274	horde	NA	NA	bound	403	all	3_3	weight	nav	4_4	NA	NA	BOW
horde.BOWbound3all.PPMIweight.LENGTH5000.SOCPOSall	0.2768129085308258	-1.0238812546070566	1	5000	5000	274	horde	NA	NA	bound	403	all	3_3	weight	all	4_4	NA	NA	BOW
horde.BOWbound3all.PPMIweight.LENGTHFOC.SOCPOSnav	-0.10096061969744462	-0.059548962294935046	1	FOC	233	274	horde	NA	NA	bound	403	all	3_3	weight	nav	4_4	NA	NA	BOW
horde.BOWbound3all.PPMIweight.LENGTHFOC.SOCPOSall	-0.069056458563115	-0.08776008315963343	1	FOC	403	274	horde	NA	NA	bound	403	all	3_3	weight	all	4_4	NA	NA	BOW
horde.BOWbound3all.PPMIselection.LENGTH5000.SOCPOSnav	0.8367977548704796	0.37407955170489643	1	5000	5000	274	horde	NA	NA	bound	403	all	3_3	selection	nav	4_4	NA	NA	BOW
horde.BOWbound3all.PPMIselection.LENGTH5000.SOCPOSall	0.8449781006774133	-0.7749224451862875	1	5000	5000	274	horde	NA	NA	bound	403	all	3_3	selection	all	4_4	NA	NA	BOW
horde.BOWbound3all.PPMIselection.LENGTHFOC.SOCPOSnav	0.21111460261613268	0.19639827048798839	1	FOC	233	274	horde	NA	NA	bound	403	all	3_3	selection	nav	4_4	NA	NA	BOW
horde.BOWbound3all.PPMIselection.LENGTHFOC.SOCPOSall	0.21624042611709235	0.149324569482508	1	FOC	403	274	horde	NA	NA	bound	403	all	3_3	selection	all	4_4	NA	NA	BOW
horde.BOWbound3all.PPMIno.LENGTH5000.SOCPOSnav	0.9665037049719771	0.660197508101834	1	5000	5000	275	horde	NA	NA	bound	527	all	3_3	no	nav	4_4	NA	NA	BOW
horde.BOWbound3all.PPMIno.LENGTH5000.SOCPOSall	1.1864308459043909	-0.9065320861133643	1	5000	5000	275	horde	NA	NA	bound	527	all	3_3	no	all	4_4	NA	NA	BOW
horde.BOWbound3all.PPMIno.LENGTHFOC.SOCPOSnav	0.2719405524436068	0.45482914902903293	1	FOC	289	275	horde	NA	NA	bound	527	all	3_3	no	nav	4_4	NA	NA	BOW
horde.BOWbound3all.PPMIno.LENGTHFOC.SOCPOSall	0.2642812095824129	0.4288930011927251	1	FOC	527	275	horde	NA	NA	bound	527	all	3_3	no	all	4_4	NA	NA	BOW
horde.BOWnobound10lex.PPMIweight.LENGTH5000.SOCPOSnav	-1.085153464274057	-0.22617259602588433	1	5000	5000	273	horde	NA	NA	nobound	583	lex	10_10	weight	nav	4_4	NA	NA	BOW
horde.BOWnobound10lex.PPMIweight.LENGTH5000.SOCPOSall	-0.8088834346695476	-1.2209500459539135	1	5000	5000	273	horde	NA	NA	nobound	583	lex	10_10	weight	all	4_4	NA	NA	BOW
horde.BOWnobound10lex.PPMIweight.LENGTHFOC.SOCPOSnav	-1.1963917610582389	0.09385619468512917	1	FOC	422	273	horde	NA	NA	nobound	583	lex	10_10	weight	nav	4_4	NA	NA	BOW
horde.BOWnobound10lex.PPMIweight.LENGTHFOC.SOCPOSall	-1.1369221017474807	0.0508652866954222	1	FOC	583	273	horde	NA	NA	nobound	583	lex	10_10	weight	all	4_4	NA	NA	BOW
horde.BOWnobound10lex.PPMIselection.LENGTH5000.SOCPOSnav	-1.2699174803641329	0.003052647723542562	1	5000	5000	273	horde	NA	NA	nobound	583	lex	10_10	selection	nav	4_4	NA	NA	BOW
horde.BOWnobound10lex.PPMIselection.LENGTH5000.SOCPOSall	-1.0646914864006862	-1.118944145852636	1	5000	5000	273	horde	NA	NA	nobound	583	lex	10_10	selection	all	4_4	NA	NA	BOW
horde.BOWnobound10lex.PPMIselection.LENGTHFOC.SOCPOSnav	-1.111426722834488	0.2978096449394566	1	FOC	422	273	horde	NA	NA	nobound	583	lex	10_10	selection	nav	4_4	NA	NA	BOW
horde.BOWnobound10lex.PPMIselection.LENGTHFOC.SOCPOSall	-1.0724908185304534	0.27670473337018453	1	FOC	583	273	horde	NA	NA	nobound	583	lex	10_10	selection	all	4_4	NA	NA	BOW
horde.BOWnobound10lex.PPMIno.LENGTH5000.SOCPOSnav	-1.7528136765437106	0.7040096312110454	1	5000	5000	276	horde	NA	NA	nobound	1238	lex	10_10	no	nav	4_4	NA	NA	BOW
horde.BOWnobound10lex.PPMIno.LENGTH5000.SOCPOSall	-2.1217744491365504	-1.0409527504468454	1	5000	5000	276	horde	NA	NA	nobound	1238	lex	10_10	no	all	4_4	NA	NA	BOW
horde.BOWnobound10lex.PPMIno.LENGTHFOC.SOCPOSnav	-1.4801055276589885	0.7735882985865279	1	FOC	894	276	horde	NA	NA	nobound	1238	lex	10_10	no	nav	4_4	NA	NA	BOW
horde.BOWnobound10lex.PPMIno.LENGTHFOC.SOCPOSall	-1.490231597347602	0.7351497847327069	1	FOC	1238	276	horde	NA	NA	nobound	1238	lex	10_10	no	all	4_4	NA	NA	BOW
horde.BOWnobound10all.PPMIweight.LENGTH5000.SOCPOSnav	-0.3966458290695196	-0.324263569948258	1	5000	5000	277	horde	NA	NA	nobound	790	all	10_10	weight	nav	4_4	NA	NA	BOW
horde.BOWnobound10all.PPMIweight.LENGTH5000.SOCPOSall	-0.1919235574673533	-1.1769203804883377	1	5000	5000	277	horde	NA	NA	nobound	790	all	10_10	weight	all	4_4	NA	NA	BOW
horde.BOWnobound10all.PPMIweight.LENGTHFOC.SOCPOSnav	-0.6645273641719219	0.4560631799244442	1	FOC	422	277	horde	NA	NA	nobound	790	all	10_10	weight	nav	4_4	NA	NA	BOW
horde.BOWnobound10all.PPMIweight.LENGTHFOC.SOCPOSall	-0.621759378879612	0.4036983560388953	1	FOC	790	277	horde	NA	NA	nobound	790	all	10_10	weight	all	4_4	NA	NA	BOW
horde.BOWnobound10all.PPMIselection.LENGTH5000.SOCPOSnav	-0.03805706879350175	1.311295693417779	1	5000	5000	277	horde	NA	NA	nobound	790	all	10_10	selection	nav	4_4	NA	NA	BOW
horde.BOWnobound10all.PPMIselection.LENGTH5000.SOCPOSall	-0.3984264289189511	1.333376417630377	1	5000	5000	277	horde	NA	NA	nobound	790	all	10_10	selection	all	4_4	NA	NA	BOW
horde.BOWnobound10all.PPMIselection.LENGTHFOC.SOCPOSnav	-0.40480205590967433	0.8425808220907643	1	FOC	422	277	horde	NA	NA	nobound	790	all	10_10	selection	nav	4_4	NA	NA	BOW
horde.BOWnobound10all.PPMIselection.LENGTHFOC.SOCPOSall	-0.4125265439329776	0.825213235952743	1	FOC	790	277	horde	NA	NA	nobound	790	all	10_10	selection	all	4_4	NA	NA	BOW
horde.BOWnobound10all.PPMIno.LENGTH5000.SOCPOSnav	-0.29214151522370635	1.9597633946450852	1	5000	5000	278	horde	NA	NA	nobound	1723	all	10_10	no	nav	4_4	NA	NA	BOW
horde.BOWnobound10all.PPMIno.LENGTH5000.SOCPOSall	-1.12179369580134	2.299734150650444	1	5000	5000	278	horde	NA	NA	nobound	1723	all	10_10	no	all	4_4	NA	NA	BOW
horde.BOWnobound10all.PPMIno.LENGTHFOC.SOCPOSnav	-0.6270874397836186	1.6474778145961588	1	FOC	894	278	horde	NA	NA	nobound	1723	all	10_10	no	nav	4_4	NA	NA	BOW
horde.BOWnobound10all.PPMIno.LENGTHFOC.SOCPOSall	-0.7461530717981609	1.683586420904672	1	FOC	1723	278	horde	NA	NA	nobound	1723	all	10_10	no	all	4_4	NA	NA	BOW
horde.BOWnobound5lex.PPMIweight.LENGTH5000.SOCPOSnav	-0.8447602192866179	-0.28159210786913574	1	5000	5000	264	horde	NA	NA	nobound	453	lex	5_5	weight	nav	4_4	NA	NA	BOW
horde.BOWnobound5lex.PPMIweight.LENGTH5000.SOCPOSall	-0.6565549376083456	-1.1460286207321027	1	5000	5000	264	horde	NA	NA	nobound	453	lex	5_5	weight	all	4_4	NA	NA	BOW
horde.BOWnobound5lex.PPMIweight.LENGTHFOC.SOCPOSnav	-0.8333627800808976	-0.029042620809825302	1	FOC	330	264	horde	NA	NA	nobound	453	lex	5_5	weight	nav	4_4	NA	NA	BOW
horde.BOWnobound5lex.PPMIweight.LENGTHFOC.SOCPOSall	-0.8079707862341462	-0.06005231038252719	1	FOC	453	264	horde	NA	NA	nobound	453	lex	5_5	weight	all	4_4	NA	NA	BOW
horde.BOWnobound5lex.PPMIselection.LENGTH5000.SOCPOSnav	-0.9311673942920542	-0.2635101748255909	1	5000	5000	264	horde	NA	NA	nobound	453	lex	5_5	selection	nav	4_4	NA	NA	BOW
horde.BOWnobound5lex.PPMIselection.LENGTH5000.SOCPOSall	-0.7346036662074765	-1.060111423602753	1	5000	5000	264	horde	NA	NA	nobound	453	lex	5_5	selection	all	4_4	NA	NA	BOW
horde.BOWnobound5lex.PPMIselection.LENGTHFOC.SOCPOSnav	-0.7664764431151333	0.012501278797068126	1	FOC	330	264	horde	NA	NA	nobound	453	lex	5_5	selection	nav	4_4	NA	NA	BOW
horde.BOWnobound5lex.PPMIselection.LENGTHFOC.SOCPOSall	-0.747881229140827	-0.02288547668679934	1	FOC	453	264	horde	NA	NA	nobound	453	lex	5_5	selection	all	4_4	NA	NA	BOW
horde.BOWnobound5lex.PPMIno.LENGTH5000.SOCPOSnav	-1.4656077949328383	-0.05142714414264068	1	5000	5000	274	horde	NA	NA	nobound	669	lex	5_5	no	nav	4_4	NA	NA	BOW
horde.BOWnobound5lex.PPMIno.LENGTH5000.SOCPOSall	-1.1950885970244238	-1.352731184257468	1	5000	5000	274	horde	NA	NA	nobound	669	lex	5_5	no	all	4_4	NA	NA	BOW
horde.BOWnobound5lex.PPMIno.LENGTHFOC.SOCPOSnav	-1.0935137047387238	0.1887336208138208	1	FOC	494	274	horde	NA	NA	nobound	669	lex	5_5	no	nav	4_4	NA	NA	BOW
horde.BOWnobound5lex.PPMIno.LENGTHFOC.SOCPOSall	-1.1268198946892645	0.17223566646762195	1	FOC	669	274	horde	NA	NA	nobound	669	lex	5_5	no	all	4_4	NA	NA	BOW
horde.BOWnobound5all.PPMIweight.LENGTH5000.SOCPOSnav	-0.15476330746146477	-0.21956440244110506	1	5000	5000	276	horde	NA	NA	nobound	614	all	5_5	weight	nav	4_4	NA	NA	BOW
horde.BOWnobound5all.PPMIweight.LENGTH5000.SOCPOSall	-0.030630691177238004	-1.019163099804006	1	5000	5000	276	horde	NA	NA	nobound	614	all	5_5	weight	all	4_4	NA	NA	BOW
horde.BOWnobound5all.PPMIweight.LENGTHFOC.SOCPOSnav	-0.3470473539555686	0.1219368834590521	1	FOC	330	276	horde	NA	NA	nobound	614	all	5_5	weight	nav	4_4	NA	NA	BOW
horde.BOWnobound5all.PPMIweight.LENGTHFOC.SOCPOSall	-0.3264957352906831	0.08740409374864025	1	FOC	614	276	horde	NA	NA	nobound	614	all	5_5	weight	all	4_4	NA	NA	BOW
horde.BOWnobound5all.PPMIselection.LENGTH5000.SOCPOSnav	0.4373036447543384	0.839211265372698	1	5000	5000	276	horde	NA	NA	nobound	614	all	5_5	selection	nav	4_4	NA	NA	BOW
horde.BOWnobound5all.PPMIselection.LENGTH5000.SOCPOSall	0.490568669526734	-0.923261498761019	1	5000	5000	276	horde	NA	NA	nobound	614	all	5_5	selection	all	4_4	NA	NA	BOW
horde.BOWnobound5all.PPMIselection.LENGTHFOC.SOCPOSnav	-0.06834765856948843	0.3896787558087316	1	FOC	330	276	horde	NA	NA	nobound	614	all	5_5	selection	nav	4_4	NA	NA	BOW
horde.BOWnobound5all.PPMIselection.LENGTHFOC.SOCPOSall	-0.06958417796987777	0.37217386595739477	1	FOC	614	276	horde	NA	NA	nobound	614	all	5_5	selection	all	4_4	NA	NA	BOW
horde.BOWnobound5all.PPMIno.LENGTH5000.SOCPOSnav	0.4341197770064867	1.276443069827846	1	5000	5000	278	horde	NA	NA	nobound	932	all	5_5	no	nav	4_4	NA	NA	BOW
horde.BOWnobound5all.PPMIno.LENGTH5000.SOCPOSall	0.7436100482303598	-1.629174102416381	1	5000	5000	278	horde	NA	NA	nobound	932	all	5_5	no	all	4_4	NA	NA	BOW
horde.BOWnobound5all.PPMIno.LENGTHFOC.SOCPOSnav	-0.045295128743160856	0.8539313256371033	1	FOC	494	278	horde	NA	NA	nobound	932	all	5_5	no	nav	4_4	NA	NA	BOW
horde.BOWnobound5all.PPMIno.LENGTHFOC.SOCPOSall	-0.11821147305492198	0.8916515934232324	1	FOC	932	278	horde	NA	NA	nobound	932	all	5_5	no	all	4_4	NA	NA	BOW
horde.BOWnobound3lex.PPMIweight.LENGTH5000.SOCPOSnav	-0.5946437308383498	-0.3266806911284696	1	5000	5000	252	horde	NA	NA	nobound	333	lex	3_3	weight	nav	4_4	NA	NA	BOW
horde.BOWnobound3lex.PPMIweight.LENGTH5000.SOCPOSall	-0.38905696189246713	-1.1196189361263003	1	5000	5000	252	horde	NA	NA	nobound	333	lex	3_3	weight	all	4_4	NA	NA	BOW
horde.BOWnobound3lex.PPMIweight.LENGTHFOC.SOCPOSnav	-0.6020659769106783	-0.10243740372648635	1	FOC	247	252	horde	NA	NA	nobound	333	lex	3_3	weight	nav	4_4	NA	NA	BOW
horde.BOWnobound3lex.PPMIweight.LENGTHFOC.SOCPOSall	-0.5529002151608337	-0.11564905552584442	1	FOC	333	252	horde	NA	NA	nobound	333	lex	3_3	weight	all	4_4	NA	NA	BOW
horde.BOWnobound3lex.PPMIselection.LENGTH5000.SOCPOSnav	-0.6790916495209776	-0.35727451280272304	1	5000	5000	252	horde	NA	NA	nobound	333	lex	3_3	selection	nav	4_4	NA	NA	BOW
horde.BOWnobound3lex.PPMIselection.LENGTH5000.SOCPOSall	-0.42555474262800397	-1.1346119268357722	1	5000	5000	252	horde	NA	NA	nobound	333	lex	3_3	selection	all	4_4	NA	NA	BOW
horde.BOWnobound3lex.PPMIselection.LENGTHFOC.SOCPOSnav	-0.5913516234764167	-0.057112337530625855	1	FOC	247	252	horde	NA	NA	nobound	333	lex	3_3	selection	nav	4_4	NA	NA	BOW
horde.BOWnobound3lex.PPMIselection.LENGTHFOC.SOCPOSall	-0.5597969937590901	-0.07593204184987078	1	FOC	333	252	horde	NA	NA	nobound	333	lex	3_3	selection	all	4_4	NA	NA	BOW
horde.BOWnobound3lex.PPMIno.LENGTH5000.SOCPOSnav	-1.1776421254336251	-0.30878345940629737	1	5000	5000	263	horde	NA	NA	nobound	415	lex	3_3	no	nav	4_4	NA	NA	BOW
horde.BOWnobound3lex.PPMIno.LENGTH5000.SOCPOSall	-0.68187556791397	-1.4629939313238447	1	5000	5000	263	horde	NA	NA	nobound	415	lex	3_3	no	all	4_4	NA	NA	BOW
horde.BOWnobound3lex.PPMIno.LENGTHFOC.SOCPOSnav	-0.9013681620670914	0.06884298931078489	1	FOC	309	263	horde	NA	NA	nobound	415	lex	3_3	no	nav	4_4	NA	NA	BOW
horde.BOWnobound3lex.PPMIno.LENGTHFOC.SOCPOSall	-0.8964788320795841	0.04021783091829312	1	FOC	415	263	horde	NA	NA	nobound	415	lex	3_3	no	all	4_4	NA	NA	BOW
horde.BOWnobound3all.PPMIweight.LENGTH5000.SOCPOSnav	0.11876095158561745	-0.34271027837237966	1	5000	5000	275	horde	NA	NA	nobound	434	all	3_3	weight	nav	4_4	NA	NA	BOW
horde.BOWnobound3all.PPMIweight.LENGTH5000.SOCPOSall	0.23780541233823171	-1.1011890093334562	1	5000	5000	275	horde	NA	NA	nobound	434	all	3_3	weight	all	4_4	NA	NA	BOW
horde.BOWnobound3all.PPMIweight.LENGTHFOC.SOCPOSnav	-0.1609689859865295	-0.06540050265730911	1	FOC	247	275	horde	NA	NA	nobound	434	all	3_3	weight	nav	4_4	NA	NA	BOW
horde.BOWnobound3all.PPMIweight.LENGTHFOC.SOCPOSall	-0.12151858421710461	-0.1005280578861482	1	FOC	434	275	horde	NA	NA	nobound	434	all	3_3	weight	all	4_4	NA	NA	BOW
horde.BOWnobound3all.PPMIselection.LENGTH5000.SOCPOSnav	0.8695991319555052	0.4481683094176802	1	5000	5000	275	horde	NA	NA	nobound	434	all	3_3	selection	nav	4_4	NA	NA	BOW
horde.BOWnobound3all.PPMIselection.LENGTH5000.SOCPOSall	0.8605038839615946	-0.8511054008946144	1	5000	5000	275	horde	NA	NA	nobound	434	all	3_3	selection	all	4_4	NA	NA	BOW
horde.BOWnobound3all.PPMIselection.LENGTHFOC.SOCPOSnav	0.1877443385288209	0.21320836441312985	1	FOC	247	275	horde	NA	NA	nobound	434	all	3_3	selection	nav	4_4	NA	NA	BOW
horde.BOWnobound3all.PPMIselection.LENGTHFOC.SOCPOSall	0.20632431864123876	0.1591889838046681	1	FOC	434	275	horde	NA	NA	nobound	434	all	3_3	selection	all	4_4	NA	NA	BOW
horde.BOWnobound3all.PPMIno.LENGTH5000.SOCPOSnav	0.9717303633600869	0.7070081768861448	1	5000	5000	275	horde	NA	NA	nobound	568	all	3_3	no	nav	4_4	NA	NA	BOW
horde.BOWnobound3all.PPMIno.LENGTH5000.SOCPOSall	1.194396173170643	-1.0281795325610381	1	5000	5000	275	horde	NA	NA	nobound	568	all	3_3	no	all	4_4	NA	NA	BOW
horde.BOWnobound3all.PPMIno.LENGTHFOC.SOCPOSnav	0.25265228698323716	0.4926000085640687	1	FOC	309	275	horde	NA	NA	nobound	568	all	3_3	no	nav	4_4	NA	NA	BOW
horde.BOWnobound3all.PPMIno.LENGTHFOC.SOCPOSall	0.2395976314192695	0.47414394439292074	1	FOC	568	275	horde	NA	NA	nobound	568	all	3_3	no	all	4_4	NA	NA	BOW
horde.LEMMAPATHselection2.PPMIweight.LENGTH5000.SOCPOSnav	0.31175816680511037	-0.2548647495629239	1	5000	5000	275	horde	selection2	NA	bound	395	NA	NA	weight	nav	4_4	NA	NA	dependency
horde.LEMMAPATHselection2.PPMIweight.LENGTH5000.SOCPOSall	0.457229400140888	-1.0513652882481792	1	5000	5000	275	horde	selection2	NA	bound	395	NA	NA	weight	all	4_4	NA	NA	dependency
horde.LEMMAPATHselection2.PPMIweight.LENGTHFOC.SOCPOSnav	0.02716820760721135	-0.058765077768619146	1	FOC	234	275	horde	selection2	NA	bound	395	NA	NA	weight	nav	4_4	NA	NA	dependency
horde.LEMMAPATHselection2.PPMIweight.LENGTHFOC.SOCPOSall	0.05365000798616484	-0.07962995569262271	1	FOC	395	275	horde	selection2	NA	bound	395	NA	NA	weight	all	4_4	NA	NA	dependency
horde.LEMMAPATHselection2.PPMIselection.LENGTH5000.SOCPOSnav	0.902364552349367	0.2825725252408337	1	5000	5000	275	horde	selection2	NA	bound	395	NA	NA	selection	nav	4_4	NA	NA	dependency
horde.LEMMAPATHselection2.PPMIselection.LENGTH5000.SOCPOSall	1.0296721576757812	-0.5372992522390312	1	5000	5000	275	horde	selection2	NA	bound	395	NA	NA	selection	all	4_4	NA	NA	dependency
horde.LEMMAPATHselection2.PPMIselection.LENGTHFOC.SOCPOSnav	0.3719442898562393	0.18207292858711294	1	FOC	234	275	horde	selection2	NA	bound	395	NA	NA	selection	nav	4_4	NA	NA	dependency
horde.LEMMAPATHselection2.PPMIselection.LENGTHFOC.SOCPOSall	0.38240950037618526	0.14741366142723109	1	FOC	395	275	horde	selection2	NA	bound	395	NA	NA	selection	all	4_4	NA	NA	dependency
horde.LEMMAPATHselection2.PPMIno.LENGTH5000.SOCPOSnav	1.114983898638515	0.5878275457976001	1	5000	5000	277	horde	selection2	NA	bound	587	NA	NA	no	nav	4_4	NA	NA	dependency
horde.LEMMAPATHselection2.PPMIno.LENGTH5000.SOCPOSall	1.5374508695485019	-0.5560553728528524	1	5000	5000	277	horde	selection2	NA	bound	587	NA	NA	no	all	4_4	NA	NA	dependency
horde.LEMMAPATHselection2.PPMIno.LENGTHFOC.SOCPOSnav	0.48340944763581545	0.43589458500681744	1	FOC	319	277	horde	selection2	NA	bound	587	NA	NA	no	nav	4_4	NA	NA	dependency
horde.LEMMAPATHselection2.PPMIno.LENGTHFOC.SOCPOSall	0.48378514254670585	0.39239476302810833	1	FOC	587	277	horde	selection2	NA	bound	587	NA	NA	no	all	4_4	NA	NA	dependency
horde.LEMMAPATHselection3.PPMIweight.LENGTH5000.SOCPOSnav	0.12023359414268496	-0.26542833004146105	1	5000	5000	277	horde	selection3	NA	bound	537	NA	NA	weight	nav	4_4	NA	NA	dependency
horde.LEMMAPATHselection3.PPMIweight.LENGTH5000.SOCPOSall	0.23596167568142343	-0.9977605325504879	1	5000	5000	277	horde	selection3	NA	bound	537	NA	NA	weight	all	4_4	NA	NA	dependency
horde.LEMMAPATHselection3.PPMIweight.LENGTHFOC.SOCPOSnav	-0.13033498318771145	0.02753328911016098	1	FOC	293	277	horde	selection3	NA	bound	537	NA	NA	weight	nav	4_4	NA	NA	dependency
horde.LEMMAPATHselection3.PPMIweight.LENGTHFOC.SOCPOSall	-0.10738324446564267	-0.011276298184573081	1	FOC	537	277	horde	selection3	NA	bound	537	NA	NA	weight	all	4_4	NA	NA	dependency
horde.LEMMAPATHselection3.PPMIselection.LENGTH5000.SOCPOSnav	0.8143732436220581	0.6259152172472473	1	5000	5000	277	horde	selection3	NA	bound	537	NA	NA	selection	nav	4_4	NA	NA	dependency
horde.LEMMAPATHselection3.PPMIselection.LENGTH5000.SOCPOSall	0.8837152181477077	-0.6619980050055071	1	5000	5000	277	horde	selection3	NA	bound	537	NA	NA	selection	all	4_4	NA	NA	dependency
horde.LEMMAPATHselection3.PPMIselection.LENGTHFOC.SOCPOSnav	0.1892559241632982	0.3511310857219481	1	FOC	293	277	horde	selection3	NA	bound	537	NA	NA	selection	nav	4_4	NA	NA	dependency
horde.LEMMAPATHselection3.PPMIselection.LENGTHFOC.SOCPOSall	0.2043511159483454	0.3126394064430605	1	FOC	537	277	horde	selection3	NA	bound	537	NA	NA	selection	all	4_4	NA	NA	dependency
horde.LEMMAPATHselection3.PPMIno.LENGTH5000.SOCPOSnav	0.9971511269269594	0.9960624467294522	1	5000	5000	277	horde	selection3	NA	bound	939	NA	NA	no	nav	4_4	NA	NA	dependency
horde.LEMMAPATHselection3.PPMIno.LENGTH5000.SOCPOSall	1.6415342155616341	-0.7945621826264123	1	5000	5000	277	horde	selection3	NA	bound	939	NA	NA	no	all	4_4	NA	NA	dependency
horde.LEMMAPATHselection3.PPMIno.LENGTHFOC.SOCPOSnav	0.3457661381783227	0.7610866445506322	1	FOC	470	277	horde	selection3	NA	bound	939	NA	NA	no	nav	4_4	NA	NA	dependency
horde.LEMMAPATHselection3.PPMIno.LENGTHFOC.SOCPOSall	0.32427707057654526	0.8107624194521448	1	FOC	939	277	horde	selection3	NA	bound	939	NA	NA	no	all	4_4	NA	NA	dependency
horde.LEMMAPATHweight.PPMIselection.LENGTH5000.SOCPOSnav	0.8143732436220581	0.6259152172472472	1	5000	5000	277	horde	weight	NA	bound	537	NA	NA	selection	nav	4_4	NA	NA	dependency
horde.LEMMAPATHweight.PPMIselection.LENGTH5000.SOCPOSall	0.8837152181477077	-0.6619980050055071	1	5000	5000	277	horde	weight	NA	bound	537	NA	NA	selection	all	4_4	NA	NA	dependency
horde.LEMMAPATHweight.PPMIselection.LENGTHFOC.SOCPOSnav	0.1892559241632982	0.3511310857219481	1	FOC	293	277	horde	weight	NA	bound	537	NA	NA	selection	nav	4_4	NA	NA	dependency
horde.LEMMAPATHweight.PPMIselection.LENGTHFOC.SOCPOSall	0.2043511159483454	0.3126394064430605	1	FOC	537	277	horde	weight	NA	bound	537	NA	NA	selection	all	4_4	NA	NA	dependency
horde.LEMMAPATHweight.PPMIno.LENGTH5000.SOCPOSnav	1.1127298038047273	0.5499156482871729	1	5000	5000	277	horde	weight	NA	bound	939	NA	NA	no	nav	4_4	NA	NA	dependency
horde.LEMMAPATHweight.PPMIno.LENGTH5000.SOCPOSall	1.4593105192904345	-0.37660464243753905	1	5000	5000	277	horde	weight	NA	bound	939	NA	NA	no	all	4_4	NA	NA	dependency
horde.LEMMAPATHweight.PPMIno.LENGTHFOC.SOCPOSnav	0.5201156940183677	0.400567666354251	1	FOC	470	277	horde	weight	NA	bound	939	NA	NA	no	nav	4_4	NA	NA	dependency
horde.LEMMAPATHweight.PPMIno.LENGTHFOC.SOCPOSall	0.5245893353380975	0.3845856240658013	1	FOC	939	277	horde	weight	NA	bound	939	NA	NA	no	all	4_4	NA	NA	dependency
horde.LEMMAREL1.PPMIweight.LENGTH5000.SOCPOSnav	0.9906738429325677	-0.03500194569356251	1	5000	5000	262	horde	NA	group1	bound	184	NA	NA	weight	nav	4_4	NA	NA	dependency
horde.LEMMAREL1.PPMIweight.LENGTH5000.SOCPOSall	1.2404774534405838	-0.7154807504609221	1	5000	5000	262	horde	NA	group1	bound	184	NA	NA	weight	all	4_4	NA	NA	dependency
horde.LEMMAREL1.PPMIweight.LENGTHFOC.SOCPOSnav	0.8609446836033634	-0.06628780115411194	1	FOC	122	262	horde	NA	group1	bound	184	NA	NA	weight	nav	4_4	NA	NA	dependency
horde.LEMMAREL1.PPMIweight.LENGTHFOC.SOCPOSall	0.8482499453712448	-0.06187340388813941	1	FOC	184	262	horde	NA	group1	bound	184	NA	NA	weight	all	4_4	NA	NA	dependency
horde.LEMMAREL1.PPMIselection.LENGTH5000.SOCPOSnav	1.2627534071951352	0.25406792719714244	1	5000	5000	262	horde	NA	group1	bound	184	NA	NA	selection	nav	4_4	NA	NA	dependency
horde.LEMMAREL1.PPMIselection.LENGTH5000.SOCPOSall	1.4834084285107871	-0.23640763980735593	1	5000	5000	262	horde	NA	group1	bound	184	NA	NA	selection	all	4_4	NA	NA	dependency
horde.LEMMAREL1.PPMIselection.LENGTHFOC.SOCPOSnav	1.0539906457867494	0.21363445790025437	1	FOC	122	262	horde	NA	group1	bound	184	NA	NA	selection	nav	4_4	NA	NA	dependency
horde.LEMMAREL1.PPMIselection.LENGTHFOC.SOCPOSall	1.0306241616818812	0.16552771960207233	1	FOC	184	262	horde	NA	group1	bound	184	NA	NA	selection	all	4_4	NA	NA	dependency
horde.LEMMAREL1.PPMIno.LENGTH5000.SOCPOSnav	1.5262478681267337	0.4169461471409698	1	5000	5000	270	horde	NA	group1	bound	232	NA	NA	no	nav	4_4	NA	NA	dependency
horde.LEMMAREL1.PPMIno.LENGTH5000.SOCPOSall	1.8099386947950167	-0.1990684465740439	1	5000	5000	270	horde	NA	group1	bound	232	NA	NA	no	all	4_4	NA	NA	dependency
horde.LEMMAREL1.PPMIno.LENGTHFOC.SOCPOSnav	1.2005764228720786	0.35843433017482107	1	FOC	146	270	horde	NA	group1	bound	232	NA	NA	no	nav	4_4	NA	NA	dependency
horde.LEMMAREL1.PPMIno.LENGTHFOC.SOCPOSall	1.17357867644314	0.2970623322430594	1	FOC	232	270	horde	NA	group1	bound	232	NA	NA	no	all	4_4	NA	NA	dependency
horde.LEMMAREL2.PPMIweight.LENGTH5000.SOCPOSnav	0.706011097982076	-0.19611995663001464	1	5000	5000	264	horde	NA	group2	bound	249	NA	NA	weight	nav	4_4	NA	NA	dependency
horde.LEMMAREL2.PPMIweight.LENGTH5000.SOCPOSall	0.8302040337340646	-1.0094514783583937	1	5000	5000	264	horde	NA	group2	bound	249	NA	NA	weight	all	4_4	NA	NA	dependency
horde.LEMMAREL2.PPMIweight.LENGTHFOC.SOCPOSnav	0.43674574334831456	-0.14949816856895276	1	FOC	165	264	horde	NA	group2	bound	249	NA	NA	weight	nav	4_4	NA	NA	dependency
horde.LEMMAREL2.PPMIweight.LENGTHFOC.SOCPOSall	0.43972057534153264	-0.17210331192360295	1	FOC	249	264	horde	NA	group2	bound	249	NA	NA	weight	all	4_4	NA	NA	dependency
horde.LEMMAREL2.PPMIselection.LENGTH5000.SOCPOSnav	1.126725775649233	0.18770351842557145	1	5000	5000	264	horde	NA	group2	bound	249	NA	NA	selection	nav	4_4	NA	NA	dependency
horde.LEMMAREL2.PPMIselection.LENGTH5000.SOCPOSall	1.2462824344154466	-0.42099367298772483	1	5000	5000	264	horde	NA	group2	bound	249	NA	NA	selection	all	4_4	NA	NA	dependency
horde.LEMMAREL2.PPMIselection.LENGTHFOC.SOCPOSnav	0.7243572358678635	0.1274766915165288	1	FOC	165	264	horde	NA	group2	bound	249	NA	NA	selection	nav	4_4	NA	NA	dependency
horde.LEMMAREL2.PPMIselection.LENGTHFOC.SOCPOSall	0.7132586147362336	0.09027033257649208	1	FOC	249	264	horde	NA	group2	bound	249	NA	NA	selection	all	4_4	NA	NA	dependency
horde.LEMMAREL2.PPMIno.LENGTH5000.SOCPOSnav	1.3660747946661695	0.3522247733235465	1	5000	5000	271	horde	NA	group2	bound	312	NA	NA	no	nav	4_4	NA	NA	dependency
horde.LEMMAREL2.PPMIno.LENGTH5000.SOCPOSall	1.5689002594657775	-0.3374387857301592	1	5000	5000	271	horde	NA	group2	bound	312	NA	NA	no	all	4_4	NA	NA	dependency
horde.LEMMAREL2.PPMIno.LENGTHFOC.SOCPOSnav	0.8362813379639933	0.23225845814683238	1	FOC	199	271	horde	NA	group2	bound	312	NA	NA	no	nav	4_4	NA	NA	dependency
horde.LEMMAREL2.PPMIno.LENGTHFOC.SOCPOSall	0.8155177379053153	0.17883200858284395	1	FOC	312	271	horde	NA	group2	bound	312	NA	NA	no	all	4_4	NA	NA	dependency
horde.LEMMAREL3.PPMIweight.LENGTH5000.SOCPOSnav	0.5742831913911974	-0.2100102232345505	1	5000	5000	265	horde	NA	group3	bound	313	NA	NA	weight	nav	4_4	NA	NA	dependency
horde.LEMMAREL3.PPMIweight.LENGTH5000.SOCPOSall	0.716106757420662	-0.9996182978247167	1	5000	5000	265	horde	NA	group3	bound	313	NA	NA	weight	all	4_4	NA	NA	dependency
horde.LEMMAREL3.PPMIweight.LENGTHFOC.SOCPOSnav	0.2541039254643596	-0.1001246830941408	1	FOC	196	265	horde	NA	group3	bound	313	NA	NA	weight	nav	4_4	NA	NA	dependency
horde.LEMMAREL3.PPMIweight.LENGTHFOC.SOCPOSall	0.2678277348244179	-0.1198061879012312	1	FOC	313	265	horde	NA	group3	bound	313	NA	NA	weight	all	4_4	NA	NA	dependency
horde.LEMMAREL3.PPMIselection.LENGTH5000.SOCPOSnav	1.005668247462283	0.19494457083508804	1	5000	5000	265	horde	NA	group3	bound	313	NA	NA	selection	nav	4_4	NA	NA	dependency
horde.LEMMAREL3.PPMIselection.LENGTH5000.SOCPOSall	1.1552792479289968	-0.4884210375531648	1	5000	5000	265	horde	NA	group3	bound	313	NA	NA	selection	all	4_4	NA	NA	dependency
horde.LEMMAREL3.PPMIselection.LENGTHFOC.SOCPOSnav	0.5323495670996518	0.13723250047693106	1	FOC	196	265	horde	NA	group3	bound	313	NA	NA	selection	nav	4_4	NA	NA	dependency
horde.LEMMAREL3.PPMIselection.LENGTHFOC.SOCPOSall	0.5436597235216686	0.11025050960343509	1	FOC	313	265	horde	NA	group3	bound	313	NA	NA	selection	all	4_4	NA	NA	dependency
horde.LEMMAREL3.PPMIno.LENGTH5000.SOCPOSnav	1.3255173982603574	0.3962447671646143	1	5000	5000	271	horde	NA	group3	bound	425	NA	NA	no	nav	4_4	NA	NA	dependency
horde.LEMMAREL3.PPMIno.LENGTH5000.SOCPOSall	1.6565638610823552	-0.42252256284180106	1	5000	5000	271	horde	NA	group3	bound	425	NA	NA	no	all	4_4	NA	NA	dependency
horde.LEMMAREL3.PPMIno.LENGTHFOC.SOCPOSnav	0.6881103020462723	0.30228131714788464	1	FOC	244	271	horde	NA	group3	bound	425	NA	NA	no	nav	4_4	NA	NA	dependency
horde.LEMMAREL3.PPMIno.LENGTHFOC.SOCPOSall	0.692600227481704	0.26168034561882125	1	FOC	425	271	horde	NA	group3	bound	425	NA	NA	no	all	4_4	NA	NA	dependency
